# Blender v3.6.9 OBJ File: 'droideka.blend'
# www.blender.org
mtllib droideka.mtl
o jorodox_jorodoxShape
v -0.037993 2.071928 0.497736
v 0.002904 2.082728 0.498774
v -0.037845 2.052097 0.607604
v 0.002904 2.062388 0.610497
v 0.002903 2.019886 0.711532
v 0.042800 2.052191 0.606694
v 0.186738 2.013556 0.596768
v 0.042410 2.072712 0.497491
v -0.045611 2.048455 0.494314
v -0.042878 2.029516 0.598832
v -0.187377 2.032476 0.493943
v -0.181661 2.018468 0.490619
v 0.002904 2.067233 0.495097
v 0.002904 2.047337 0.604729
v 0.049723 2.049045 0.494367
v 0.049302 2.029208 0.598748
v 0.181215 1.999950 0.591554
v 0.193183 2.032476 0.493943
v 0.187466 2.018468 0.490619
v -0.193822 2.040301 0.426595
v -0.187912 2.025892 0.425161
v 0.199627 2.040301 0.426595
v 0.193717 2.025892 0.425161
v -0.180933 2.013556 0.596768
v -0.175410 1.999950 0.591554
v 0.222416 1.986811 0.195190
v 0.215821 1.974008 0.201370
v 0.211021 2.026579 0.308318
v 0.204769 2.012672 0.310743
v -0.205217 2.026579 0.308318
v -0.198964 2.012672 0.310743
v -0.216611 1.986811 0.195190
v -0.210016 1.974008 0.201370
v 0.180294 1.971845 0.702084
v 0.174964 1.958466 0.694886
v 0.173850 1.915805 0.800200
v 0.168714 1.903002 0.791206
v -0.174489 1.971845 0.702084
v -0.131425 1.906085 0.818588
v -0.168044 1.915805 0.800200
v -0.045315 2.003556 0.181279
v 0.046783 2.003556 0.181279
v -0.062724 1.885825 0.292722
v 0.064192 1.885825 0.292722
v -0.042229 1.817078 0.349492
v 0.045499 1.817078 0.349492
v -0.045315 1.948275 0.120369
v 0.046783 1.948275 0.120369
v 0.064192 1.830544 0.225899
v -0.169159 1.958466 0.694886
v -0.162908 1.903002 0.791206
v -0.220639 1.921958 0.082741
v -0.213923 1.911194 0.092282
v -0.224666 1.835588 -0.014793
v -0.217829 1.827329 -0.002304
v 0.218658 1.911194 0.092282
v 0.225374 1.921958 0.082741
v 0.221495 1.827329 -0.002304
v 0.228332 1.835588 -0.014793
v -0.062724 1.830544 0.225899
v 0.045499 1.761797 0.282669
v -0.042229 1.761797 0.282669
v -0.127408 1.887532 0.806646
v -0.128451 1.785321 0.939832
v -0.119218 1.902845 0.824717
v -0.104578 1.785321 0.939830
v -0.107012 1.899605 0.830846
v 0.137351 1.905411 0.818516
v 0.133407 1.888122 0.806698
v 0.134378 1.785321 0.939832
v 0.133407 1.771723 0.925483
v 0.002903 2.005086 0.703569
v 0.109869 1.878201 0.817026
v 0.002903 1.947634 0.795169
v 0.074562 1.863321 0.832518
v -0.068241 1.861749 0.832378
v 0.002903 1.816840 0.872108
v -0.012480 1.796759 0.901491
v 0.125184 1.901946 0.824621
v 0.110584 1.785322 0.939830
v 0.113018 1.898481 0.830726
v 0.002903 1.961796 0.805119
v -0.070392 1.889884 0.849233
v 0.002903 1.794206 0.949449
v -0.050193 1.791065 0.941997
v -0.103741 1.877219 0.816939
v -0.103741 1.771722 0.925483
v 0.121638 1.883161 0.811862
v 0.109869 1.771722 0.925483
v 0.136319 1.765456 0.928161
v 0.106740 1.765456 0.928161
v 0.076519 1.888087 0.849041
v 0.058135 1.790547 0.941529
v 0.056731 1.781741 0.925333
v -0.127408 1.771723 0.925483
v -0.110116 1.885825 0.292722
v -0.108954 1.830544 0.225899
v -0.105013 1.817078 0.349492
v -0.077967 1.754380 0.390304
v -0.028690 1.754380 0.390304
v -0.063933 1.619029 0.477542
v -0.024149 1.619029 0.477542
v 0.111692 1.885825 0.292722
v 0.108282 1.817078 0.349492
v 0.027244 1.754380 0.390304
v 0.076521 1.754380 0.390304
v 0.022704 1.619029 0.477542
v 0.062487 1.619029 0.477542
v 0.112116 1.830544 0.225899
v 0.108282 1.761797 0.282669
v -0.115575 1.882375 0.811792
v -0.114237 1.863007 0.265041
v -0.114237 1.821499 0.217775
v -0.114237 1.873782 0.288862
v -0.114237 1.844509 0.327747
v -0.114237 1.867372 0.314981
v -0.150086 1.873782 0.288862
v -0.150086 1.844509 0.327747
v -0.150086 1.863007 0.265041
v -0.150086 1.821541 0.325560
v -0.150086 1.821499 0.217775
v -0.150086 1.769427 0.287128
v -0.150086 1.761933 0.167218
v -0.150086 1.716914 0.239217
v -0.150086 1.659431 0.101578
v -0.150086 1.638595 0.156668
v -0.150086 1.867372 0.314981
v -0.114237 1.821541 0.325560
v -0.114237 1.769427 0.287128
v -0.114850 1.716914 0.239228
v -0.114850 1.638595 0.156668
v 0.151554 1.867372 0.314981
v 0.151554 1.873782 0.288862
v 0.151554 1.844509 0.327747
v 0.151554 1.863007 0.265041
v 0.151554 1.821541 0.325560
v 0.151554 1.821499 0.217775
v 0.151554 1.769427 0.287128
v 0.151554 1.761933 0.167218
v 0.151554 1.716914 0.239217
v 0.151554 1.659431 0.101578
v 0.151554 1.638595 0.156668
v 0.115705 1.863007 0.265041
v 0.115705 1.821499 0.217775
v 0.116318 1.761933 0.167218
v 0.116318 1.659431 0.101920
v 0.115705 1.873782 0.288862
v 0.115705 1.867372 0.314981
v 0.115705 1.844509 0.327747
v 0.115705 1.821541 0.325560
v 0.115705 1.769427 0.287128
v -0.049139 1.782174 0.925712
v -0.224666 1.730805 -0.082620
v -0.217829 1.725784 -0.067863
v -0.224666 1.612781 -0.128375
v -0.217829 1.611215 -0.111987
v -0.105013 1.761797 0.282669
v -0.028690 1.707793 0.334537
v -0.077967 1.707793 0.334537
v -0.024149 1.603263 0.458088
v -0.063933 1.603263 0.458088
v 0.076521 1.707793 0.334537
v 0.027244 1.707793 0.334537
v 0.062487 1.603263 0.458088
v 0.022704 1.603263 0.458088
v 0.221495 1.725784 -0.067863
v 0.228332 1.730805 -0.082620
v 0.221495 1.611215 -0.111987
v 0.228332 1.612781 -0.128375
v -0.114850 1.761933 0.167218
v -0.114850 1.659431 0.101920
v 0.016096 1.796543 0.901302
v 0.002903 1.785069 0.932582
v -0.131635 1.782544 0.946193
v -0.101635 1.782545 0.946190
v -0.131635 1.751899 0.976321
v -0.101635 1.751900 0.976318
v 0.107638 1.782545 0.946190
v 0.137539 1.782544 0.946193
v 0.107638 1.751900 0.976318
v 0.137539 1.751899 0.976321
v -0.100584 1.765456 0.928161
v -0.100584 1.734811 0.958289
v 0.136319 1.734811 0.958289
v -0.130324 1.765456 0.928161
v -0.130324 1.734811 0.958289
v 0.116318 1.716914 0.239228
v 0.106740 1.734811 0.958289
v 0.116318 1.638595 0.156668
v -0.161457 1.691505 0.121368
v -0.161457 1.637378 0.112606
v -0.161457 1.694337 0.148215
v -0.161457 1.628412 0.131230
v -0.161457 1.677498 0.169020
v -0.161457 1.628887 0.152129
v -0.161457 1.638293 0.163415
v 0.162628 1.651021 0.172156
v 0.162628 1.638293 0.163415
v 0.162628 1.677498 0.169020
v 0.162628 1.628887 0.152129
v 0.162630 1.694337 0.148215
v 0.162630 1.628412 0.131230
v 0.162631 1.691505 0.121368
v 0.162631 1.637378 0.112606
v -0.161457 1.670748 0.104440
v 0.162627 1.670748 0.104440
v -0.161457 1.651021 0.172156
v -0.017766 1.590244 0.355623
v 0.017441 1.590244 0.355623
v -0.017766 1.640985 0.428111
v 0.017441 1.640985 0.428111
v -0.017766 1.640985 0.498000
v 0.017441 1.640985 0.498000
v -0.016052 1.623150 0.559142
v 0.015728 1.623150 0.559142
v -0.036220 1.633989 0.164688
v 0.036220 1.633989 0.164688
v -0.036220 1.632625 0.312757
v 0.036220 1.632625 0.312757
v -0.036220 1.607211 0.330088
v 0.036220 1.607211 0.330088
v -0.034457 1.582133 0.318148
v 0.034457 1.582133 0.318148
v -0.034457 1.575376 0.285551
v 0.034457 1.575376 0.285551
v -0.033576 1.546751 0.263920
v 0.033575 1.546751 0.263920
v -0.032694 1.518126 0.126759
v 0.032694 1.518126 0.126759
v 0.098740 1.632068 0.518778
v 0.094955 1.632068 0.612430
v 0.020989 1.632068 0.518778
v 0.024773 1.632068 0.612430
v -0.089147 1.632068 0.612430
v -0.092931 1.632068 0.518778
v -0.018964 1.632068 0.612430
v -0.015180 1.632068 0.518778
v -0.027396 1.617910 -0.197916
v -0.087287 1.617024 -0.185346
v -0.027396 1.616275 -0.181020
v -0.084296 1.614936 -0.167865
v 0.033204 1.617910 -0.197916
v 0.033204 1.616275 -0.181020
v 0.091232 1.617024 -0.185346
v 0.088204 1.614936 -0.167865
v -0.127896 1.615353 -0.169739
v -0.182896 1.613928 -0.148026
v -0.123359 1.613685 -0.152745
v -0.178296 1.612567 -0.130760
v 0.133704 1.615353 -0.169739
v 0.129168 1.613685 -0.152745
v 0.186504 1.613928 -0.148026
v 0.182004 1.612567 -0.130760
v 0.253337 1.600645 0.563920
v 0.254733 1.600492 0.538411
v 0.525111 1.573121 0.563920
v 0.525111 1.573121 0.540288
v -0.247560 1.600571 0.563920
v -0.248956 1.600416 0.538411
v -0.228263 1.570987 0.572355
v -0.229659 1.570832 0.529331
v 0.234052 1.571054 0.572355
v 0.235448 1.570900 0.529331
v -0.519322 1.572939 0.563920
v -0.519322 1.572939 0.540288
v -0.011549 1.591131 0.407180
v -0.011246 1.589995 0.428739
v -0.024325 1.546751 0.352687
v -0.023686 1.518126 0.365720
v -0.032694 1.518126 0.242289
v 0.011548 1.591131 0.407180
v 0.011245 1.589995 0.428739
v 0.024324 1.546751 0.352687
v -0.017766 1.590244 0.490561
v 0.017441 1.590244 0.490561
v 0.023686 1.518126 0.365720
v 0.032694 1.518126 0.242289
v -0.559284 1.590464 0.645948
v -0.542527 1.586069 0.645948
v -0.558250 1.589807 0.629355
v -0.541493 1.585412 0.629355
v 0.570098 1.589357 0.645818
v 0.569024 1.588863 0.629170
v 0.554555 1.584791 0.645818
v 0.553480 1.584297 0.629170
v 0.089041 1.585390 0.572355
v 0.089041 1.585390 0.526395
v -0.083258 1.585380 0.572355
v -0.083258 1.585380 0.526395
v -0.069820 1.544596 0.168922
v -0.069820 1.520890 0.243070
v -0.102405 1.552414 0.144471
v -0.102405 1.513869 0.265028
v -0.176799 1.521230 0.242004
v -0.143855 1.513564 0.265983
v 0.147249 1.551860 0.146201
v 0.192841 1.532750 0.205972
v 0.105880 1.552414 0.144471
v 0.180276 1.521230 0.242004
v 0.147249 1.513641 0.265744
v -0.176799 1.545052 0.167495
v -0.143855 1.551922 0.146009
v -0.189611 1.532743 0.205996
v 0.500326 1.541874 0.514053
v 0.500326 1.541874 0.586416
v 0.459690 1.528671 0.514053
v 0.459690 1.528671 0.586416
v 0.434577 1.494105 0.514053
v 0.434577 1.494105 0.586416
v -0.500300 1.541874 0.514053
v -0.500300 1.541874 0.586416
v -0.540935 1.528671 0.514053
v -0.540935 1.528671 0.586416
v -0.566049 1.494105 0.514053
v -0.566049 1.494105 0.586416
v 0.073480 1.520940 0.242913
v 0.073480 1.544561 0.169031
v 0.105880 1.513869 0.265028
v 0.180276 1.545052 0.167495
v 0.059902 1.533141 0.204749
v 0.101266 2.072437 0.424561
v 0.106962 2.057974 0.291458
v 0.112659 2.016107 0.164235
v 0.114138 1.946609 0.045395
v 0.115617 1.854527 -0.056913
v 0.124660 1.741799 -0.125286
v 0.002904 2.091974 0.422528
v 0.002903 2.076491 0.281218
v 0.002903 2.032802 0.146230
v 0.002903 1.960760 0.021302
v 0.002903 1.865521 -0.086051
v 0.002903 1.749308 -0.157476
v 0.133688 1.483269 -0.196741
v 0.091214 1.481289 -0.212531
v 0.133673 1.348659 -0.196729
v 0.091196 1.343114 -0.212020
v 0.133688 1.216666 -0.167844
v 0.091196 1.207474 -0.183132
v 0.133704 1.093688 -0.113196
v 0.091196 1.081247 -0.127819
v -0.092504 2.057263 0.423051
v -0.098031 2.043329 0.294013
v -0.103557 2.002624 0.170743
v -0.105510 1.935273 0.055443
v -0.107462 1.845829 -0.043761
v -0.115411 1.736501 -0.109879
v 0.002904 2.076034 0.420941
v 0.002903 2.061107 0.283901
v 0.002903 2.018640 0.153067
v 0.002903 1.948852 0.031857
v 0.002904 1.856384 -0.072236
v 0.002904 1.743754 -0.141151
v -0.123359 1.486436 -0.179189
v -0.084296 1.484532 -0.194561
v -0.123359 1.356525 -0.179379
v -0.084296 1.351547 -0.194338
v -0.123359 1.228027 -0.151105
v -0.084296 1.220229 -0.165808
v -0.123359 1.108053 -0.097794
v -0.084296 1.097772 -0.111604
v -0.012480 1.528923 1.159242
v 0.002903 1.534813 1.166978
v -0.012480 1.521387 1.166102
v 0.002903 1.530713 1.178058
v -0.012480 1.481816 1.201259
v 0.002903 1.491143 1.213215
v 0.017064 1.528818 1.159277
v 0.002903 1.523067 1.151789
v 0.017064 1.521237 1.166152
v 0.002903 1.511643 1.153618
v 0.017064 1.481667 1.201309
v 0.002903 1.472073 1.188774
v 0.210572 1.691505 0.121368
v 0.210572 1.670471 0.104327
v 0.210567 1.694337 0.148215
v 0.210563 1.651021 0.172156
v 0.210563 1.677498 0.169020
v -0.209394 1.691505 0.121368
v -0.209394 1.694337 0.148215
v -0.209394 1.670471 0.104327
v -0.209394 1.677498 0.169020
v -0.209394 1.651021 0.172156
v 0.162634 1.681817 0.059038
v -0.161457 1.681817 0.059038
v 0.162634 1.419498 -0.042982
v -0.161457 1.419498 -0.042982
v -0.161457 1.495888 0.045061
v -0.161457 1.484722 0.020630
v -0.161457 1.409792 -0.003801
v 0.210563 1.384514 0.086607
v 0.210572 1.495888 0.045061
v 0.210565 1.355994 0.064926
v 0.210572 1.409792 -0.003801
v 0.210567 1.351022 0.029249
v 0.210569 1.372607 0.000169
v -0.520183 1.664495 0.600506
v -0.504796 1.657909 0.600506
v -0.549031 1.618191 0.666362
v -0.533645 1.611604 0.666362
v -0.588453 1.502163 0.666638
v -0.572292 1.497810 0.666638
v -0.601053 1.386206 0.666913
v -0.584345 1.385221 0.666913
v 0.536688 1.662832 0.600506
v 0.561427 1.618615 0.545990
v 0.562761 1.614910 0.666362
v 0.520941 1.657163 0.600506
v 0.545680 1.612945 0.545990
v 0.601069 1.468830 0.546459
v 0.584680 1.465436 0.546459
v 0.584037 1.319147 0.546929
v 0.532552 1.390363 0.546929
v -0.532095 1.615224 0.545990
v -0.547482 1.621811 0.545990
v -0.579711 1.470266 0.546459
v -0.595872 1.474619 0.546459
v -0.604388 1.325179 0.546929
v 0.547014 1.609240 0.666362
v 0.578895 1.493369 0.666638
v 0.595284 1.496763 0.666638
v 0.586460 1.380137 0.666913
v 0.603197 1.380137 0.666913
v -0.161457 1.384514 0.086607
v 0.162628 1.384514 0.086607
v 0.017441 1.454693 0.490194
v 0.015728 1.355380 0.558910
v 0.017441 1.356512 0.489826
v 0.020989 1.284143 0.527340
v 0.024773 1.284143 0.612430
v -0.079827 1.284143 0.612430
v -0.018964 1.284143 0.612430
v -0.015180 1.284143 0.527340
v -0.083611 1.284143 0.527340
v 0.085636 1.284143 0.612430
v 0.089420 1.284143 0.527340
v -0.016052 1.355380 0.558910
v -0.590633 1.497406 0.646132
v -0.597598 1.451533 0.646315
v -0.598379 1.450755 0.629214
v -0.591255 1.494390 0.628901
v -0.027396 1.480160 -0.226397
v -0.027396 1.482635 -0.208584
v -0.027396 1.340019 -0.226581
v -0.027396 1.346497 -0.208623
v 0.088204 1.484532 -0.194561
v 0.088204 1.351547 -0.194338
v 0.033204 1.482635 -0.208584
v 0.033213 1.480160 -0.226397
v 0.033204 1.346497 -0.208623
v 0.033222 1.340019 -0.226581
v -0.127896 1.483269 -0.196741
v -0.127896 1.348659 -0.196729
v -0.087287 1.481289 -0.212531
v -0.087287 1.343114 -0.212020
v 0.186520 1.484932 -0.174363
v 0.181986 1.487805 -0.156580
v 0.186537 1.353338 -0.174655
v 0.181969 1.360321 -0.157125
v 0.129168 1.486436 -0.179189
v 0.129168 1.356525 -0.179379
v -0.224666 1.486174 -0.154534
v -0.217829 1.488502 -0.137366
v -0.224666 1.356915 -0.155506
v -0.217829 1.363036 -0.138303
v 0.228332 1.486174 -0.154534
v 0.228332 1.356915 -0.155506
v 0.228332 1.230362 -0.127409
v 0.186520 1.224627 -0.145906
v 0.228332 1.112231 -0.075300
v 0.186504 1.104587 -0.092345
v -0.178300 1.487805 -0.156580
v -0.182884 1.484932 -0.174363
v -0.178303 1.360321 -0.157125
v -0.182872 1.353338 -0.174655
v -0.217829 1.240376 -0.111057
v -0.178300 1.235101 -0.129426
v -0.217829 1.125704 -0.060506
v -0.178296 1.118099 -0.077628
v 0.221495 1.488502 -0.137366
v 0.221495 1.363036 -0.138303
v 0.505826 1.543529 0.572355
v 0.089041 1.462743 0.574833
v -0.500026 1.543355 0.532498
v -0.083209 1.462734 0.523917
v -0.017766 1.454693 0.490194
v -0.573982 1.491486 0.628901
v -0.580509 1.450670 0.628923
v 0.592711 1.497116 0.645856
v 0.579513 1.494383 0.645856
v 0.600515 1.451410 0.645894
v 0.585605 1.451410 0.645894
v -0.573360 1.494502 0.646132
v -0.579960 1.450876 0.646315
v 0.089041 1.462743 0.523917
v -0.083209 1.462734 0.574833
v 0.584172 1.491058 0.629234
v 0.597370 1.493791 0.629234
v 0.584410 1.449841 0.630903
v 0.598564 1.451088 0.629299
v 0.505826 1.543529 0.532498
v 0.431281 1.462299 0.574833
v 0.431281 1.462299 0.530020
v -0.500026 1.543355 0.572355
v -0.425449 1.462154 0.530020
v -0.425449 1.462154 0.574833
v -0.102405 1.371840 0.086738
v -0.069820 1.364022 0.111189
v -0.056426 1.533141 0.204749
v -0.056426 1.352567 0.147017
v 0.059902 1.352567 0.147017
v 0.073480 1.363987 0.111299
v 0.105880 1.371840 0.086738
v 0.147249 1.371286 0.088468
v 0.180276 1.364478 0.109762
v 0.192841 1.352176 0.148239
v 0.180276 1.340657 0.184271
v 0.147249 1.333066 0.208011
v 0.105880 1.333295 0.207295
v 0.073480 1.340366 0.185180
v -0.459665 1.528671 0.586416
v -0.434551 1.494105 0.586416
v -0.434551 1.451378 0.586416
v -0.459665 1.528671 0.514053
v -0.566049 1.451378 0.514053
v -0.434551 1.494105 0.514053
v 0.540960 1.528671 0.586416
v 0.540960 1.528671 0.514053
v 0.566074 1.494105 0.586416
v 0.566074 1.494105 0.514053
v 0.566074 1.451378 0.586416
v 0.434577 1.451378 0.514053
v -0.069820 1.340316 0.185337
v -0.102405 1.333295 0.207295
v -0.143855 1.332990 0.208251
v -0.176799 1.340657 0.184271
v -0.189611 1.352169 0.148263
v -0.176799 1.364478 0.109762
v -0.143855 1.371348 0.088276
v -0.587333 1.342318 0.559150
v 0.600774 1.319147 0.546929
v 0.162630 1.495888 0.045061
v 0.162627 1.670471 0.104327
v 0.162631 1.484722 0.020630
v -0.209394 1.495888 0.045061
v -0.209394 1.384514 0.086607
v -0.209394 1.409792 -0.003801
v -0.209394 1.355994 0.064926
v -0.209394 1.372607 0.000169
v -0.209394 1.351022 0.029249
v 0.584756 1.337261 0.559150
v 0.585195 1.440757 0.557896
v -0.540935 1.416812 0.514053
v -0.434551 1.451378 0.514053
v -0.500300 1.403609 0.514053
v -0.459665 1.416812 0.514053
v -0.459665 1.416812 0.586416
v -0.566049 1.451378 0.586416
v -0.540935 1.416812 0.586416
v -0.500300 1.403609 0.586416
v 0.459690 1.416812 0.514053
v 0.566074 1.451378 0.514053
v 0.500326 1.403609 0.514053
v 0.540960 1.416812 0.514053
v 0.434577 1.451378 0.586416
v 0.459690 1.416812 0.586416
v 0.540960 1.416812 0.586416
v 0.500326 1.403609 0.586416
v -0.579622 1.445117 0.573584
v -0.581678 1.445660 0.557896
v -0.528106 1.470790 0.552686
v -0.532093 1.392255 0.546929
v -0.587681 1.324193 0.546929
v 0.533195 1.468996 0.552686
v -0.017766 1.356512 0.489826
v -0.125965 1.454693 0.490194
v -0.125965 1.356512 0.489826
v -0.125965 1.454693 0.352815
v 0.133855 1.454693 0.352815
v 0.133855 1.454693 0.490194
v 0.133855 1.356512 0.352448
v -0.125965 1.356512 0.352448
v 0.133855 1.356512 0.489826
v -0.146475 1.408015 -0.005706
v -0.151084 1.414171 -0.027877
v 0.145275 1.414171 -0.027877
v 0.162632 1.409792 -0.003801
v 0.140479 1.407661 -0.004387
v 0.463198 1.417925 0.573196
v 0.463199 1.417891 0.527169
v 0.537473 1.417926 0.573197
v 0.537474 1.417891 0.527170
v 0.537473 1.331246 0.573600
v 0.537474 1.331211 0.526896
v 0.463198 1.331246 0.573598
v 0.463199 1.331211 0.526895
v -0.463224 1.417737 0.573662
v -0.463224 1.331058 0.574037
v -0.537499 1.417737 0.573662
v -0.537499 1.331058 0.574037
v -0.463224 1.417718 0.527635
v -0.537499 1.417718 0.527635
v -0.463224 1.331038 0.527333
v -0.537499 1.331038 0.527333
v -0.151084 1.278630 -0.062382
v 0.145275 1.278630 -0.062382
v -0.161457 1.372607 0.000169
v -0.161457 1.351022 0.029249
v -0.161457 1.355994 0.064926
v 0.130851 1.386762 0.074071
v -0.136659 1.386762 0.074071
v -0.136659 1.252296 0.039842
v 0.162631 1.372607 0.000169
v 0.162630 1.351022 0.029249
v 0.162629 1.355994 0.064926
v 0.221495 1.240376 -0.111057
v 0.221495 1.125704 -0.060506
v -0.182884 1.224627 -0.145906
v -0.182896 1.104587 -0.092345
v -0.224666 1.230362 -0.127409
v -0.224666 1.112231 -0.075300
v 0.129168 1.228027 -0.151105
v 0.129168 1.108053 -0.097794
v 0.181986 1.235101 -0.129426
v 0.182004 1.118099 -0.077628
v -0.087287 1.207474 -0.183132
v -0.087287 1.081247 -0.127819
v -0.127896 1.216666 -0.167844
v -0.127896 1.093688 -0.113196
v 0.033204 1.212097 -0.180944
v 0.033208 1.200133 -0.198686
v 0.033204 1.086910 -0.126935
v 0.033195 1.069978 -0.143693
v 0.088204 1.220229 -0.165808
v 0.088204 1.097772 -0.111604
v -0.027396 1.200133 -0.198686
v -0.027396 1.212097 -0.180944
v -0.027396 1.069978 -0.143693
v -0.027396 1.086910 -0.126935
v 0.585494 1.303398 0.573621
v 0.593892 1.194091 0.573703
v 0.546965 1.164502 0.573725
v 0.585495 1.303363 0.526918
v 0.453708 1.164501 0.573723
v 0.471040 0.990794 0.573854
v 0.529635 0.990794 0.573855
v 0.415178 1.303362 0.526915
v 0.406781 1.194055 0.526997
v 0.453709 1.164466 0.527020
v 0.546966 1.164467 0.527021
v 0.529635 0.990759 0.527151
v 0.593893 1.194056 0.527000
v 0.415177 1.303397 0.573619
v -0.546990 1.164313 0.574107
v -0.453734 1.164313 0.574107
v -0.529659 0.990606 0.574180
v -0.471064 0.990606 0.574180
v -0.415203 1.303209 0.574048
v -0.415203 1.303189 0.527345
v -0.406806 1.193902 0.574094
v -0.585520 1.303189 0.527345
v -0.593918 1.193883 0.527391
v -0.546990 1.164293 0.527403
v -0.585520 1.303209 0.574048
v -0.453734 1.164293 0.527403
v -0.471064 0.990586 0.527477
v -0.529659 0.990586 0.527477
v 0.514592 1.317463 0.615067
v 0.484493 1.317463 0.615067
v 0.524011 1.301635 0.574486
v 0.475076 1.301635 0.574486
v 0.514592 1.144490 0.682535
v 0.524011 1.128532 0.641620
v 0.484493 1.144490 0.682534
v -0.484520 1.317245 0.615534
v -0.475102 1.301431 0.574947
v -0.484519 1.144248 0.682940
v -0.475102 1.128304 0.642019
v -0.514619 1.317245 0.615534
v -0.524037 1.301431 0.574947
v -0.514619 1.144248 0.682940
v 0.406780 1.194090 0.573700
v -0.406806 1.193883 0.527391
v -0.593918 1.193902 0.574094
v 0.475076 1.128531 0.641619
v -0.524037 1.128304 0.642019
v 0.120684 1.736501 -0.109879
v 0.112200 1.845829 -0.043761
v 0.110781 1.935273 0.055443
v 0.109362 2.002624 0.170743
v 0.103836 2.043329 0.294013
v 0.098311 2.057263 0.423051
v 0.002904 1.617321 -0.185459
v 0.002904 1.481274 -0.213892
v 0.002904 1.342787 -0.214569
v 0.002904 1.206798 -0.186110
v 0.002904 1.080251 -0.131097
v -0.119389 1.741799 -0.125286
v -0.110882 1.854527 -0.056913
v -0.108868 1.946609 0.045395
v -0.106854 2.016107 0.164235
v -0.101157 2.057974 0.291458
v -0.095459 2.072437 0.424561
v 0.002903 1.619053 -0.203587
v 0.002903 1.478698 -0.232882
v 0.002903 1.336015 -0.233599
v 0.002903 1.195720 -0.205080
v 0.002903 1.065347 -0.149186
v -0.512260 1.217702 0.646482
v -0.486878 1.217701 0.646481
v -0.512259 0.908358 0.767131
v -0.486877 0.908358 0.767130
v -0.481128 1.206839 0.618629
v -0.481127 0.897495 0.739278
v 0.512233 1.217700 0.646486
v 0.517983 1.206837 0.618634
v 0.512233 0.908356 0.767134
v 0.517984 0.897493 0.739281
v 0.486851 1.217700 0.646486
v 0.486851 0.908356 0.767134
v -0.518011 1.206839 0.618630
v -0.518010 0.897495 0.739279
v 0.481100 1.206837 0.618634
v 0.481100 0.897493 0.739282
v 0.471041 0.990759 0.527150
v -0.159095 0.973219 -0.143751
v -0.159095 0.973219 -0.120875
v -0.329866 1.068574 -0.083616
v -0.313690 1.068574 -0.067440
v -0.520849 0.991056 -0.008892
v -0.504673 0.991056 0.007284
v 0.543590 1.029784 0.538621
v 0.458654 1.029784 0.538621
v 0.543590 1.016437 0.514039
v 0.458654 1.016437 0.514039
v 0.543590 0.992587 0.499424
v 0.458654 0.992587 0.499424
v 0.543590 0.964625 0.498691
v 0.458654 0.964625 0.498691
v 0.543590 0.940043 0.512038
v 0.458654 0.940043 0.512038
v 0.425470 1.016823 0.541732
v 0.425470 1.006768 0.523214
v 0.425470 0.988801 0.512204
v 0.425470 0.967737 0.511652
v 0.425470 0.949218 0.521707
v 0.458654 0.925428 0.535888
v 0.425470 0.938208 0.539674
v 0.458654 0.924696 0.563850
v 0.425470 0.937657 0.560739
v -0.458669 1.029784 0.538621
v -0.543604 1.029784 0.538621
v -0.458669 1.016437 0.514039
v -0.543604 1.016437 0.514039
v -0.458669 0.992587 0.499424
v -0.543604 0.992587 0.499424
v -0.458669 0.964625 0.498691
v -0.543604 0.964625 0.498691
v -0.458669 0.940043 0.512038
v -0.543604 0.940043 0.512038
v -0.576788 1.016823 0.541732
v -0.576788 1.006768 0.523214
v -0.576788 0.988801 0.512204
v -0.576788 0.967737 0.511652
v -0.576788 0.949218 0.521707
v -0.543604 0.925428 0.535888
v -0.576788 0.938208 0.539674
v -0.543604 0.924696 0.563850
v -0.576788 0.937656 0.560739
v -0.425484 1.016823 0.541732
v -0.425484 0.988801 0.512204
v -0.425484 1.016271 0.562797
v -0.425484 0.967737 0.511652
v -0.425484 1.005261 0.580764
v -0.425484 0.949218 0.521707
v -0.425484 0.938208 0.539674
v 0.576774 1.016823 0.541732
v 0.576774 0.988801 0.512204
v 0.576774 1.016271 0.562797
v 0.576774 0.967737 0.511652
v 0.576774 1.005261 0.580764
v 0.576774 0.949218 0.521707
v 0.576774 0.938208 0.539674
v -0.576788 1.016271 0.562797
v -0.543604 1.029052 0.566583
v -0.576788 1.005261 0.580764
v -0.543604 1.014437 0.590433
v -0.576788 0.986743 0.590819
v -0.543604 0.989854 0.603780
v -0.576788 0.965678 0.590267
v -0.543604 0.961892 0.603047
v -0.458669 1.029052 0.566583
v -0.458669 1.014437 0.590433
v -0.458669 0.989855 0.603780
v -0.458669 0.961892 0.603047
v -0.458669 0.924696 0.563850
v -0.458669 0.925428 0.535888
v 0.425470 1.016271 0.562797
v 0.458654 1.029052 0.566583
v 0.425470 1.005261 0.580764
v 0.458654 1.014437 0.590433
v 0.425470 0.986743 0.590819
v 0.458654 0.989855 0.603780
v 0.425470 0.965678 0.590267
v 0.458654 0.961892 0.603047
v 0.543590 1.029052 0.566583
v 0.543590 1.014437 0.590433
v 0.543590 0.989855 0.603780
v 0.543590 0.961892 0.603047
v 0.458654 0.938043 0.588432
v 0.576774 1.006768 0.523214
v 0.543590 0.925428 0.535888
v 0.576774 0.937657 0.560739
v 0.543590 0.924696 0.563850
v -0.425484 1.006768 0.523214
v -0.425484 0.937657 0.560739
v -0.533048 0.905339 -0.019277
v -0.516872 0.905339 -0.003101
v 0.504673 0.991056 0.007284
v 0.520849 0.991056 -0.008892
v 0.516872 0.905339 -0.003101
v 0.533048 0.905339 -0.019277
v 0.329866 1.068574 -0.083616
v 0.313690 1.068574 -0.067440
v 0.159095 0.973219 -0.143751
v 0.159095 0.973219 -0.120875
v -0.514694 0.987831 0.743944
v -0.524161 0.971681 0.702536
v -0.484442 0.987831 0.743944
v -0.474977 0.971680 0.702535
v 0.514668 0.987829 0.743948
v 0.484416 0.987829 0.743948
v 0.524134 0.971679 0.702539
v 0.474950 0.971679 0.702539
v -0.576788 0.947711 0.579257
v -0.425484 0.965678 0.590267
v -0.425484 0.986743 0.590819
v 0.425470 0.947711 0.579257
v 0.576774 0.965678 0.590267
v 0.576774 0.986743 0.590819
v -0.425484 0.947711 0.579257
v 0.576774 0.947711 0.579257
v -0.209394 1.484722 0.020630
v 0.210572 1.484722 0.020630
v 0.130851 1.252296 0.039842
v -0.136659 1.067979 0.025657
v 0.130851 1.067979 0.025658
v -0.136659 0.875923 0.037525
v 0.130851 0.875905 0.037770
v -0.136659 0.693868 0.200962
v 0.130851 0.693868 0.200962
v 0.145275 1.093031 -0.076873
v -0.151084 1.093031 -0.076873
v 0.145275 0.897080 -0.060600
v -0.151084 0.896822 -0.060901
v 0.145275 0.693868 -0.001353
v -0.151084 0.693868 -0.001353
v 0.283021 0.731759 -0.152308
v 0.160378 0.733803 -0.120875
v -0.160378 0.733803 -0.120875
v -0.283021 0.731759 -0.152308
v -0.299197 0.731759 -0.168483
v 0.299197 0.731759 -0.168483
v -0.484442 0.866607 0.791223
v -0.474977 0.842514 0.749814
v -0.514694 0.866607 0.791223
v 0.514669 0.866605 0.791226
v 0.524134 0.842513 0.749817
v 0.484416 0.866605 0.791226
v -0.160378 0.733803 -0.143751
v 0.160378 0.733803 -0.143751
v -0.524161 0.842514 0.749815
v 0.474951 0.842513 0.749818
v -0.430408 0.823716 0.718703
v -0.430408 0.801466 0.695332
v -0.544469 0.823716 0.718702
v -0.572144 0.823716 0.718701
v 0.457804 0.823764 0.718635
v 0.430128 0.823764 0.718635
v 0.571865 0.823765 0.718637
v 0.571865 0.801513 0.695267
v -0.458084 0.823716 0.718703
v 0.544189 0.823765 0.718637
v 0.457805 0.801512 0.695266
v -0.544468 0.801466 0.695330
v 0.430129 0.801512 0.695265
v -0.572144 0.801466 0.695330
v -0.458083 0.801466 0.695331
v 0.544190 0.801513 0.695267
v -0.167679 0.923345 0.072946
v -0.140873 0.897856 0.198916
v -0.237683 0.825103 0.072946
v -0.217180 0.825103 0.208621
v -0.263390 0.710693 0.072946
v -0.226387 0.710693 0.227962
v -0.228102 0.581446 0.072946
v -0.196057 0.581446 0.208621
v -0.131694 0.486831 0.072946
v -0.113193 0.486831 0.155779
v 0.000001 0.452200 0.072946
v -0.065847 0.486831 0.198916
v 0.065849 0.486831 0.198916
v 0.000001 0.486831 0.227961
v 0.114053 0.581446 0.291133
v 0.000001 0.581446 0.333644
v 0.131697 0.710693 0.324887
v 0.000002 0.710693 0.372326
v -0.140873 0.897856 -0.053025
v -0.140386 0.833600 -0.041972
v -0.166705 0.833600 0.072946
v -0.140386 0.833600 0.187863
v -0.141334 0.825103 0.291133
v -0.140491 0.772806 0.271988
v -0.131694 0.710693 0.324887
v -0.129302 0.674733 0.302780
v -0.114051 0.581446 0.291133
v 0.140619 0.897345 -0.053025
v 0.140122 0.833089 -0.041972
v 0.138313 0.825103 -0.145242
v 0.137451 0.772806 -0.126097
v 0.131697 0.710693 -0.178995
v 0.129304 0.674733 -0.156889
v 0.140619 0.897345 0.198916
v 0.234492 0.825103 0.072946
v 0.213621 0.825103 0.208621
v 0.226389 0.710693 0.227962
v 0.461406 0.843050 0.843766
v 0.461406 0.842991 1.025466
v 0.442311 0.857722 0.843766
v 0.442458 0.857570 1.025466
v 0.411028 0.857256 0.843766
v 0.411028 0.857170 1.025466
v 0.383904 0.834387 0.843758
v 0.383904 0.834335 1.025458
v 0.383904 0.790869 0.843689
v 0.383904 0.790817 1.025389
v 0.411028 0.768080 0.843681
v 0.411028 0.767993 1.025381
v 0.440780 0.767765 0.843681
v 0.440783 0.767758 1.025381
v 0.461406 0.782283 0.843681
v 0.461406 0.782225 1.025381
v -0.442210 0.857165 0.843765
v -0.461292 0.782284 0.843681
v -0.411308 0.857257 0.843765
v -0.443320 0.768263 0.843681
v -0.383484 0.791122 0.843689
v -0.411308 0.768080 0.843681
v -0.590891 0.857257 0.843765
v -0.618715 0.834134 0.843757
v -0.557524 0.856554 0.843765
v -0.618715 0.791122 0.843689
v -0.540905 0.843050 0.843765
v -0.590891 0.768080 0.843681
v -0.540905 0.782284 0.843681
v -0.559987 0.767066 0.843681
v -0.540905 0.842991 1.025466
v -0.557546 0.856478 1.025466
v -0.590891 0.857170 1.025466
v -0.618715 0.834082 1.025458
v -0.618715 0.791070 1.025389
v -0.590891 0.767994 1.025381
v -0.559076 0.767388 1.025381
v -0.540905 0.782225 1.025381
v -0.461292 0.843143 0.686386
v -0.540905 0.843143 0.686386
v -0.461292 0.782377 0.686301
v -0.540905 0.782377 0.686301
v -0.540905 0.843109 0.761370
v -0.461292 0.843109 0.761370
v -0.461292 0.843050 0.843765
v -0.461292 0.842991 1.025466
v -0.540905 0.842949 1.119274
v -0.461292 0.842949 1.119274
v -0.538759 0.842945 1.129724
v -0.463439 0.842945 1.129724
v 0.539593 0.843143 0.686386
v 0.461406 0.843143 0.686386
v 0.539593 0.782377 0.686301
v 0.461406 0.782377 0.686301
v 0.461406 0.843109 0.761371
v 0.539593 0.843109 0.761371
v 0.539593 0.843050 0.843766
v 0.539593 0.842991 1.025466
v 0.461406 0.842949 1.119274
v 0.539593 0.842949 1.119274
v 0.463860 0.842944 1.129724
v 0.537139 0.842944 1.129724
v 0.461406 0.782343 0.761286
v -0.540905 0.782344 0.761285
v 0.539593 0.782343 0.761286
v 0.539593 0.782283 0.843681
v -0.461292 0.782344 0.761285
v 0.561862 0.767786 0.843681
v 0.589970 0.768080 0.843681
v 0.557576 0.857231 0.843766
v 0.617094 0.790869 0.843689
v 0.589970 0.857256 0.843766
v 0.617094 0.834387 0.843758
v 0.539593 0.841111 1.129716
v 0.539593 0.783929 1.129647
v 0.461406 0.841111 1.129716
v 0.537139 0.782178 1.129639
v 0.461406 0.783929 1.129647
v 0.463860 0.782178 1.129639
v -0.461292 0.783930 1.129647
v -0.463439 0.782178 1.129639
v -0.461292 0.841111 1.129716
v -0.538759 0.782178 1.129639
v -0.540905 0.783930 1.129647
v -0.540905 0.841111 1.129716
v -0.140491 0.772806 -0.126097
v -0.141334 0.825103 -0.145242
v -0.129302 0.674733 -0.156889
v -0.131694 0.710693 -0.178995
v 0.167012 0.833089 0.072946
v -0.000151 0.833345 0.215294
v -0.001742 0.772806 0.311703
v -0.001017 0.674733 0.302780
v 0.168007 0.922835 0.072946
v 0.140122 0.833089 0.187863
v 0.137451 0.772806 0.271988
v 0.138313 0.825103 0.291133
v 0.129304 0.674733 0.302780
v -0.582355 0.831694 1.238740
v -0.577184 0.826334 1.436693
v -0.590493 0.823556 1.238732
v -0.585322 0.818196 1.436685
v -0.590493 0.805011 1.238713
v -0.585322 0.810127 1.436676
v 0.560185 0.831689 1.238741
v 0.566733 0.826328 1.436694
v 0.552047 0.823551 1.238733
v 0.558595 0.818190 1.436686
v 0.552047 0.805006 1.238714
v 0.558595 0.810122 1.436677
v 0.586002 0.823551 1.238733
v 0.580831 0.818190 1.436686
v 0.577864 0.831689 1.238741
v 0.572693 0.826328 1.436694
v -0.440351 0.831592 1.238740
v -0.433841 0.826262 1.436693
v -0.448443 0.823500 1.238732
v -0.441933 0.818170 1.436685
v -0.448443 0.805060 1.238713
v -0.441933 0.810148 1.436676
v -0.414681 0.823500 1.238732
v -0.419823 0.818170 1.436685
v -0.422773 0.831592 1.238740
v -0.427915 0.826262 1.436693
v 0.419710 0.831590 1.238741
v 0.424852 0.826260 1.436694
v 0.411618 0.823498 1.238733
v 0.416760 0.818168 1.436686
v 0.411618 0.805058 1.238714
v 0.416760 0.810145 1.436677
v 0.445379 0.823498 1.238733
v 0.438869 0.818168 1.436686
v 0.437288 0.831590 1.238741
v 0.430777 0.826260 1.436694
v -0.569173 0.826334 1.436693
v -0.564676 0.831694 1.238740
v -0.561731 0.818255 1.436685
v -0.556538 0.823556 1.238732
v -0.561731 0.810068 1.436676
v -0.556538 0.805011 1.238713
v -0.569173 0.801989 1.436668
v -0.560525 0.797017 1.244265
v 0.580831 0.810122 1.436677
v 0.572693 0.801984 1.436669
v 0.566733 0.801984 1.436669
v 0.263392 0.710693 0.072946
v 0.196060 0.581446 0.208621
v 0.228105 0.581446 0.072946
v 0.113196 0.486831 0.155779
v 0.131697 0.486831 0.072946
v 0.586002 0.805006 1.238714
v 0.577864 0.796868 1.238705
v -0.419823 0.810148 1.436676
v -0.427915 0.802056 1.436668
v -0.433841 0.802056 1.436668
v -0.414681 0.805060 1.238713
v -0.422773 0.796968 1.238705
v 0.438869 0.810145 1.436677
v 0.445379 0.805058 1.238714
v 0.430777 0.802053 1.436669
v 0.437288 0.796966 1.238705
v 0.424852 0.802053 1.436669
v -0.440351 0.796968 1.238705
v 0.419710 0.796966 1.238705
v -0.582355 0.796873 1.238705
v -0.577184 0.801989 1.436668
v -0.564676 0.796873 1.238705
v 0.560185 0.796868 1.238705
v 0.033296 0.794831 -0.096151
v -0.033296 0.794831 -0.096151
v 0.020903 0.776868 -0.240612
v -0.020903 0.776868 -0.240612
v 0.294490 0.755731 0.261347
v 0.276639 0.671480 0.248407
v 0.187141 0.794831 0.193875
v 0.166591 0.644645 0.181247
v -0.315734 0.755731 0.230376
v -0.297884 0.671480 0.217436
v -0.198011 0.794831 0.128815
v -0.177468 0.644645 0.116179
v 0.199364 0.794831 0.128854
v 0.317041 0.755731 0.230478
v -0.185994 0.794831 0.193552
v -0.293315 0.755731 0.261064
v 0.020903 0.671055 -0.236933
v 0.033296 0.644645 -0.071675
v -0.540905 0.782183 1.119189
v -0.559659 0.767925 1.129639
v -0.461292 0.782183 1.119189
v -0.461292 0.782225 1.025381
v -0.442539 0.767925 1.129639
v -0.443006 0.768033 1.025381
v 0.461406 0.782182 1.119189
v 0.440786 0.767753 1.129639
v 0.411028 0.767924 1.129639
v 0.383904 0.790775 1.129647
v 0.383904 0.834293 1.129716
v 0.411028 0.857101 1.129724
v 0.442960 0.857101 1.129724
v 0.539593 0.782182 1.119189
v 0.539593 0.782225 1.025381
v 0.043721 0.779289 -0.406926
v 0.047772 0.744831 -0.356700
v -0.043721 0.779289 -0.406926
v -0.047772 0.744831 -0.356700
v 0.043721 0.699911 -0.600992
v -0.043721 0.699911 -0.600992
v 0.043721 0.549055 -0.783997
v -0.043721 0.549055 -0.783997
v -0.047772 0.706645 -0.357040
v -0.043721 0.618941 -0.341094
v -0.029019 0.566207 -0.557705
v -0.021058 0.487231 -0.701326
v -0.047772 0.777731 -0.337312
v -0.047772 0.796530 -0.304073
v -0.047772 0.653678 -0.267155
v -0.047772 0.654018 -0.305341
v -0.047772 0.673405 -0.338241
v -0.047772 0.672477 -0.233915
v -0.047772 0.796190 -0.265887
v -0.047772 0.705377 -0.214528
v -0.047772 0.776803 -0.232986
v -0.047772 0.743563 -0.214188
v -0.020903 0.671055 -0.236933
v -0.033296 0.644645 -0.072348
v 0.047772 0.776803 -0.232986
v 0.047772 0.796190 -0.265887
v 0.047772 0.796530 -0.304073
v 0.047772 0.777731 -0.337312
v 0.047772 0.743563 -0.214188
v 0.047772 0.705377 -0.214528
v -0.001520 0.772806 -0.126097
v 0.351443 0.771053 0.215658
v 0.324793 0.751666 0.196367
v 0.382375 0.771393 0.238050
v 0.309565 0.718426 0.185344
v 0.309840 0.680240 0.185543
v -0.262737 0.751666 0.273761
v -0.247509 0.718426 0.262738
v -0.289387 0.771053 0.293053
v -0.263489 0.647340 0.274306
v -0.320320 0.771393 0.315444
v -0.290415 0.628541 0.293797
v -0.362950 0.719695 0.346303
v -0.363225 0.681509 0.346503
v -0.590891 0.767925 1.129639
v -0.618715 0.791029 1.129647
v -0.618715 0.834041 1.129716
v -0.590891 0.857102 1.129724
v -0.559659 0.857102 1.129724
v 0.561860 0.767787 1.025381
v 0.589970 0.767993 1.025381
v 0.617094 0.790817 1.025389
v 0.617094 0.834335 1.025458
v 0.589970 0.857170 1.025466
v 0.558982 0.857765 1.025466
v 0.561856 0.767787 1.129639
v 0.589970 0.767924 1.129639
v 0.617094 0.790775 1.129647
v 0.617094 0.834293 1.129716
v 0.589970 0.857101 1.129724
v 0.558039 0.857101 1.129724
v -0.275464 0.671480 0.248123
v -0.165451 0.644645 0.180915
v 0.299191 0.671480 0.217538
v 0.178814 0.644645 0.116226
v 0.413033 0.754267 0.373846
v 0.372242 0.729517 0.349149
v 0.464430 0.754267 0.303104
v 0.425006 0.719695 0.268909
v 0.425281 0.681509 0.269108
v 0.411172 0.593918 0.264409
v 0.621433 0.674888 0.417173
v 0.577771 0.541184 0.403624
v 0.769488 0.524032 0.524741
v 0.689284 0.462209 0.494483
v 0.570036 0.674888 0.487915
v 0.718090 0.524032 0.595483
v -0.456624 0.754267 0.301500
v -0.418974 0.719695 0.268909
v -0.405220 0.754267 0.372238
v -0.613616 0.674889 0.415584
v -0.562212 0.674888 0.486321
v -0.761661 0.524033 0.523166
v -0.710257 0.524032 0.593903
v -0.351966 0.593918 0.333537
v -0.535838 0.541184 0.448980
v -0.656703 0.462209 0.526970
v -0.419250 0.681509 0.269108
v -0.403270 0.752595 0.257541
v -0.404022 0.648269 0.258085
v -0.376344 0.771393 0.238050
v -0.377372 0.628881 0.238793
v -0.346439 0.628541 0.216402
v -0.345412 0.771053 0.215658
v -0.319514 0.647340 0.196911
v -0.318761 0.751666 0.196367
v -0.303809 0.680240 0.185543
v -0.303534 0.718426 0.185344
v -0.347245 0.752595 0.334935
v -0.247785 0.680240 0.262938
v 0.353277 0.752595 0.334935
v 0.362843 0.684272 0.342321
v 0.326351 0.771393 0.315444
v 0.353445 0.639027 0.335492
v 0.327379 0.628881 0.316188
v 0.047772 0.706645 -0.357040
v 0.043721 0.618941 -0.341094
v 0.029019 0.566207 -0.557705
v 0.021058 0.487231 -0.701326
v 0.047772 0.672477 -0.233915
v 0.047772 0.653678 -0.267155
v 0.359774 0.593918 0.335151
v 0.543658 0.541184 0.450577
v 0.664529 0.462209 0.528555
v 0.409301 0.752595 0.257541
v 0.295419 0.771053 0.293053
v 0.268768 0.751666 0.273761
v 0.253541 0.718426 0.262738
v 0.253816 0.680240 0.262938
v 0.410053 0.648269 0.258085
v 0.383403 0.628881 0.238793
v 0.352471 0.628542 0.216402
v -0.403370 0.593918 0.262800
v -0.569956 0.541185 0.402031
v -0.681461 0.462209 0.492900
v 0.000002 0.710693 -0.205131
v 0.047772 0.654018 -0.305341
v 0.047772 0.673405 -0.338241
v 0.269521 0.647340 0.274306
v -0.321347 0.628881 0.316188
v -0.347998 0.648269 0.335480
v 0.325545 0.647340 0.196911
v 0.296446 0.628542 0.293797
v 0.031656 0.540000 -0.764820
v 0.031656 0.496573 -0.705463
v -0.031656 0.540000 -0.764820
v -0.031656 0.496573 -0.705463
v 0.031656 0.520575 -0.814744
v -0.031656 0.520575 -0.814744
v 0.031656 0.478630 -0.834068
v -0.031656 0.478630 -0.834068
v 0.029005 0.411951 -0.835877
v -0.029005 0.411951 -0.835877
v 0.028917 0.345504 -0.830488
v -0.029086 0.346415 -0.830488
v 0.031656 0.457235 -0.714367
v 0.029005 0.412462 -0.699482
v 0.019295 0.353978 -0.705098
v -0.031656 0.457235 -0.714367
v -0.029005 0.412462 -0.699482
v -0.691040 0.467498 0.486761
v -0.779446 0.491485 0.551005
v -0.698238 0.428159 0.491991
v -0.795074 0.449538 0.562361
v -0.684636 0.402763 0.485383
v -0.794974 0.402234 0.565565
v -0.683466 0.355904 0.496536
v -0.790557 0.347413 0.562464
v -0.739062 0.510917 0.521658
v -0.701843 0.510917 0.572874
v -0.653821 0.467497 0.537977
v -0.742228 0.491485 0.602221
v -0.757855 0.449537 0.613577
v -0.760872 0.402234 0.612493
v -0.756460 0.348324 0.609386
v 0.709668 0.510916 0.574450
v 0.746881 0.510916 0.523230
v 0.750057 0.491490 0.603795
v 0.787271 0.491490 0.552575
v 0.765691 0.449546 0.615153
v 0.802904 0.449546 0.563933
v 0.768712 0.402242 0.614072
v 0.802810 0.402242 0.567141
v 0.764305 0.348332 0.610970
v 0.798398 0.347421 0.564045
v 0.661647 0.467488 0.539561
v 0.668850 0.428151 0.544794
v 0.658366 0.402753 0.533900
v 0.668671 0.356500 0.529271
v 0.698861 0.467488 0.488341
v -0.019203 0.354583 -0.705098
v 0.706063 0.428151 0.493574
v 0.692463 0.402753 0.486970
v -0.661019 0.428158 0.543207
v -0.650534 0.402763 0.532311
v -0.660835 0.356509 0.527679
v 0.691299 0.355895 0.498127
v -0.683004 0.358270 0.513227
v -0.683351 0.309299 0.512925
v -0.676607 0.358441 0.522030
v -0.676333 0.309299 0.522582
v 0.698028 0.357701 0.538570
v 0.697824 0.309362 0.539600
v 0.684443 0.358433 0.523621
v 0.684174 0.309291 0.524177
v -0.701361 0.357408 0.521609
v -0.702236 0.309367 0.521143
v 0.690839 0.358262 0.514818
v 0.691191 0.309291 0.514519
v -0.690191 0.357706 0.536980
v -0.689981 0.309367 0.538007
v 0.709197 0.357403 0.523198
v 0.710077 0.309362 0.522735
v -0.005361 0.356516 -0.714536
v 0.005521 0.356345 -0.714536
v -0.005969 0.307374 -0.714645
v 0.005969 0.307374 -0.714645
v 0.009531 0.355486 -0.734314
v 0.010423 0.307445 -0.734754
v -0.009470 0.355784 -0.734314
v -0.010423 0.307445 -0.734754
v 0.752543 0.353845 0.573188
v 0.769410 0.351954 0.590521
v 0.752222 0.306016 0.573617
v 0.768686 0.304927 0.591084
v -0.751099 0.353671 0.562800
v -0.751394 0.306012 0.562371
v -0.744702 0.353842 0.571603
v -0.744376 0.306012 0.572029
v 0.758939 0.353674 0.564384
v 0.759240 0.306016 0.563959
v -0.772737 0.351649 0.573567
v -0.773092 0.304921 0.572633
v 0.780579 0.351655 0.575149
v 0.780939 0.304927 0.574219
v -0.761567 0.351947 0.588938
v -0.760837 0.304920 0.589497
v -0.005433 0.351928 -0.798765
v 0.005448 0.351757 -0.798765
v -0.005969 0.304099 -0.798758
v 0.005969 0.304099 -0.798758
v 0.009459 0.349738 -0.822599
v 0.010423 0.303010 -0.822344
v -0.009542 0.350037 -0.822599
v -0.010423 0.303010 -0.822344
v -0.678040 0.311764 0.493920
v -0.801283 0.306079 0.566672
v -0.676263 0.093193 0.497883
v -0.699649 0.001292 0.512790
v -0.656617 0.311764 0.523401
v -0.763874 0.306079 0.618151
v -0.659838 0.093193 0.520485
v 0.664458 0.311754 0.524997
v 0.667702 0.093183 0.522099
v 0.685878 0.311754 0.495515
v 0.684124 0.093183 0.499495
v 0.809129 0.306088 0.568255
v 0.771724 0.306088 0.619737
v 0.689115 0.001286 0.539742
v 0.018221 0.309837 -0.699177
v 0.031818 0.304171 -0.841644
v 0.013970 0.091266 -0.700098
v 0.015657 -0.000631 -0.727792
v -0.018221 0.309837 -0.699177
v -0.013970 0.091266 -0.700098
v -0.031818 0.304171 -0.841644
v 0.707521 0.001286 0.514408
v -0.681240 0.001292 0.538122
v -0.015657 -0.000631 -0.727792
v -0.411308 0.767994 1.025381
v -0.411308 0.767925 1.129639
v -0.383484 0.791070 1.025389
v -0.383484 0.791029 1.129647
v -0.383484 0.834082 1.025458
v -0.383484 0.834041 1.129716
v -0.411308 0.857170 1.025466
v -0.411308 0.857102 1.129724
v -0.441987 0.857173 1.025466
v -0.442539 0.857102 1.129724
v -0.383484 0.834134 0.843757
v -0.217180 0.825103 -0.041426
v -0.226387 0.710693 -0.060767
v -0.114051 0.581446 -0.145242
v -0.196057 0.581446 -0.041426
v -0.065847 0.486831 -0.053025
v -0.113193 0.486831 0.011415
v 0.000001 0.486831 -0.060768
v 0.065849 0.486831 -0.053025
v 0.113196 0.486831 0.011415
v 0.114053 0.581446 -0.145242
v 0.196060 0.581446 -0.041426
v 0.226389 0.710693 -0.060767
v 0.213621 0.825103 -0.041426
v 0.000001 0.581446 -0.166450
v -0.037993 2.071928 0.497736
v -0.037845 2.052097 0.607604
v -0.037993 2.071928 0.497736
v -0.045611 2.048455 0.494314
v -0.045611 2.048455 0.494314
v -0.042878 2.029516 0.598832
v 0.042410 2.072712 0.497491
v 0.049723 2.049045 0.494367
v 0.042800 2.052191 0.606694
v 0.049302 2.029208 0.598748
v 0.042800 2.052191 0.606694
v 0.049302 2.029208 0.598748
v 0.186738 2.013556 0.596768
v 0.042410 2.072712 0.497491
v 0.049723 2.049045 0.494367
v -0.187377 2.032476 0.493943
v -0.181661 2.018468 0.490619
v 0.193183 2.032476 0.493943
v 0.187466 2.018468 0.490619
v -0.037845 2.052097 0.607604
v -0.042878 2.029516 0.598832
v 0.199627 2.040301 0.426595
v 0.193717 2.025892 0.425161
v -0.193822 2.040301 0.426595
v -0.187912 2.025892 0.425161
v 0.186738 2.013556 0.596768
v 0.181215 1.999950 0.591554
v -0.180933 2.013556 0.596768
v -0.045315 2.003556 0.181279
v 0.046783 2.003556 0.181279
v 0.046783 2.003556 0.181279
v 0.046783 1.948275 0.120369
v 0.064192 1.885825 0.292722
v -0.175410 1.999950 0.591554
v -0.180933 2.013556 0.596768
v -0.174489 1.971845 0.702084
v -0.168044 1.915805 0.800200
v -0.216611 1.986811 0.195190
v -0.210016 1.974008 0.201370
v 0.215821 1.974008 0.201370
v 0.222416 1.986811 0.195190
v 0.046783 1.948275 0.120369
v -0.045315 1.948275 0.120369
v 0.064192 1.830544 0.225899
v -0.045315 2.003556 0.181279
v -0.062724 1.885825 0.292722
v -0.045315 1.948275 0.120369
v -0.062724 1.830544 0.225899
v -0.168044 1.915805 0.800200
v -0.131425 1.906085 0.818588
v -0.162908 1.903002 0.791206
v 0.173850 1.915805 0.800200
v 0.168714 1.903002 0.791206
v 0.137351 1.905411 0.818516
v 0.133407 1.888122 0.806698
v 0.133407 1.888122 0.806698
v 0.134378 1.785321 0.939832
v 0.168714 1.903002 0.791206
v 0.174964 1.958466 0.694886
v 0.133407 1.888122 0.806698
v 0.049302 2.029208 0.598748
v 0.002904 2.047337 0.604729
v -0.042878 2.029516 0.598832
v -0.175410 1.999950 0.591554
v 0.181215 1.999950 0.591554
v 0.137351 1.905411 0.818516
v 0.134378 1.785321 0.939832
v -0.107012 1.899605 0.830846
v -0.107012 1.899605 0.830846
v -0.070392 1.889884 0.849233
v -0.068241 1.861749 0.832378
v -0.107012 1.899605 0.830846
v -0.103741 1.877219 0.816939
v -0.104578 1.785321 0.939830
v 0.133407 1.888122 0.806698
v 0.133407 1.771723 0.925483
v 0.133407 1.771723 0.925483
v 0.109869 1.771722 0.925483
v 0.074562 1.863321 0.832518
v 0.113018 1.898481 0.830726
v 0.109869 1.878201 0.817026
v 0.076519 1.888087 0.849041
v 0.074562 1.863321 0.832518
v -0.131425 1.906085 0.818588
v -0.128451 1.785321 0.939832
v -0.127408 1.887532 0.806646
v -0.062724 1.885825 0.292722
v -0.062724 1.830544 0.225899
v -0.110116 1.885825 0.292722
v -0.062724 1.885825 0.292722
v -0.042229 1.817078 0.349492
v 0.064192 1.885825 0.292722
v 0.045499 1.817078 0.349492
v 0.111692 1.885825 0.292722
v 0.108282 1.817078 0.349492
v 0.111692 1.885825 0.292722
v 0.064192 1.885825 0.292722
v 0.112116 1.830544 0.225899
v 0.064192 1.830544 0.225899
v -0.127408 1.887532 0.806646
v -0.127408 1.771723 0.925483
v -0.103741 1.771722 0.925483
v -0.103741 1.877219 0.816939
v 0.113018 1.898481 0.830726
v 0.110584 1.785322 0.939830
v 0.109869 1.878201 0.817026
v 0.109869 1.771722 0.925483
v -0.150086 1.863007 0.265041
v -0.114237 1.863007 0.265041
v -0.150086 1.873782 0.288862
v -0.114237 1.873782 0.288862
v -0.114237 1.867372 0.314981
v -0.150086 1.844509 0.327747
v -0.114237 1.844509 0.327747
v -0.150086 1.821541 0.325560
v -0.150086 1.769427 0.287128
v -0.150086 1.716914 0.239217
v -0.150086 1.638595 0.156668
v -0.150086 1.863007 0.265041
v -0.150086 1.821499 0.217775
v -0.114237 1.863007 0.265041
v -0.114237 1.821499 0.217775
v 0.151554 1.863007 0.265041
v 0.151554 1.821499 0.217775
v 0.151554 1.761933 0.167218
v 0.151554 1.659431 0.101578
v 0.115705 1.863007 0.265041
v 0.115705 1.821499 0.217775
v 0.115705 1.863007 0.265041
v 0.151554 1.863007 0.265041
v 0.115705 1.873782 0.288862
v 0.151554 1.873782 0.288862
v 0.115705 1.867372 0.314981
v 0.151554 1.867372 0.314981
v 0.115705 1.844509 0.327747
v 0.151554 1.844509 0.327747
v 0.151554 1.821541 0.325560
v 0.151554 1.769427 0.287128
v -0.070392 1.889884 0.849233
v -0.050193 1.791065 0.941997
v -0.068241 1.861749 0.832378
v 0.115705 1.821541 0.325560
v 0.115705 1.769427 0.287128
v -0.224666 1.835588 -0.014793
v -0.217829 1.827329 -0.002304
v -0.108954 1.830544 0.225899
v -0.110116 1.885825 0.292722
v -0.105013 1.817078 0.349492
v -0.108954 1.830544 0.225899
v -0.105013 1.761797 0.282669
v 0.112116 1.830544 0.225899
v 0.108282 1.761797 0.282669
v 0.221495 1.827329 -0.002304
v 0.228332 1.835588 -0.014793
v -0.114237 1.821541 0.325560
v -0.114237 1.769427 0.287128
v 0.115705 1.821499 0.217775
v -0.114237 1.821499 0.217775
v 0.116318 1.761933 0.167218
v -0.114237 1.821499 0.217775
v -0.150086 1.821499 0.217775
v -0.114850 1.761933 0.167218
v -0.150086 1.761933 0.167218
v -0.150086 1.659431 0.101578
v -0.114237 1.821499 0.217775
v 0.115705 1.821499 0.217775
v -0.114237 1.769427 0.287128
v 0.115705 1.769427 0.287128
v 0.045499 1.817078 0.349492
v 0.045499 1.761797 0.282669
v -0.042229 1.817078 0.349492
v -0.042229 1.761797 0.282669
v 0.108282 1.817078 0.349492
v 0.108282 1.761797 0.282669
v 0.076521 1.754380 0.390304
v 0.076521 1.707793 0.334537
v -0.042229 1.817078 0.349492
v -0.042229 1.761797 0.282669
v -0.028690 1.754380 0.390304
v -0.028690 1.707793 0.334537
v 0.056731 1.781741 0.925333
v 0.058135 1.790547 0.941529
v 0.056731 1.781741 0.925333
v 0.002903 1.794206 0.949449
v -0.050193 1.791065 0.941997
v -0.049139 1.782174 0.925712
v 0.058135 1.790547 0.941529
v 0.076519 1.888087 0.849041
v 0.113018 1.898481 0.830726
v 0.137351 1.905411 0.818516
v -0.128451 1.785321 0.939832
v -0.104578 1.785321 0.939830
v 0.002903 1.785069 0.932582
v -0.049139 1.782174 0.925712
v 0.110584 1.785322 0.939830
v 0.134378 1.785321 0.939832
v 0.107638 1.782545 0.946190
v 0.137539 1.782544 0.946193
v -0.104578 1.785321 0.939830
v -0.103741 1.771722 0.925483
v -0.101635 1.782545 0.946190
v -0.101635 1.751900 0.976318
v 0.137539 1.782544 0.946193
v 0.136319 1.765456 0.928161
v 0.137539 1.751899 0.976321
v 0.136319 1.765456 0.928161
v 0.137539 1.751899 0.976321
v -0.103741 1.771722 0.925483
v -0.127408 1.771723 0.925483
v -0.100584 1.765456 0.928161
v -0.100584 1.765456 0.928161
v -0.130324 1.765456 0.928161
v -0.100584 1.734811 0.958289
v 0.115705 1.769427 0.287128
v -0.114237 1.769427 0.287128
v -0.114850 1.716914 0.239228
v 0.115705 1.769427 0.287128
v 0.151554 1.769427 0.287128
v 0.116318 1.716914 0.239228
v 0.151554 1.716914 0.239217
v 0.136319 1.765456 0.928161
v 0.106740 1.765456 0.928161
v 0.136319 1.734811 0.958289
v -0.131635 1.782544 0.946193
v -0.131635 1.751899 0.976321
v -0.130324 1.765456 0.928161
v -0.130324 1.734811 0.958289
v 0.107638 1.782545 0.946190
v 0.107638 1.751900 0.976318
v 0.106740 1.765456 0.928161
v 0.106740 1.734811 0.958289
v -0.114850 1.761933 0.167218
v -0.114850 1.716914 0.239228
v 0.116318 1.761933 0.167218
v 0.116318 1.716914 0.239228
v 0.116318 1.761933 0.167218
v 0.116318 1.716914 0.239228
v 0.116318 1.659431 0.101920
v 0.045499 1.817078 0.349492
v 0.027244 1.754380 0.390304
v 0.045499 1.761797 0.282669
v 0.027244 1.707793 0.334537
v -0.077967 1.754380 0.390304
v -0.105013 1.761797 0.282669
v -0.077967 1.707793 0.334537
v -0.028690 1.754380 0.390304
v -0.028690 1.707793 0.334537
v -0.024149 1.619029 0.477542
v -0.024149 1.603263 0.458088
v 0.076521 1.754380 0.390304
v 0.076521 1.707793 0.334537
v 0.062487 1.619029 0.477542
v 0.062487 1.603263 0.458088
v 0.137539 1.751899 0.976321
v 0.136319 1.734811 0.958289
v 0.107638 1.751900 0.976318
v 0.106740 1.734811 0.958289
v -0.131635 1.751899 0.976321
v -0.101635 1.751900 0.976318
v -0.130324 1.734811 0.958289
v -0.100584 1.734811 0.958289
v -0.114850 1.761933 0.167218
v -0.114850 1.659431 0.101920
v -0.114850 1.716914 0.239228
v -0.114850 1.638595 0.156668
v 0.116318 1.716914 0.239228
v 0.151554 1.716914 0.239217
v 0.116318 1.638595 0.156668
v 0.151554 1.638595 0.156668
v 0.027244 1.754380 0.390304
v 0.022704 1.619029 0.477542
v 0.027244 1.707793 0.334537
v 0.022704 1.603263 0.458088
v -0.077967 1.754380 0.390304
v -0.063933 1.619029 0.477542
v -0.077967 1.707793 0.334537
v -0.063933 1.603263 0.458088
v 0.162630 1.628412 0.131230
v 0.162631 1.691505 0.121368
v -0.161457 1.637378 0.112606
v 0.162631 1.637378 0.112606
v -0.161457 1.637378 0.112606
v 0.162631 1.637378 0.112606
v -0.161457 1.628412 0.131230
v 0.162630 1.628412 0.131230
v -0.161457 1.628887 0.152129
v 0.162628 1.628887 0.152129
v -0.161457 1.638293 0.163415
v 0.162628 1.638293 0.163415
v 0.162628 1.651021 0.172156
v -0.150086 1.659431 0.101578
v -0.150086 1.638595 0.156668
v -0.114850 1.659431 0.101920
v -0.114850 1.638595 0.156668
v 0.151554 1.659431 0.101578
v 0.116318 1.659431 0.101920
v 0.151554 1.638595 0.156668
v 0.116318 1.638595 0.156668
v -0.036220 1.632625 0.312757
v -0.036220 1.607211 0.330088
v 0.036220 1.607211 0.330088
v -0.036220 1.607211 0.330088
v -0.034457 1.582133 0.318148
v -0.036220 1.632625 0.312757
v -0.034457 1.575376 0.285551
v -0.036220 1.633989 0.164688
v -0.034457 1.575376 0.285551
v -0.036220 1.633989 0.164688
v 0.036220 1.633989 0.164688
v 0.036220 1.632625 0.312757
v 0.032694 1.518126 0.126759
v 0.034457 1.575376 0.285551
v 0.036220 1.632625 0.312757
v 0.036220 1.607211 0.330088
v 0.034457 1.582133 0.318148
v -0.024149 1.619029 0.477542
v -0.024149 1.603263 0.458088
v -0.063933 1.619029 0.477542
v -0.063933 1.603263 0.458088
v 0.022704 1.619029 0.477542
v 0.062487 1.619029 0.477542
v 0.022704 1.603263 0.458088
v 0.062487 1.603263 0.458088
v 0.253337 1.600645 0.563920
v 0.254733 1.600492 0.538411
v -0.247560 1.600571 0.563920
v -0.248956 1.600416 0.538411
v -0.033576 1.546751 0.263920
v -0.011549 1.591131 0.407180
v -0.011246 1.589995 0.428739
v 0.011548 1.591131 0.407180
v -0.011549 1.591131 0.407180
v -0.024325 1.546751 0.352687
v 0.033575 1.546751 0.263920
v -0.033576 1.546751 0.263920
v -0.017766 1.590244 0.355623
v 0.017441 1.590244 0.355623
v -0.011246 1.589995 0.428739
v 0.011245 1.589995 0.428739
v -0.023686 1.518126 0.365720
v -0.032694 1.518126 0.242289
v 0.011245 1.589995 0.428739
v 0.011548 1.591131 0.407180
v 0.023686 1.518126 0.365720
v 0.024324 1.546751 0.352687
v 0.032694 1.518126 0.242289
v 0.033575 1.546751 0.263920
v 0.234052 1.571054 0.572355
v 0.235448 1.570900 0.529331
v -0.228263 1.570987 0.572355
v -0.229659 1.570832 0.529331
v -0.033576 1.546751 0.263920
v -0.032694 1.518126 0.242289
v 0.033575 1.546751 0.263920
v 0.032694 1.518126 0.242289
v 0.032694 1.518126 0.126759
v -0.032694 1.518126 0.126759
v 0.032694 1.518126 0.242289
v -0.032694 1.518126 0.242289
v 0.032694 1.518126 0.242289
v -0.103741 1.877219 0.816939
v -0.127408 1.887532 0.806646
v -0.162908 1.903002 0.791206
v -0.169159 1.958466 0.694886
v 0.173850 1.915805 0.800200
v 0.180294 1.971845 0.702084
v -0.150086 1.867372 0.314981
v 0.002903 1.785069 0.932582
v 0.109869 1.878201 0.817026
v -0.161457 1.691505 0.121368
v -0.161457 1.670748 0.104440
v -0.161457 1.651021 0.172156
v -0.131425 1.906085 0.818588
v -0.103741 1.877219 0.816939
v -0.127408 1.887532 0.806646
v -0.115575 1.882375 0.811792
v 0.121638 1.883161 0.811862
v 0.113018 1.898481 0.830726
v 0.137351 1.905411 0.818516
v 0.125184 1.901946 0.824621
v -0.107012 1.899605 0.830846
v -0.119218 1.902845 0.824717
v -0.131425 1.906085 0.818588
v 0.193183 2.032476 0.493943
v 0.042410 2.072712 0.497491
v 0.199627 2.040301 0.426595
v 0.211021 2.026579 0.308318
v 0.222416 1.986811 0.195190
v 0.225374 1.921958 0.082741
v 0.228332 1.835588 -0.014793
v 0.228332 1.730805 -0.082620
v 0.186504 1.613928 -0.148026
v 0.133704 1.615353 -0.169739
v 0.091232 1.617024 -0.185346
v -0.181661 2.018468 0.490619
v -0.045611 2.048455 0.494314
v -0.187912 2.025892 0.425161
v -0.198964 2.012672 0.310743
v -0.210016 1.974008 0.201370
v -0.213923 1.911194 0.092282
v -0.217829 1.827329 -0.002304
v -0.217829 1.725784 -0.067863
v -0.178296 1.612567 -0.130760
v -0.123359 1.613685 -0.152745
v 0.002904 2.067233 0.495097
v -0.084296 1.614936 -0.167865
v -0.012480 1.796759 0.901491
v 0.002903 1.785069 0.932582
v 0.016096 1.796543 0.901302
v 0.002903 1.816840 0.872108
v -0.012480 1.796759 0.901491
v 0.002903 1.523067 1.151789
v -0.012480 1.528923 1.159242
v 0.002903 1.511643 1.153618
v -0.012480 1.521387 1.166102
v 0.002903 1.472073 1.188774
v -0.012480 1.481816 1.201259
v 0.002903 1.785069 0.932582
v 0.016096 1.796543 0.901302
v 0.002903 1.534813 1.166978
v 0.017064 1.528818 1.159277
v 0.002903 1.530713 1.178058
v 0.017064 1.521237 1.166152
v 0.002903 1.491143 1.213215
v 0.017064 1.481667 1.201309
v -0.161457 1.670748 0.104440
v -0.161457 1.681817 0.059038
v -0.161457 1.419498 -0.042982
v 0.569024 1.588863 0.629170
v 0.570098 1.589357 0.645818
v 0.536688 1.662832 0.600506
v 0.561427 1.618615 0.545990
v -0.504796 1.657909 0.600506
v -0.533645 1.611604 0.666362
v -0.541493 1.585412 0.629355
v -0.542527 1.586069 0.645948
v -0.504796 1.657909 0.600506
v -0.520183 1.664495 0.600506
v -0.532095 1.615224 0.545990
v 0.520941 1.657163 0.600506
v 0.536688 1.662832 0.600506
v 0.562761 1.614910 0.666362
v -0.161457 1.651021 0.172156
v 0.162628 1.651021 0.172156
v 0.017441 1.640985 0.428111
v 0.017441 1.590244 0.355623
v 0.017441 1.640985 0.498000
v 0.017441 1.590244 0.490561
v 0.015728 1.623150 0.559142
v 0.020989 1.632068 0.518778
v 0.024773 1.632068 0.612430
v -0.089147 1.632068 0.612430
v -0.018964 1.632068 0.612430
v -0.015180 1.632068 0.518778
v -0.092931 1.632068 0.518778
v 0.024773 1.632068 0.612430
v 0.094955 1.632068 0.612430
v 0.024773 1.284143 0.612430
v 0.098740 1.632068 0.518778
v 0.020989 1.632068 0.518778
v 0.020989 1.284143 0.527340
v -0.089147 1.632068 0.612430
v -0.079827 1.284143 0.612430
v -0.092931 1.632068 0.518778
v -0.083611 1.284143 0.527340
v -0.018964 1.632068 0.612430
v -0.015180 1.632068 0.518778
v -0.018964 1.284143 0.612430
v -0.015180 1.284143 0.527340
v 0.094955 1.632068 0.612430
v 0.098740 1.632068 0.518778
v 0.085636 1.284143 0.612430
v 0.089420 1.284143 0.527340
v -0.016052 1.623150 0.559142
v 0.015728 1.623150 0.559142
v 0.015728 1.355380 0.558910
v -0.520183 1.664495 0.600506
v -0.549031 1.618191 0.666362
v -0.547482 1.621811 0.545990
v -0.559284 1.590464 0.645948
v -0.558250 1.589807 0.629355
v -0.588453 1.502163 0.666638
v -0.601053 1.386206 0.666913
v -0.604388 1.325179 0.546929
v -0.595872 1.474619 0.546459
v -0.027396 1.617910 -0.197916
v -0.027396 1.616275 -0.181020
v 0.091232 1.617024 -0.185346
v 0.088204 1.614936 -0.167865
v 0.091214 1.481289 -0.212531
v 0.091196 1.343114 -0.212020
v 0.033204 1.616275 -0.181020
v 0.033204 1.617910 -0.197916
v -0.127896 1.615353 -0.169739
v -0.123359 1.613685 -0.152745
v -0.123359 1.486436 -0.179189
v -0.123359 1.356525 -0.179379
v -0.084296 1.614936 -0.167865
v -0.087287 1.617024 -0.185346
v -0.084296 1.484532 -0.194561
v -0.084296 1.351547 -0.194338
v 0.186504 1.613928 -0.148026
v 0.182004 1.612567 -0.130760
v 0.129168 1.613685 -0.152745
v 0.133704 1.615353 -0.169739
v 0.133688 1.483269 -0.196741
v 0.133673 1.348659 -0.196729
v 0.520941 1.657163 0.600506
v 0.547014 1.609240 0.666362
v 0.545680 1.612945 0.545990
v 0.554555 1.584791 0.645818
v 0.553480 1.584297 0.629170
v -0.224666 1.612781 -0.128375
v -0.217829 1.611215 -0.111987
v 0.228332 1.612781 -0.128375
v 0.186520 1.484932 -0.174363
v 0.186537 1.353338 -0.174655
v -0.178296 1.612567 -0.130760
v -0.182896 1.613928 -0.148026
v -0.217829 1.611215 -0.111987
v -0.217829 1.488502 -0.137366
v -0.178300 1.487805 -0.156580
v -0.217829 1.363036 -0.138303
v -0.178303 1.360321 -0.157125
v 0.221495 1.611215 -0.111987
v 0.228332 1.612781 -0.128375
v 0.228332 1.486174 -0.154534
v 0.228332 1.356915 -0.155506
v 0.253337 1.600645 0.563920
v 0.525111 1.573121 0.563920
v 0.234052 1.571054 0.572355
v 0.089041 1.585390 0.572355
v -0.248956 1.600416 0.538411
v -0.519322 1.572939 0.540288
v -0.229659 1.570832 0.529331
v -0.229659 1.570832 0.529331
v -0.500026 1.543355 0.532498
v -0.083258 1.585380 0.526395
v -0.500026 1.543355 0.532498
v -0.083258 1.585380 0.526395
v -0.017766 1.590244 0.355623
v -0.017766 1.640985 0.428111
v -0.017766 1.590244 0.490561
v -0.017766 1.640985 0.498000
v -0.016052 1.623150 0.559142
v -0.017766 1.590244 0.490561
v 0.017441 1.590244 0.490561
v 0.017441 1.454693 0.490194
v -0.558250 1.589807 0.629355
v -0.541493 1.585412 0.629355
v -0.591255 1.494390 0.628901
v -0.598379 1.450755 0.629214
v 0.570098 1.589357 0.645818
v 0.554555 1.584791 0.645818
v -0.542527 1.586069 0.645948
v -0.559284 1.590464 0.645948
v -0.590633 1.497406 0.646132
v -0.597598 1.451533 0.646315
v 0.089041 1.585390 0.572355
v 0.089041 1.462743 0.574833
v 0.089041 1.585390 0.526395
v -0.083258 1.585380 0.526395
v -0.083209 1.462734 0.523917
v -0.083258 1.585380 0.572355
v 0.553480 1.584297 0.629170
v 0.569024 1.588863 0.629170
v 0.525111 1.573121 0.563920
v 0.525111 1.573121 0.540288
v 0.505826 1.543529 0.572355
v 0.525111 1.573121 0.540288
v 0.254733 1.600492 0.538411
v 0.505826 1.543529 0.532498
v 0.235448 1.570900 0.529331
v 0.505826 1.543529 0.532498
v 0.235448 1.570900 0.529331
v 0.089041 1.585390 0.526395
v -0.519322 1.572939 0.540288
v -0.519322 1.572939 0.563920
v -0.500026 1.543355 0.532498
v -0.519322 1.572939 0.563920
v -0.247560 1.600571 0.563920
v -0.500026 1.543355 0.572355
v -0.228263 1.570987 0.572355
v -0.083258 1.585380 0.572355
v -0.102405 1.552414 0.144471
v -0.069820 1.544596 0.168922
v 0.059902 1.533141 0.204749
v 0.073480 1.544561 0.169031
v 0.105880 1.552414 0.144471
v 0.147249 1.551860 0.146201
v 0.180276 1.545052 0.167495
v 0.192841 1.532750 0.205972
v 0.180276 1.521230 0.242004
v 0.147249 1.513641 0.265744
v 0.105880 1.513869 0.265028
v 0.073480 1.520940 0.242913
v 0.059902 1.533141 0.204749
v 0.059902 1.352567 0.147017
v -0.500300 1.541874 0.586416
v -0.540935 1.528671 0.586416
v -0.500300 1.541874 0.514053
v -0.540935 1.528671 0.514053
v -0.566049 1.494105 0.514053
v -0.500300 1.541874 0.586416
v -0.500300 1.541874 0.514053
v -0.459665 1.528671 0.586416
v -0.459665 1.528671 0.514053
v -0.434551 1.494105 0.586416
v 0.500326 1.541874 0.586416
v 0.500326 1.541874 0.514053
v 0.500326 1.541874 0.586416
v 0.540960 1.528671 0.586416
v 0.459690 1.528671 0.586416
v 0.566074 1.494105 0.586416
v 0.500326 1.541874 0.514053
v 0.459690 1.528671 0.514053
v 0.540960 1.528671 0.514053
v 0.434577 1.494105 0.514053
v -0.056426 1.533141 0.204749
v -0.056426 1.352567 0.147017
v -0.069820 1.520890 0.243070
v -0.102405 1.513869 0.265028
v -0.102405 1.513869 0.265028
v -0.102405 1.333295 0.207295
v -0.143855 1.513564 0.265983
v -0.176799 1.521230 0.242004
v -0.189611 1.532743 0.205996
v -0.176799 1.545052 0.167495
v -0.143855 1.551922 0.146009
v -0.102405 1.552414 0.144471
v -0.102405 1.371840 0.086738
v -0.572292 1.497810 0.666638
v -0.573360 1.494502 0.646132
v -0.584345 1.385221 0.666913
v -0.579960 1.450876 0.646315
v -0.580509 1.450670 0.628923
v -0.573982 1.491486 0.628901
v 0.595284 1.496763 0.666638
v 0.592711 1.497116 0.645856
v 0.603197 1.380137 0.666913
v 0.600515 1.451410 0.645894
v 0.598564 1.451088 0.629299
v 0.601069 1.468830 0.546459
v 0.597370 1.493791 0.629234
v 0.162634 1.681817 0.059038
v 0.162631 1.484722 0.020630
v 0.162634 1.681817 0.059038
v 0.162634 1.419498 -0.042982
v 0.579513 1.494383 0.645856
v 0.578895 1.493369 0.666638
v 0.585605 1.451410 0.645894
v 0.586460 1.380137 0.666913
v 0.584410 1.449841 0.630903
v -0.434551 1.494105 0.514053
v -0.434551 1.494105 0.586416
v -0.434551 1.494105 0.514053
v -0.434551 1.451378 0.586416
v -0.434551 1.451378 0.514053
v -0.459665 1.416812 0.514053
v -0.566049 1.494105 0.514053
v -0.566049 1.494105 0.586416
v -0.566049 1.451378 0.514053
v -0.540935 1.416812 0.514053
v -0.566049 1.494105 0.586416
v -0.459665 1.416812 0.586416
v -0.566049 1.451378 0.586416
v -0.540935 1.416812 0.586416
v 0.566074 1.494105 0.514053
v 0.434577 1.494105 0.514053
v 0.434577 1.494105 0.586416
v 0.434577 1.451378 0.514053
v 0.459690 1.416812 0.514053
v 0.434577 1.494105 0.586416
v 0.434577 1.451378 0.586416
v 0.459690 1.416812 0.586416
v 0.566074 1.494105 0.514053
v 0.566074 1.451378 0.586416
v 0.566074 1.451378 0.514053
v 0.540960 1.416812 0.586416
v 0.540960 1.416812 0.514053
v -0.579711 1.470266 0.546459
v 0.584172 1.491058 0.629234
v 0.584680 1.465436 0.546459
v 0.002903 1.491143 1.213215
v 0.017064 1.481667 1.201309
v -0.012480 1.481816 1.201259
v 0.002903 1.472073 1.188774
v -0.581678 1.445660 0.557896
v -0.587333 1.342318 0.559150
v -0.587333 1.342318 0.559150
v -0.532093 1.392255 0.546929
v 0.585195 1.440757 0.557896
v 0.532552 1.390363 0.546929
v 0.584756 1.337261 0.559150
v 0.532552 1.390363 0.546929
v 0.584756 1.337261 0.559150
v 0.584037 1.319147 0.546929
v 0.603197 1.380137 0.666913
v 0.584037 1.319147 0.546929
v 0.603197 1.380137 0.666913
v 0.600774 1.319147 0.546929
v 0.089041 1.462743 0.523917
v 0.089041 1.462743 0.574833
v 0.431281 1.462299 0.530020
v 0.431281 1.462299 0.574833
v -0.083209 1.462734 0.574833
v -0.083209 1.462734 0.523917
v -0.425449 1.462154 0.574833
v -0.425449 1.462154 0.530020
v 0.431281 1.462299 0.530020
v 0.505826 1.543529 0.532498
v 0.089041 1.462743 0.523917
v 0.089041 1.585390 0.526395
v -0.425449 1.462154 0.574833
v -0.083209 1.462734 0.574833
v -0.017766 1.454693 0.490194
v -0.017766 1.454693 0.490194
v -0.016052 1.355380 0.558910
v -0.017766 1.356512 0.489826
v -0.017766 1.454693 0.490194
v 0.017441 1.454693 0.490194
v 0.133855 1.454693 0.352815
v -0.125965 1.454693 0.352815
v 0.133855 1.454693 0.490194
v 0.017441 1.454693 0.490194
v 0.017441 1.356512 0.489826
v -0.125965 1.454693 0.352815
v -0.125965 1.454693 0.490194
v -0.125965 1.356512 0.352448
v -0.125965 1.356512 0.489826
v 0.133855 1.454693 0.352815
v 0.133855 1.356512 0.352448
v 0.133855 1.454693 0.490194
v 0.133855 1.356512 0.489826
v 0.600515 1.451410 0.645894
v 0.585605 1.451410 0.645894
v 0.598564 1.451088 0.629299
v 0.584410 1.449841 0.630903
v -0.597598 1.451533 0.646315
v -0.598379 1.450755 0.629214
v -0.579960 1.450876 0.646315
v -0.580509 1.450670 0.628923
v -0.161457 1.409792 -0.003801
v -0.161457 1.419498 -0.042982
v 0.162634 1.419498 -0.042982
v 0.537473 1.417926 0.573197
v 0.537474 1.417891 0.527170
v 0.537473 1.417926 0.573197
v 0.537473 1.331246 0.573600
v 0.463198 1.417925 0.573196
v 0.537474 1.417891 0.527170
v 0.463199 1.417891 0.527169
v 0.537474 1.331211 0.526896
v 0.463198 1.417925 0.573196
v 0.463198 1.331246 0.573598
v 0.463199 1.417891 0.527169
v 0.463199 1.331211 0.526895
v -0.463224 1.417737 0.573662
v -0.537499 1.417737 0.573662
v -0.463224 1.417737 0.573662
v -0.463224 1.417718 0.527635
v -0.463224 1.331058 0.574037
v -0.537499 1.417737 0.573662
v -0.537499 1.331058 0.574037
v -0.537499 1.417718 0.527635
v -0.537499 1.417718 0.527635
v -0.537499 1.331038 0.527333
v -0.463224 1.417718 0.527635
v -0.463224 1.331038 0.527333
v -0.540935 1.416812 0.514053
v -0.540935 1.416812 0.586416
v -0.500300 1.403609 0.514053
v -0.500300 1.403609 0.586416
v -0.459665 1.416812 0.514053
v -0.459665 1.416812 0.586416
v 0.459690 1.416812 0.514053
v 0.459690 1.416812 0.586416
v 0.500326 1.403609 0.514053
v 0.500326 1.403609 0.586416
v 0.540960 1.416812 0.514053
v 0.540960 1.416812 0.586416
v -0.151084 1.414171 -0.027877
v 0.145275 1.414171 -0.027877
v -0.161457 1.409792 -0.003801
v -0.161457 1.384514 0.086607
v 0.162632 1.409792 -0.003801
v 0.162628 1.384514 0.086607
v -0.161457 1.384514 0.086607
v -0.161457 1.409792 -0.003801
v -0.146475 1.408015 -0.005706
v -0.151084 1.414171 -0.027877
v -0.151084 1.278630 -0.062382
v -0.532093 1.392255 0.546929
v -0.528106 1.470790 0.552686
v -0.587681 1.324193 0.546929
v -0.584345 1.385221 0.666913
v -0.587681 1.324193 0.546929
v -0.601053 1.386206 0.666913
v -0.604388 1.325179 0.546929
v 0.162632 1.409792 -0.003801
v 0.162628 1.384514 0.086607
v -0.143855 1.371348 0.088276
v -0.189611 1.352169 0.148263
v -0.102405 1.371840 0.086738
v -0.176799 1.340657 0.184271
v -0.143855 1.332990 0.208251
v 0.180276 1.364478 0.109762
v 0.147249 1.371286 0.088468
v 0.192841 1.352176 0.148239
v 0.105880 1.371840 0.086738
v 0.180276 1.340657 0.184271
v 0.105880 1.333295 0.207295
v 0.147249 1.333066 0.208011
v 0.073480 1.363987 0.111299
v 0.073480 1.340366 0.185180
v 0.221495 1.363036 -0.138303
v 0.228332 1.356915 -0.155506
v 0.228332 1.230362 -0.127409
v 0.228332 1.112231 -0.075300
v -0.178303 1.360321 -0.157125
v -0.182872 1.353338 -0.174655
v -0.178300 1.235101 -0.129426
v -0.178296 1.118099 -0.077628
v -0.224666 1.356915 -0.155506
v -0.217829 1.363036 -0.138303
v -0.217829 1.240376 -0.111057
v -0.217829 1.125704 -0.060506
v 0.129168 1.356525 -0.179379
v 0.133673 1.348659 -0.196729
v 0.133688 1.216666 -0.167844
v 0.133704 1.093688 -0.113196
v -0.125965 1.356512 0.489826
v -0.017766 1.356512 0.489826
v -0.125965 1.356512 0.352448
v 0.017441 1.356512 0.489826
v 0.133855 1.356512 0.352448
v 0.133855 1.356512 0.489826
v 0.017441 1.356512 0.489826
v -0.017766 1.356512 0.489826
v 0.015728 1.355380 0.558910
v -0.016052 1.355380 0.558910
v 0.186537 1.353338 -0.174655
v 0.181969 1.360321 -0.157125
v 0.186520 1.224627 -0.145906
v 0.186504 1.104587 -0.092345
v -0.069820 1.340316 0.185337
v -0.069820 1.364022 0.111189
v -0.102405 1.333295 0.207295
v -0.084296 1.351547 -0.194338
v -0.087287 1.343114 -0.212020
v -0.084296 1.220229 -0.165808
v -0.084296 1.097772 -0.111604
v -0.127896 1.348659 -0.196729
v -0.123359 1.356525 -0.179379
v -0.123359 1.228027 -0.151105
v -0.123359 1.108053 -0.097794
v 0.033204 1.346497 -0.208623
v 0.033222 1.340019 -0.226581
v 0.091196 1.343114 -0.212020
v 0.088204 1.351547 -0.194338
v 0.091196 1.207474 -0.183132
v 0.091196 1.081247 -0.127819
v -0.027396 1.340019 -0.226581
v -0.027396 1.346497 -0.208623
v 0.537473 1.331246 0.573600
v 0.537473 1.331246 0.573600
v 0.537474 1.331211 0.526896
v 0.585494 1.303398 0.573621
v 0.463198 1.331246 0.573598
v 0.537473 1.331246 0.573600
v 0.463199 1.331211 0.526895
v 0.585495 1.303363 0.526918
v 0.463198 1.331246 0.573598
v 0.463199 1.331211 0.526895
v 0.415178 1.303362 0.526915
v -0.537499 1.331058 0.574037
v -0.463224 1.331058 0.574037
v -0.463224 1.331038 0.527333
v -0.415203 1.303209 0.574048
v -0.463224 1.331058 0.574037
v -0.453734 1.164313 0.574107
v -0.537499 1.331038 0.527333
v -0.537499 1.331058 0.574037
v -0.537499 1.331038 0.527333
v -0.585520 1.303189 0.527345
v -0.463224 1.331038 0.527333
v -0.537499 1.331038 0.527333
v -0.546990 1.164293 0.527403
v 0.514592 1.317463 0.615067
v 0.524011 1.301635 0.574486
v 0.514592 1.317463 0.615067
v 0.514592 1.144490 0.682535
v 0.484493 1.317463 0.615067
v -0.484520 1.317245 0.615534
v -0.475102 1.301431 0.574947
v -0.514619 1.317245 0.615534
v -0.484520 1.317245 0.615534
v -0.484519 1.144248 0.682940
v 0.585494 1.303398 0.573621
v 0.585495 1.303363 0.526918
v 0.593892 1.194091 0.573703
v 0.593893 1.194056 0.527000
v 0.415177 1.303397 0.573619
v 0.463198 1.331246 0.573598
v 0.453708 1.164501 0.573723
v 0.415177 1.303397 0.573619
v 0.406780 1.194090 0.573700
v 0.415178 1.303362 0.526915
v 0.406781 1.194055 0.526997
v -0.415203 1.303209 0.574048
v -0.415203 1.303189 0.527345
v -0.406806 1.193902 0.574094
v -0.585520 1.303209 0.574048
v -0.537499 1.331058 0.574037
v -0.546990 1.164313 0.574107
v -0.415203 1.303189 0.527345
v -0.463224 1.331038 0.527333
v -0.406806 1.193883 0.527391
v -0.453734 1.164293 0.527403
v -0.585520 1.303209 0.574048
v -0.593918 1.193902 0.574094
v -0.585520 1.303189 0.527345
v -0.593918 1.193883 0.527391
v 0.484493 1.317463 0.615067
v 0.484493 1.144490 0.682534
v 0.475076 1.301635 0.574486
v 0.524011 1.301635 0.574486
v 0.475076 1.301635 0.574486
v 0.524011 1.128532 0.641620
v 0.475076 1.128531 0.641619
v -0.514619 1.317245 0.615534
v -0.514619 1.144248 0.682940
v -0.524037 1.301431 0.574947
v -0.524037 1.301431 0.574947
v -0.524037 1.128304 0.642019
v -0.475102 1.301431 0.574947
v -0.475102 1.128304 0.642019
v 0.024773 1.284143 0.612430
v 0.085636 1.284143 0.612430
v 0.020989 1.284143 0.527340
v 0.089420 1.284143 0.527340
v -0.018964 1.284143 0.612430
v -0.015180 1.284143 0.527340
v -0.079827 1.284143 0.612430
v -0.083611 1.284143 0.527340
v 0.221495 1.125704 -0.060506
v 0.182004 1.118099 -0.077628
v 0.221495 1.240376 -0.111057
v 0.181986 1.235101 -0.129426
v 0.221495 1.363036 -0.138303
v 0.181969 1.360321 -0.157125
v 0.221495 1.488502 -0.137366
v 0.181986 1.487805 -0.156580
v 0.221495 1.611215 -0.111987
v 0.182004 1.612567 -0.130760
v 0.221495 1.725784 -0.067863
v 0.221495 1.827329 -0.002304
v 0.218658 1.911194 0.092282
v 0.215821 1.974008 0.201370
v 0.204769 2.012672 0.310743
v 0.193717 2.025892 0.425161
v 0.187466 2.018468 0.490619
v 0.049723 2.049045 0.494367
v 0.129168 1.613685 -0.152745
v 0.088204 1.614936 -0.167865
v 0.033204 1.616275 -0.181020
v -0.027396 1.482635 -0.208584
v -0.027396 1.346497 -0.208623
v 0.033204 1.482635 -0.208584
v 0.033204 1.346497 -0.208623
v 0.033204 1.212097 -0.180944
v 0.033204 1.086910 -0.126935
v 0.088204 1.484532 -0.194561
v 0.129168 1.486436 -0.179189
v 0.088204 1.351547 -0.194338
v 0.129168 1.356525 -0.179379
v 0.088204 1.220229 -0.165808
v 0.129168 1.228027 -0.151105
v 0.088204 1.097772 -0.111604
v 0.129168 1.108053 -0.097794
v -0.027396 1.616275 -0.181020
v -0.224666 1.112231 -0.075300
v -0.182896 1.104587 -0.092345
v -0.224666 1.230362 -0.127409
v -0.182884 1.224627 -0.145906
v -0.224666 1.356915 -0.155506
v -0.182872 1.353338 -0.174655
v -0.224666 1.486174 -0.154534
v -0.182884 1.484932 -0.174363
v -0.224666 1.612781 -0.128375
v -0.182896 1.613928 -0.148026
v -0.224666 1.730805 -0.082620
v -0.224666 1.835588 -0.014793
v -0.220639 1.921958 0.082741
v -0.216611 1.986811 0.195190
v -0.205217 2.026579 0.308318
v -0.193822 2.040301 0.426595
v -0.187377 2.032476 0.493943
v -0.037993 2.071928 0.497736
v -0.127896 1.615353 -0.169739
v -0.087287 1.617024 -0.185346
v -0.027396 1.617910 -0.197916
v 0.033213 1.480160 -0.226397
v 0.033222 1.340019 -0.226581
v -0.027396 1.480160 -0.226397
v -0.027396 1.340019 -0.226581
v -0.027396 1.200133 -0.198686
v -0.027396 1.069978 -0.143693
v -0.087287 1.481289 -0.212531
v -0.127896 1.483269 -0.196741
v -0.087287 1.343114 -0.212020
v -0.127896 1.348659 -0.196729
v -0.087287 1.207474 -0.183132
v -0.127896 1.216666 -0.167844
v -0.087287 1.081247 -0.127819
v -0.127896 1.093688 -0.113196
v 0.033204 1.617910 -0.197916
v -0.486878 1.217701 0.646481
v -0.512259 0.908358 0.767131
v -0.486878 1.217701 0.646481
v -0.486877 0.908358 0.767130
v -0.481128 1.206839 0.618629
v -0.486877 0.908358 0.767130
v 0.517983 1.206837 0.618634
v 0.512233 0.908356 0.767134
v 0.512233 1.217700 0.646486
v 0.512233 1.217700 0.646486
v 0.512233 0.908356 0.767134
v 0.486851 0.908356 0.767134
v -0.481128 1.206839 0.618629
v -0.481127 0.897495 0.739278
v -0.512260 1.217702 0.646482
v -0.512259 0.908358 0.767131
v -0.518011 1.206839 0.618630
v -0.518010 0.897495 0.739279
v 0.517983 1.206837 0.618634
v 0.517984 0.897493 0.739281
v 0.481100 1.206837 0.618634
v 0.517984 0.897493 0.739281
v 0.486851 1.217700 0.646486
v 0.486851 0.908356 0.767134
v 0.481100 1.206837 0.618634
v 0.481100 0.897493 0.739282
v 0.593892 1.194091 0.573703
v 0.593893 1.194056 0.527000
v 0.546965 1.164502 0.573725
v 0.546966 1.164467 0.527021
v 0.406780 1.194090 0.573700
v 0.453708 1.164501 0.573723
v 0.406781 1.194055 0.526997
v 0.453709 1.164466 0.527020
v -0.406806 1.193902 0.574094
v -0.406806 1.193883 0.527391
v -0.453734 1.164313 0.574107
v -0.453734 1.164293 0.527403
v -0.593918 1.193902 0.574094
v -0.546990 1.164313 0.574107
v -0.593918 1.193883 0.527391
v -0.546990 1.164293 0.527403
v 0.546965 1.164502 0.573725
v 0.546966 1.164467 0.527021
v 0.529635 0.990794 0.573855
v 0.529635 0.990759 0.527151
v 0.453708 1.164501 0.573723
v 0.471040 0.990794 0.573854
v 0.453709 1.164466 0.527020
v -0.453734 1.164313 0.574107
v -0.453734 1.164293 0.527403
v -0.471064 0.990606 0.574180
v -0.471064 0.990586 0.527477
v -0.546990 1.164313 0.574107
v -0.529659 0.990606 0.574180
v -0.546990 1.164293 0.527403
v -0.529659 0.990586 0.527477
v 0.514592 1.144490 0.682535
v 0.524011 1.128532 0.641620
v 0.484493 1.144490 0.682534
v 0.475076 1.128531 0.641619
v -0.514619 1.144248 0.682940
v -0.484519 1.144248 0.682940
v -0.524037 1.128304 0.642019
v -0.475102 1.128304 0.642019
v -0.217829 1.125704 -0.060506
v -0.178296 1.118099 -0.077628
v -0.224666 1.112231 -0.075300
v -0.182896 1.104587 -0.092345
v 0.221495 1.125704 -0.060506
v 0.228332 1.112231 -0.075300
v 0.182004 1.118099 -0.077628
v 0.186504 1.104587 -0.092345
v -0.123359 1.108053 -0.097794
v -0.084296 1.097772 -0.111604
v -0.127896 1.093688 -0.113196
v -0.087287 1.081247 -0.127819
v 0.129168 1.108053 -0.097794
v 0.133704 1.093688 -0.113196
v 0.088204 1.097772 -0.111604
v 0.091196 1.081247 -0.127819
v -0.027396 1.086910 -0.126935
v 0.002904 1.080251 -0.131097
v -0.027396 1.069978 -0.143693
v 0.002903 1.065347 -0.149186
v 0.033204 1.086910 -0.126935
v 0.033195 1.069978 -0.143693
v 0.002904 1.080251 -0.131097
v 0.002903 1.065347 -0.149186
v -0.027396 1.086910 -0.126935
v -0.027396 1.212097 -0.180944
v 0.033195 1.069978 -0.143693
v 0.033208 1.200133 -0.198686
v -0.576788 1.016823 0.541732
v -0.543604 1.029784 0.538621
v -0.458669 1.029784 0.538621
v -0.543604 0.924696 0.563850
v -0.543604 0.925428 0.535888
v -0.543604 0.940043 0.512038
v -0.458669 0.940043 0.512038
v 0.425470 1.016823 0.541732
v 0.458654 1.029784 0.538621
v 0.543590 1.029784 0.538621
v 0.458654 0.924696 0.563850
v -0.576788 1.006768 0.523214
v -0.576788 1.016823 0.541732
v -0.576788 0.988801 0.512204
v -0.576788 1.016271 0.562797
v -0.576788 0.967737 0.511652
v -0.576788 1.005261 0.580764
v -0.576788 0.949218 0.521707
v -0.576788 0.937656 0.560739
v -0.576788 0.938208 0.539674
v 0.576774 1.016823 0.541732
v 0.543590 1.016437 0.514039
v 0.576774 0.988801 0.512204
v 0.543590 0.992587 0.499424
v 0.576774 0.967737 0.511652
v 0.543590 0.964625 0.498691
v 0.576774 0.949218 0.521707
v 0.543590 0.940043 0.512038
v 0.576774 0.938208 0.539674
v 0.425470 1.006768 0.523214
v 0.425470 1.016823 0.541732
v 0.425470 0.988801 0.512204
v 0.425470 1.016271 0.562797
v 0.425470 0.967737 0.511652
v 0.425470 1.005261 0.580764
v 0.425470 0.949218 0.521707
v 0.425470 0.937657 0.560739
v 0.425470 0.938208 0.539674
v -0.425484 1.016823 0.541732
v -0.458669 1.016437 0.514039
v -0.425484 0.988801 0.512204
v -0.458669 0.992587 0.499424
v -0.425484 0.967737 0.511652
v -0.458669 0.964625 0.498691
v -0.425484 0.949218 0.521707
v -0.425484 0.938208 0.539674
v -0.458669 0.925428 0.535888
v -0.458669 0.924696 0.563850
v -0.520849 0.991056 -0.008892
v -0.504673 0.991056 0.007284
v 0.520849 0.991056 -0.008892
v 0.504673 0.991056 0.007284
v 0.529635 0.990794 0.573855
v 0.529635 0.990759 0.527151
v 0.471040 0.990794 0.573854
v 0.471041 0.990759 0.527150
v -0.471064 0.990606 0.574180
v -0.471064 0.990586 0.527477
v -0.529659 0.990606 0.574180
v -0.529659 0.990586 0.527477
v -0.576788 0.986743 0.590819
v -0.425484 1.005261 0.580764
v -0.425484 1.016271 0.562797
v 0.425470 0.986743 0.590819
v 0.576774 1.005261 0.580764
v 0.576774 1.016271 0.562797
v -0.425484 0.986743 0.590819
v -0.425484 0.937657 0.560739
v 0.576774 0.986743 0.590819
v 0.576774 0.937657 0.560739
v 0.543590 0.924696 0.563850
v 0.458654 0.925428 0.535888
v 0.543590 0.925428 0.535888
v 0.458654 0.940043 0.512038
v -0.161457 1.677498 0.169020
v -0.209394 1.677498 0.169020
v -0.161457 1.694337 0.148215
v -0.209394 1.694337 0.148215
v -0.161457 1.691505 0.121368
v -0.209394 1.691505 0.121368
v -0.161457 1.670748 0.104440
v -0.209394 1.670471 0.104327
v -0.161457 1.495888 0.045061
v -0.209394 1.495888 0.045061
v -0.161457 1.484722 0.020630
v -0.161457 1.409792 -0.003801
v -0.209394 1.409792 -0.003801
v -0.161457 1.372607 0.000169
v -0.209394 1.372607 0.000169
v -0.161457 1.351022 0.029249
v -0.209394 1.351022 0.029249
v -0.161457 1.355994 0.064926
v -0.209394 1.355994 0.064926
v -0.161457 1.384514 0.086607
v -0.209394 1.384514 0.086607
v -0.161457 1.651021 0.172156
v -0.209394 1.651021 0.172156
v 0.210563 1.677498 0.169020
v 0.162628 1.677498 0.169020
v 0.210567 1.694337 0.148215
v 0.162630 1.694337 0.148215
v 0.210572 1.691505 0.121368
v 0.162631 1.691505 0.121368
v 0.210572 1.670471 0.104327
v 0.162627 1.670471 0.104327
v 0.210572 1.670471 0.104327
v 0.162627 1.670471 0.104327
v 0.210572 1.495888 0.045061
v 0.162630 1.495888 0.045061
v 0.162631 1.484722 0.020630
v 0.210572 1.409792 -0.003801
v 0.162632 1.409792 -0.003801
v 0.210569 1.372607 0.000169
v 0.162631 1.372607 0.000169
v 0.210567 1.351022 0.029249
v 0.162630 1.351022 0.029249
v 0.210565 1.355994 0.064926
v 0.162629 1.355994 0.064926
v 0.210563 1.384514 0.086607
v 0.162628 1.384514 0.086607
v 0.210563 1.651021 0.172156
v 0.162628 1.651021 0.172156
v 0.431281 1.462299 0.574833
v -0.425449 1.462154 0.530020
v -0.125965 1.454693 0.490194
v 0.584680 1.465436 0.546459
v 0.210572 1.484722 0.020630
v 0.533195 1.468996 0.552686
v -0.176799 1.364478 0.109762
v 0.059902 1.352567 0.147017
v -0.587681 1.324193 0.546929
v -0.136659 1.386762 0.074071
v 0.471041 0.990759 0.527150
v -0.425484 1.006768 0.523214
v 0.576774 1.006768 0.523214
v -0.576788 0.965678 0.590267
v 0.425470 0.965678 0.590267
v 0.576774 0.965678 0.590267
v -0.425484 0.965678 0.590267
v 0.600774 1.319147 0.546929
v 0.584756 1.337261 0.559150
v 0.586460 1.380137 0.666913
v 0.603197 1.380137 0.666913
v -0.056426 1.352567 0.147017
v 0.162632 1.409792 -0.003801
v -0.209394 1.484722 0.020630
v -0.579711 1.470266 0.546459
v -0.056426 1.533141 0.204749
v 0.130851 1.386762 0.074071
v 0.140479 1.407661 -0.004387
v 0.145275 1.414171 -0.027877
v 0.145275 1.278630 -0.062382
v -0.136659 1.386762 0.074071
v 0.130851 1.386762 0.074071
v -0.136659 1.252296 0.039842
v 0.130851 1.252296 0.039842
v 0.145275 1.278630 -0.062382
v -0.151084 1.278630 -0.062382
v -0.151084 1.093031 -0.076873
v -0.136659 1.067979 0.025657
v -0.151084 0.896822 -0.060901
v -0.136659 0.875923 0.037525
v 0.504673 0.991056 0.007284
v 0.516872 0.905339 -0.003101
v 0.313690 1.068574 -0.067440
v 0.159095 0.973219 -0.120875
v -0.159095 0.973219 -0.120875
v -0.313690 1.068574 -0.067440
v -0.504673 0.991056 0.007284
v -0.516872 0.905339 -0.003101
v 0.130851 1.067979 0.025658
v 0.145275 1.093031 -0.076873
v 0.130851 0.875905 0.037770
v 0.145275 0.897080 -0.060600
v 0.130851 0.693868 0.200962
v 0.145275 0.693868 -0.001353
v -0.520849 0.991056 -0.008892
v -0.329866 1.068574 -0.083616
v -0.159095 0.973219 -0.143751
v 0.329866 1.068574 -0.083616
v 0.159095 0.973219 -0.143751
v 0.520849 0.991056 -0.008892
v 0.533048 0.905339 -0.019277
v -0.484442 0.987831 0.743944
v -0.474977 0.971680 0.702535
v -0.514694 0.987831 0.743944
v -0.484442 0.987831 0.743944
v -0.484442 0.866607 0.791223
v 0.514668 0.987829 0.743948
v 0.524134 0.971679 0.702539
v 0.514668 0.987829 0.743948
v 0.514669 0.866605 0.791226
v 0.484416 0.987829 0.743948
v -0.159095 0.973219 -0.120875
v -0.159095 0.973219 -0.143751
v -0.160378 0.733803 -0.120875
v 0.159095 0.973219 -0.120875
v 0.160378 0.733803 -0.120875
v 0.159095 0.973219 -0.143751
v -0.514694 0.987831 0.743944
v -0.514694 0.866607 0.791223
v -0.524161 0.971681 0.702536
v -0.524161 0.971681 0.702536
v -0.524161 0.842514 0.749815
v -0.474977 0.971680 0.702535
v -0.474977 0.842514 0.749814
v 0.484416 0.987829 0.743948
v 0.484416 0.866605 0.791226
v 0.474950 0.971679 0.702539
v 0.524134 0.971679 0.702539
v 0.474950 0.971679 0.702539
v 0.524134 0.842513 0.749817
v 0.474951 0.842513 0.749818
v -0.425484 0.965678 0.590267
v -0.425484 0.947711 0.579257
v -0.425484 0.937657 0.560739
v -0.543604 0.961892 0.603047
v -0.576788 0.965678 0.590267
v 0.458654 0.961892 0.603047
v 0.425470 0.965678 0.590267
v 0.576774 0.965678 0.590267
v 0.576774 0.947711 0.579257
v 0.576774 0.937657 0.560739
v -0.425484 0.965678 0.590267
v -0.430408 0.823716 0.718703
v -0.458669 0.961892 0.603047
v 0.576774 0.965678 0.590267
v 0.571865 0.823765 0.718637
v 0.543590 0.961892 0.603047
v 0.458654 0.961892 0.603047
v 0.458654 0.938043 0.588432
v 0.457804 0.823764 0.718635
v 0.458654 0.924696 0.563850
v -0.543604 0.961892 0.603047
v -0.543604 0.924696 0.563850
v -0.544469 0.823716 0.718702
v 0.425470 0.947711 0.579257
v 0.430128 0.823764 0.718635
v 0.425470 0.937657 0.560739
v -0.576788 0.947711 0.579257
v -0.572144 0.823716 0.718701
v -0.576788 0.937656 0.560739
v -0.458669 0.924696 0.563850
v -0.425484 0.937657 0.560739
v -0.430408 0.801466 0.695332
v 0.543590 0.924696 0.563850
v 0.576774 0.937657 0.560739
v 0.571865 0.801513 0.695267
v 0.543590 0.961892 0.603047
v 0.544189 0.823765 0.718637
v 0.543590 0.924696 0.563850
v 0.544190 0.801513 0.695267
v 0.425470 0.937657 0.560739
v 0.430129 0.801512 0.695265
v 0.458654 0.924696 0.563850
v 0.457805 0.801512 0.695266
v -0.543604 0.924696 0.563850
v -0.576788 0.937656 0.560739
v -0.544468 0.801466 0.695330
v -0.572144 0.801466 0.695330
v -0.458669 0.961892 0.603047
v -0.458084 0.823716 0.718703
v -0.458669 0.924696 0.563850
v -0.458083 0.801466 0.695331
v -0.167679 0.923345 0.072946
v -0.140873 0.897856 0.198916
v -0.533048 0.905339 -0.019277
v -0.516872 0.905339 -0.003101
v -0.299197 0.731759 -0.168483
v -0.283021 0.731759 -0.152308
v -0.160378 0.733803 -0.143751
v -0.160378 0.733803 -0.120875
v 0.516872 0.905339 -0.003101
v 0.533048 0.905339 -0.019277
v 0.283021 0.731759 -0.152308
v 0.299197 0.731759 -0.168483
v -0.141334 0.825103 0.291133
v -0.131694 0.710693 0.324887
v -0.136659 0.875923 0.037525
v -0.136659 0.693868 0.200962
v -0.151084 0.896822 -0.060901
v -0.151084 0.693868 -0.001353
v -0.514694 0.866607 0.791223
v -0.484442 0.866607 0.791223
v -0.524161 0.842514 0.749815
v -0.474977 0.842514 0.749814
v 0.514669 0.866605 0.791226
v 0.524134 0.842513 0.749817
v 0.484416 0.866605 0.791226
v 0.474951 0.842513 0.749818
v 0.411028 0.857256 0.843766
v 0.383904 0.790869 0.843689
v 0.442311 0.857722 0.843766
v 0.411028 0.768080 0.843681
v 0.461406 0.843050 0.843766
v 0.440780 0.767765 0.843681
v 0.461406 0.782283 0.843681
v -0.540905 0.843050 0.843765
v -0.557524 0.856554 0.843765
v -0.590891 0.857257 0.843765
v -0.618715 0.834134 0.843757
v -0.618715 0.791122 0.843689
v -0.590891 0.768080 0.843681
v -0.559987 0.767066 0.843681
v -0.540905 0.782284 0.843681
v -0.540905 0.843143 0.686386
v -0.461292 0.843143 0.686386
v -0.540905 0.843050 0.843765
v -0.540905 0.842991 1.025466
v 0.461406 0.843143 0.686386
v 0.539593 0.843143 0.686386
v 0.461406 0.843050 0.843766
v 0.461406 0.842991 1.025466
v 0.461406 0.843050 0.843766
v 0.461406 0.782283 0.843681
v 0.461406 0.843109 0.761371
v 0.461406 0.843143 0.686386
v 0.461406 0.782377 0.686301
v -0.540905 0.843050 0.843765
v -0.540905 0.782284 0.843681
v -0.540905 0.843109 0.761370
v -0.540905 0.843143 0.686386
v -0.540905 0.782377 0.686301
v 0.539593 0.843143 0.686386
v 0.539593 0.782377 0.686301
v 0.539593 0.843109 0.761371
v 0.539593 0.843050 0.843766
v -0.461292 0.843143 0.686386
v -0.461292 0.782377 0.686301
v -0.461292 0.843109 0.761370
v -0.461292 0.843050 0.843765
v -0.461292 0.782284 0.843681
v 0.539593 0.782283 0.843681
v 0.539593 0.843050 0.843766
v 0.537139 0.842944 1.129724
v 0.463860 0.842944 1.129724
v 0.539593 0.841111 1.129716
v 0.463860 0.842944 1.129724
v 0.463860 0.842944 1.129724
v 0.539593 0.783929 1.129647
v 0.461406 0.841111 1.129716
v 0.537139 0.782178 1.129639
v 0.537139 0.782178 1.129639
v 0.461406 0.783929 1.129647
v -0.461292 0.841111 1.129716
v -0.538759 0.782178 1.129639
v -0.463439 0.842945 1.129724
v -0.538759 0.842945 1.129724
v -0.540905 0.783930 1.129647
v -0.538759 0.842945 1.129724
v -0.140386 0.833600 -0.041972
v -0.140873 0.897856 -0.053025
v -0.166705 0.833600 0.072946
v -0.140386 0.833600 -0.041972
v 0.140122 0.833089 -0.041972
v -0.166705 0.833600 0.072946
v 0.167012 0.833089 0.072946
v -0.140386 0.833600 0.187863
v -0.140491 0.772806 0.271988
v -0.129302 0.674733 0.302780
v 0.140122 0.833089 -0.041972
v 0.140619 0.897345 -0.053025
v 0.167012 0.833089 0.072946
v 0.140619 0.897345 0.198916
v 0.131697 0.710693 0.324887
v 0.566733 0.826328 1.436694
v -0.433841 0.826262 1.436693
v 0.424852 0.826260 1.436694
v -0.577184 0.826334 1.436693
v -0.577184 0.826334 1.436693
v -0.561731 0.818255 1.436685
v -0.585322 0.818196 1.436685
v -0.585322 0.810127 1.436676
v 0.580831 0.818190 1.436686
v 0.572693 0.826328 1.436694
v 0.566733 0.826328 1.436694
v 0.558595 0.810122 1.436677
v -0.433841 0.826262 1.436693
v -0.419823 0.818170 1.436685
v -0.441933 0.818170 1.436685
v -0.441933 0.810148 1.436676
v 0.424852 0.826260 1.436694
v 0.438869 0.818168 1.436686
v 0.416760 0.818168 1.436686
v 0.416760 0.810145 1.436677
v 0.138313 0.825103 0.291133
v 0.544189 0.823765 0.718637
v 0.571865 0.823765 0.718637
v 0.544190 0.801513 0.695267
v 0.571865 0.801513 0.695267
v 0.430128 0.823764 0.718635
v 0.457804 0.823764 0.718635
v 0.430129 0.801512 0.695265
v 0.457805 0.801512 0.695266
v -0.458084 0.823716 0.718703
v -0.430408 0.823716 0.718703
v -0.458083 0.801466 0.695331
v -0.430408 0.801466 0.695332
v -0.572144 0.823716 0.718701
v -0.544469 0.823716 0.718702
v -0.572144 0.801466 0.695330
v -0.544468 0.801466 0.695330
v 0.580831 0.818190 1.436686
v 0.580831 0.810122 1.436677
v 0.572693 0.801984 1.436669
v -0.419823 0.818170 1.436685
v -0.419823 0.810148 1.436676
v -0.427915 0.802056 1.436668
v 0.438869 0.818168 1.436686
v 0.430777 0.802053 1.436669
v 0.438869 0.810145 1.436677
v -0.441933 0.810148 1.436676
v -0.433841 0.802056 1.436668
v -0.427915 0.802056 1.436668
v 0.416760 0.810145 1.436677
v 0.424852 0.802053 1.436669
v 0.430777 0.802053 1.436669
v -0.585322 0.810127 1.436676
v -0.569173 0.801989 1.436668
v -0.560525 0.797017 1.244265
v 0.558595 0.810122 1.436677
v 0.566733 0.801984 1.436669
v 0.572693 0.801984 1.436669
v -0.569173 0.801989 1.436668
v -0.561731 0.810068 1.436676
v -0.033296 0.794831 -0.096151
v 0.020903 0.776868 -0.240612
v 0.276639 0.671480 0.248407
v 0.187141 0.794831 0.193875
v -0.297884 0.671480 0.217436
v -0.198011 0.794831 0.128815
v 0.187141 0.794831 0.193875
v 0.294490 0.755731 0.261347
v 0.199364 0.794831 0.128854
v 0.294490 0.755731 0.261347
v -0.198011 0.794831 0.128815
v -0.315734 0.755731 0.230376
v 0.020903 0.776868 -0.240612
v 0.033296 0.794831 -0.096151
v 0.020903 0.671055 -0.236933
v 0.033296 0.794831 -0.096151
v -0.540905 0.783930 1.129647
v -0.540905 0.782225 1.025381
v -0.559076 0.767388 1.025381
v -0.461292 0.782377 0.686301
v -0.540905 0.782377 0.686301
v -0.461292 0.782344 0.761285
v -0.540905 0.782344 0.761285
v -0.461292 0.782284 0.843681
v -0.540905 0.782284 0.843681
v 0.539593 0.782377 0.686301
v 0.461406 0.782377 0.686301
v 0.539593 0.782343 0.761286
v 0.461406 0.782343 0.761286
v 0.539593 0.782283 0.843681
v 0.461406 0.782283 0.843681
v -0.538759 0.782178 1.129639
v -0.463439 0.782178 1.129639
v -0.540905 0.782183 1.119189
v -0.540905 0.782225 1.025381
v -0.540905 0.782284 0.843681
v -0.461292 0.782284 0.843681
v -0.461292 0.783930 1.129647
v -0.443320 0.768263 0.843681
v 0.461406 0.782225 1.025381
v 0.440783 0.767758 1.025381
v 0.411028 0.767993 1.025381
v 0.461406 0.842949 1.119274
v 0.463860 0.782178 1.129639
v 0.537139 0.782178 1.129639
v 0.461406 0.782182 1.119189
v 0.461406 0.782225 1.025381
v 0.461406 0.782283 0.843681
v 0.539593 0.782283 0.843681
v 0.043721 0.779289 -0.406926
v -0.043721 0.779289 -0.406926
v -0.047772 0.744831 -0.356700
v -0.043721 0.779289 -0.406926
v -0.043721 0.699911 -0.600992
v -0.043721 0.549055 -0.783997
v -0.047772 0.744831 -0.356700
v -0.047772 0.706645 -0.357040
v -0.020903 0.776868 -0.240612
v 0.020903 0.776868 -0.240612
v 0.020903 0.671055 -0.236933
v -0.020903 0.776868 -0.240612
v -0.033296 0.794831 -0.096151
v -0.020903 0.671055 -0.236933
v -0.047772 0.776803 -0.232986
v -0.047772 0.796190 -0.265887
v -0.047772 0.796530 -0.304073
v -0.047772 0.777731 -0.337312
v 0.047772 0.744831 -0.356700
v -0.047772 0.744831 -0.356700
v -0.047772 0.776803 -0.232986
v 0.047772 0.776803 -0.232986
v -0.047772 0.743563 -0.214188
v -0.047772 0.705377 -0.214528
v -0.129302 0.674733 -0.156889
v 0.129304 0.674733 -0.156889
v -0.140491 0.772806 -0.126097
v -0.140386 0.833600 -0.041972
v 0.140122 0.833089 -0.041972
v 0.137451 0.772806 -0.126097
v -0.590891 0.767994 1.025381
v -0.540905 0.842949 1.119274
v 0.561862 0.767786 0.843681
v 0.589970 0.768080 0.843681
v 0.617094 0.790869 0.843689
v 0.617094 0.834387 0.843758
v 0.589970 0.857256 0.843766
v 0.557576 0.857231 0.843766
v -0.293315 0.755731 0.261064
v -0.185994 0.794831 0.193552
v 0.317041 0.755731 0.230478
v 0.199364 0.794831 0.128854
v -0.293315 0.755731 0.261064
v -0.275464 0.671480 0.248123
v -0.315734 0.755731 0.230376
v -0.297884 0.671480 0.217436
v 0.317041 0.755731 0.230478
v 0.299191 0.671480 0.217538
v 0.294490 0.755731 0.261347
v 0.276639 0.671480 0.248407
v 0.425006 0.719695 0.268909
v 0.464430 0.754267 0.303104
v 0.413033 0.754267 0.373846
v 0.464430 0.754267 0.303104
v 0.621433 0.674888 0.417173
v 0.769488 0.524032 0.524741
v -0.362950 0.719695 0.346303
v -0.456624 0.754267 0.301500
v -0.405220 0.754267 0.372238
v -0.362950 0.719695 0.346303
v -0.363225 0.681509 0.346503
v -0.405220 0.754267 0.372238
v -0.562212 0.674888 0.486321
v -0.710257 0.524032 0.593903
v -0.418974 0.719695 0.268909
v -0.362950 0.719695 0.346303
v -0.418974 0.719695 0.268909
v -0.403270 0.752595 0.257541
v -0.320320 0.771393 0.315444
v -0.376344 0.771393 0.238050
v -0.289387 0.771053 0.293053
v -0.345412 0.771053 0.215658
v -0.262737 0.751666 0.273761
v -0.318761 0.751666 0.196367
v -0.247509 0.718426 0.262738
v -0.303534 0.718426 0.185344
v -0.303809 0.680240 0.185543
v 0.043721 0.779289 -0.406926
v 0.043721 0.699911 -0.600992
v 0.043721 0.549055 -0.783997
v 0.047772 0.743563 -0.214188
v 0.047772 0.776803 -0.232986
v 0.047772 0.705377 -0.214528
v 0.047772 0.796190 -0.265887
v 0.047772 0.796530 -0.304073
v 0.047772 0.777731 -0.337312
v 0.047772 0.744831 -0.356700
v 0.160378 0.733803 -0.120875
v 0.283021 0.731759 -0.152308
v 0.160378 0.733803 -0.143751
v 0.299197 0.731759 -0.168483
v 0.372242 0.729517 0.349149
v 0.413033 0.754267 0.373846
v 0.353445 0.639027 0.335492
v 0.570036 0.674888 0.487915
v 0.718090 0.524032 0.595483
v 0.425006 0.719695 0.268909
v 0.372242 0.729517 0.349149
v 0.353277 0.752595 0.334935
v 0.382375 0.771393 0.238050
v 0.326351 0.771393 0.315444
v 0.351443 0.771053 0.215658
v 0.324793 0.751666 0.196367
v 0.309565 0.718426 0.185344
v 0.309840 0.680240 0.185543
v 0.409301 0.752595 0.257541
v -0.419250 0.681509 0.269108
v -0.456624 0.754267 0.301500
v -0.613616 0.674889 0.415584
v -0.761661 0.524033 0.523166
v -0.131694 0.710693 0.324887
v -0.129302 0.674733 0.302780
v 0.000002 0.710693 0.372326
v -0.001017 0.674733 0.302780
v 0.129304 0.674733 0.302780
v 0.131697 0.710693 -0.178995
v -0.131694 0.710693 -0.178995
v 0.129304 0.674733 -0.156889
v -0.129302 0.674733 -0.156889
v 0.047772 0.706645 -0.357040
v -0.047772 0.705377 -0.214528
v 0.047772 0.705377 -0.214528
v -0.047772 0.672477 -0.233915
v 0.047772 0.672477 -0.233915
v -0.047772 0.653678 -0.267155
v 0.047772 0.653678 -0.267155
v -0.047772 0.654018 -0.305341
v 0.047772 0.654018 -0.305341
v -0.047772 0.673405 -0.338241
v 0.145275 0.693868 -0.001353
v -0.151084 0.693868 -0.001353
v 0.130851 0.693868 0.200962
v -0.136659 0.693868 0.200962
v 0.253816 0.680240 0.262938
v 0.253541 0.718426 0.262738
v 0.268768 0.751666 0.273761
v 0.295419 0.771053 0.293053
v -0.247785 0.680240 0.262938
v -0.303809 0.680240 0.185543
v -0.263489 0.647340 0.274306
v -0.319514 0.647340 0.196911
v -0.290415 0.628541 0.293797
v -0.346439 0.628541 0.216402
v -0.377372 0.628881 0.238793
v -0.404022 0.648269 0.258085
v 0.309840 0.680240 0.185543
v 0.253816 0.680240 0.262938
v 0.325545 0.647340 0.196911
v 0.269521 0.647340 0.274306
v 0.352471 0.628542 0.216402
v 0.383403 0.628881 0.238793
v 0.327379 0.628881 0.316188
v 0.410053 0.648269 0.258085
v 0.353445 0.639027 0.335492
v 0.047772 0.673405 -0.338241
v 0.043721 0.618941 -0.341094
v -0.047772 0.673405 -0.338241
v -0.043721 0.618941 -0.341094
v 0.276639 0.671480 0.248407
v 0.299191 0.671480 0.217538
v 0.166591 0.644645 0.181247
v 0.299191 0.671480 0.217538
v 0.178814 0.644645 0.116226
v 0.166591 0.644645 0.181247
v -0.275464 0.671480 0.248123
v -0.165451 0.644645 0.180915
v -0.297884 0.671480 0.217436
v -0.177468 0.644645 0.116179
v 0.020903 0.671055 -0.236933
v -0.020903 0.671055 -0.236933
v 0.033296 0.644645 -0.071675
v -0.020903 0.671055 -0.236933
v -0.033296 0.644645 -0.072348
v 0.033296 0.644645 -0.071675
v -0.347998 0.648269 0.335480
v -0.404022 0.648269 0.258085
v -0.351966 0.593918 0.333537
v -0.403370 0.593918 0.262800
v 0.410053 0.648269 0.258085
v 0.353445 0.639027 0.335492
v 0.411172 0.593918 0.264409
v 0.359774 0.593918 0.335151
v -0.347998 0.648269 0.335480
v -0.321347 0.628881 0.316188
v 0.296446 0.628542 0.293797
v -0.043721 0.618941 -0.341094
v 0.043721 0.618941 -0.341094
v -0.029019 0.566207 -0.557705
v 0.029019 0.566207 -0.557705
v -0.021058 0.487231 -0.701326
v 0.021058 0.487231 -0.701326
v 0.411172 0.593918 0.264409
v 0.359774 0.593918 0.335151
v 0.577771 0.541184 0.403624
v 0.543658 0.541184 0.450577
v 0.689284 0.462209 0.494483
v 0.664529 0.462209 0.528555
v -0.351966 0.593918 0.333537
v -0.403370 0.593918 0.262800
v -0.535838 0.541184 0.448980
v -0.569956 0.541185 0.402031
v -0.656703 0.462209 0.526970
v -0.681461 0.462209 0.492900
v 0.043721 0.549055 -0.783997
v -0.043721 0.549055 -0.783997
v 0.021058 0.487231 -0.701326
v -0.021058 0.487231 -0.701326
v 0.031656 0.540000 -0.764820
v -0.031656 0.540000 -0.764820
v 0.031656 0.496573 -0.705463
v 0.031656 0.520575 -0.814744
v 0.031656 0.478630 -0.834068
v 0.029005 0.411951 -0.835877
v 0.028917 0.345504 -0.830488
v -0.710257 0.524032 0.593903
v -0.656703 0.462209 0.526970
v -0.761661 0.524033 0.523166
v -0.681461 0.462209 0.492900
v 0.769488 0.524032 0.524741
v 0.689284 0.462209 0.494483
v 0.718090 0.524032 0.595483
v 0.664529 0.462209 0.528555
v -0.031656 0.520575 -0.814744
v -0.031656 0.496573 -0.705463
v -0.031656 0.478630 -0.834068
v -0.691040 0.467498 0.486761
v -0.739062 0.510917 0.521658
v -0.701843 0.510917 0.572874
v -0.779446 0.491485 0.551005
v -0.795074 0.449538 0.562361
v -0.794974 0.402234 0.565565
v -0.790557 0.347413 0.562464
v 0.750057 0.491490 0.603795
v 0.765691 0.449546 0.615153
v 0.768712 0.402242 0.614072
v 0.764305 0.348332 0.610970
v 0.746881 0.510916 0.523230
v 0.709668 0.510916 0.574450
v 0.661647 0.467488 0.539561
v -0.031656 0.496573 -0.705463
v 0.031656 0.496573 -0.705463
v -0.031656 0.457235 -0.714367
v 0.031656 0.457235 -0.714367
v -0.029005 0.412462 -0.699482
v 0.029005 0.412462 -0.699482
v 0.019295 0.353978 -0.705098
v 0.787271 0.491490 0.552575
v 0.698861 0.467488 0.488341
v 0.802904 0.449546 0.563933
v -0.742228 0.491485 0.602221
v -0.653821 0.467497 0.537977
v -0.757855 0.449537 0.613577
v -0.653821 0.467497 0.537977
v -0.691040 0.467498 0.486761
v -0.661019 0.428158 0.543207
v -0.698238 0.428159 0.491991
v -0.650534 0.402763 0.532311
v -0.684636 0.402763 0.485383
v -0.683466 0.355904 0.496536
v 0.698861 0.467488 0.488341
v 0.661647 0.467488 0.539561
v 0.706063 0.428151 0.493574
v 0.668850 0.428151 0.544794
v 0.692463 0.402753 0.486970
v 0.658366 0.402753 0.533900
v 0.668671 0.356500 0.529271
v -0.029005 0.411951 -0.835877
v -0.019203 0.354583 -0.705098
v -0.029086 0.346415 -0.830488
v 0.802810 0.402242 0.567141
v 0.691299 0.355895 0.498127
v 0.798398 0.347421 0.564045
v -0.760872 0.402234 0.612493
v -0.660835 0.356509 0.527679
v -0.756460 0.348324 0.609386
v -0.683004 0.358270 0.513227
v -0.683351 0.309299 0.512925
v 0.684443 0.358433 0.523621
v 0.684443 0.358433 0.523621
v 0.684174 0.309291 0.524177
v 0.691191 0.309291 0.514519
v -0.676607 0.358441 0.522030
v -0.676607 0.358441 0.522030
v -0.676333 0.309299 0.522582
v -0.689981 0.309367 0.538007
v 0.698028 0.357701 0.538570
v 0.697824 0.309362 0.539600
v -0.690191 0.357706 0.536980
v -0.689981 0.309367 0.538007
v -0.701361 0.357408 0.521609
v -0.702236 0.309367 0.521143
v 0.709197 0.357403 0.523198
v 0.690839 0.358262 0.514818
v 0.710077 0.309362 0.522735
v 0.690839 0.358262 0.514818
v 0.691191 0.309291 0.514519
v 0.710077 0.309362 0.522735
v 0.005521 0.356345 -0.714536
v -0.005969 0.307374 -0.714645
v -0.660835 0.356509 0.527679
v -0.683466 0.355904 0.496536
v -0.756460 0.348324 0.609386
v -0.790557 0.347413 0.562464
v 0.005521 0.356345 -0.714536
v 0.005969 0.307374 -0.714645
v 0.668671 0.356500 0.529271
v 0.764305 0.348332 0.610970
v 0.691299 0.355895 0.498127
v 0.798398 0.347421 0.564045
v -0.005361 0.356516 -0.714536
v -0.005361 0.356516 -0.714536
v -0.005969 0.307374 -0.714645
v -0.010423 0.307445 -0.734754
v 0.009531 0.355486 -0.734314
v -0.009470 0.355784 -0.734314
v 0.010423 0.307445 -0.734754
v -0.009470 0.355784 -0.734314
v -0.010423 0.307445 -0.734754
v 0.010423 0.307445 -0.734754
v -0.019203 0.354583 -0.705098
v 0.019295 0.353978 -0.705098
v -0.029086 0.346415 -0.830488
v 0.028917 0.345504 -0.830488
v 0.769410 0.351954 0.590521
v 0.752222 0.306016 0.573617
v 0.752543 0.353845 0.573188
v 0.752222 0.306016 0.573617
v -0.751099 0.353671 0.562800
v -0.751394 0.306012 0.562371
v -0.772737 0.351649 0.573567
v -0.751394 0.306012 0.562371
v 0.769410 0.351954 0.590521
v 0.768686 0.304927 0.591084
v 0.780579 0.351655 0.575149
v 0.768686 0.304927 0.591084
v -0.744702 0.353842 0.571603
v -0.744376 0.306012 0.572029
v 0.005448 0.351757 -0.798765
v -0.005969 0.304099 -0.798758
v 0.005448 0.351757 -0.798765
v 0.005969 0.304099 -0.798758
v 0.009459 0.349738 -0.822599
v 0.005969 0.304099 -0.798758
v 0.758939 0.353674 0.564384
v 0.759240 0.306016 0.563959
v 0.780579 0.351655 0.575149
v 0.780939 0.304927 0.574219
v -0.772737 0.351649 0.573567
v -0.761567 0.351947 0.588938
v -0.773092 0.304921 0.572633
v -0.761567 0.351947 0.588938
v -0.760837 0.304920 0.589497
v -0.773092 0.304921 0.572633
v -0.005433 0.351928 -0.798765
v -0.005969 0.304099 -0.798758
v 0.009459 0.349738 -0.822599
v -0.009542 0.350037 -0.822599
v 0.010423 0.303010 -0.822344
v -0.009542 0.350037 -0.822599
v -0.010423 0.303010 -0.822344
v 0.010423 0.303010 -0.822344
v -0.678040 0.311764 0.493920
v -0.801283 0.306079 0.566672
v -0.656617 0.311764 0.523401
v -0.678040 0.311764 0.493920
v -0.676263 0.093193 0.497883
v 0.685878 0.311754 0.495515
v 0.664458 0.311754 0.524997
v 0.664458 0.311754 0.524997
v 0.771724 0.306088 0.619737
v 0.667702 0.093183 0.522099
v 0.018221 0.309837 -0.699177
v 0.013970 0.091266 -0.700098
v 0.018221 0.309837 -0.699177
v -0.018221 0.309837 -0.699177
v 0.031818 0.304171 -0.841644
v 0.685878 0.311754 0.495515
v 0.684124 0.093183 0.499495
v 0.809129 0.306088 0.568255
v 0.771724 0.306088 0.619737
v 0.809129 0.306088 0.568255
v 0.689115 0.001286 0.539742
v 0.707521 0.001286 0.514408
v -0.801283 0.306079 0.566672
v -0.763874 0.306079 0.618151
v -0.699649 0.001292 0.512790
v -0.656617 0.311764 0.523401
v -0.659838 0.093193 0.520485
v -0.763874 0.306079 0.618151
v -0.681240 0.001292 0.538122
v -0.018221 0.309837 -0.699177
v -0.013970 0.091266 -0.700098
v -0.031818 0.304171 -0.841644
v 0.031818 0.304171 -0.841644
v -0.031818 0.304171 -0.841644
v 0.015657 -0.000631 -0.727792
v -0.015657 -0.000631 -0.727792
v -0.659838 0.093193 0.520485
v -0.681240 0.001292 0.538122
v -0.699649 0.001292 0.512790
v 0.667702 0.093183 0.522099
v 0.689115 0.001286 0.539742
v 0.707521 0.001286 0.514408
v 0.015657 -0.000631 -0.727792
v -0.013970 0.091266 -0.700098
v -0.015657 -0.000631 -0.727792
v 0.129304 0.674733 0.302780
v 0.137451 0.772806 0.271988
v 0.140122 0.833089 0.187863
v -0.422773 0.796968 1.238705
v -0.414681 0.805060 1.238713
v -0.414681 0.823500 1.238732
v -0.422773 0.831592 1.238740
v -0.440351 0.831592 1.238740
v -0.461292 0.841111 1.129716
v -0.448443 0.823500 1.238732
v -0.461292 0.783930 1.129647
v -0.448443 0.805060 1.238713
v -0.440351 0.796968 1.238705
v -0.411308 0.768080 0.843681
v -0.383484 0.791122 0.843689
v -0.411308 0.857257 0.843765
v -0.442210 0.857165 0.843765
v -0.237683 0.825103 0.072946
v -0.167679 0.923345 0.072946
v -0.140873 0.897856 -0.053025
v -0.141334 0.825103 -0.145242
v -0.131694 0.710693 -0.178995
v 0.131697 0.710693 -0.178995
v 0.138313 0.825103 -0.145242
v 0.140619 0.897345 -0.053025
v 0.168007 0.922835 0.072946
v 0.234492 0.825103 0.072946
v 0.263392 0.710693 0.072946
v 0.228105 0.581446 0.072946
v 0.131697 0.486831 0.072946
v 0.000002 0.710693 -0.205131
v -0.131694 0.486831 0.072946
v -0.228102 0.581446 0.072946
v -0.263390 0.710693 0.072946
v -0.540905 0.841111 1.129716
v -0.556538 0.823556 1.238732
v -0.564676 0.831694 1.238740
v -0.582355 0.831694 1.238740
v -0.590493 0.823556 1.238732
v -0.590493 0.805011 1.238713
v -0.590891 0.767925 1.129639
v -0.582355 0.796873 1.238705
v -0.559659 0.767925 1.129639
v -0.564676 0.796873 1.238705
v -0.540905 0.783930 1.129647
v -0.556538 0.805011 1.238713
v -0.540905 0.841111 1.129716
v 0.461406 0.841111 1.129716
v 0.445379 0.823498 1.238733
v 0.437288 0.831590 1.238741
v 0.419710 0.831590 1.238741
v 0.411618 0.823498 1.238733
v 0.411618 0.805058 1.238714
v 0.411028 0.767924 1.129639
v 0.419710 0.796966 1.238705
v 0.440786 0.767753 1.129639
v 0.437288 0.796966 1.238705
v 0.461406 0.783929 1.129647
v 0.445379 0.805058 1.238714
v 0.461406 0.841111 1.129716
v 0.560185 0.831689 1.238741
v 0.539593 0.841111 1.129716
v 0.552047 0.823551 1.238733
v 0.539593 0.783929 1.129647
v 0.552047 0.805006 1.238714
v 0.539593 0.783929 1.129647
v 0.560185 0.796868 1.238705
v 0.577864 0.796868 1.238705
v 0.586002 0.805006 1.238714
v 0.586002 0.823551 1.238733
v 0.577864 0.831689 1.238741
v 0.168007 0.922835 0.072946
v 0.425470 0.965678 0.590267
v -0.576788 0.965678 0.590267
v -0.569173 0.826334 1.436693
v -0.427915 0.826262 1.436693
v 0.430777 0.826260 1.436694
v 0.383904 0.834387 0.843758
v -0.461292 0.843050 0.843765
v 0.160378 0.733803 -0.143751
v -0.533048 0.905339 -0.019277
v 0.372242 0.729517 0.349149
v 0.047772 0.673405 -0.338241
v -0.247785 0.680240 0.262938
v -0.047772 0.673405 -0.338241
v 0.410053 0.648269 0.258085
v -0.347998 0.648269 0.335480
v -0.031656 0.540000 -0.764820
v -0.701843 0.510917 0.572874
v 0.746881 0.510916 0.523230
v 0.709668 0.510916 0.574450
v -0.739062 0.510917 0.521658
v 0.031656 0.540000 -0.764820
v -0.404022 0.648269 0.258085
v 0.047772 0.673405 -0.338241
v 0.131697 0.710693 0.324887
v 0.425006 0.719695 0.268909
v -0.418974 0.719695 0.268909
v 0.047772 0.744831 -0.356700
v -0.347245 0.752595 0.334935
v -0.160378 0.733803 -0.143751
v -0.463439 0.782178 1.129639
v -0.461292 0.783930 1.129647
v -0.540905 0.783930 1.129647
v -0.383484 0.834134 0.843757
v -0.560525 0.797017 1.244265
v -0.577184 0.801989 1.436668
v 0.558595 0.818190 1.436686
vt 0.927110 0.943790
vt 0.910170 0.989240
vt 0.927040 0.987550
vt 0.910310 0.944710
vt 0.910430 0.899530
vt 0.893850 0.944050
vt 0.834470 0.939920
vt 0.893870 0.987700
vt 0.831480 0.826130
vt 0.843460 0.920680
vt 0.838690 0.823350
vt 0.836360 0.920140
vt 0.838690 0.823350
vt 0.836360 0.920140
vt 0.843460 0.920680
vt 0.831480 0.826130
vt 0.497630 0.975900
vt 0.598700 0.939160
vt 0.604730 0.957610
vt 0.497630 0.956520
vt 0.394280 0.958190
vt 0.395210 0.938860
vt 0.838690 0.823350
vt 0.836360 0.920140
vt 0.843460 0.920680
vt 0.831480 0.826130
vt 0.838690 0.823350
vt 0.836360 0.920140
vt 0.843460 0.920680
vt 0.831480 0.826130
vt 0.831480 0.826130
vt 0.843460 0.920680
vt 0.838690 0.823350
vt 0.836360 0.920140
vt 0.838690 0.823350
vt 0.836360 0.920140
vt 0.843460 0.920680
vt 0.831480 0.826130
vt 0.831480 0.826130
vt 0.843460 0.920680
vt 0.838690 0.823350
vt 0.836360 0.920140
vt 0.831480 0.826130
vt 0.843460 0.920680
vt 0.838690 0.823350
vt 0.836360 0.920140
vt 0.839910 0.920410
vt 0.831480 0.826130
vt 0.836360 0.920140
vt 0.835080 0.824740
vt 0.843460 0.920680
vt 0.838690 0.823350
vt 0.839910 0.920410
vt 0.831480 0.826130
vt 0.836360 0.920140
vt 0.835080 0.824740
vt 0.843460 0.920680
vt 0.838690 0.823350
vt 0.839910 0.920410
vt 0.831480 0.826130
vt 0.836360 0.920140
vt 0.835080 0.824740
vt 0.843460 0.920680
vt 0.838690 0.823350
vt 0.983590 0.893820
vt 0.986120 0.940330
vt 0.965960 0.849030
vt 0.981060 0.847320
vt 0.020680 0.973090
vt 0.052720 0.994520
vt 0.052630 0.976370
vt 0.020800 0.998100
vt 0.003140 0.977220
vt 0.003230 0.994510
vt 0.221840 0.492510
vt 0.276930 0.541710
vt 0.276930 0.492510
vt 0.221840 0.541710
vt 0.213870 0.511090
vt 0.301310 0.557220
vt 0.301380 0.513060
vt 0.215910 0.557600
vt 0.839910 0.920410
vt 0.831480 0.826130
vt 0.836360 0.920140
vt 0.835080 0.824740
vt 0.843460 0.920680
vt 0.838690 0.823350
vt 0.839910 0.920410
vt 0.831480 0.826130
vt 0.836360 0.920140
vt 0.835080 0.824740
vt 0.843460 0.920680
vt 0.838690 0.823350
vt 0.835080 0.824740
vt 0.843460 0.920680
vt 0.838690 0.823350
vt 0.839910 0.920410
vt 0.831480 0.826130
vt 0.836360 0.920140
vt 0.277140 0.516730
vt 0.318550 0.543950
vt 0.317970 0.520220
vt 0.277940 0.549430
vt 0.254340 0.522110
vt 0.254890 0.544710
vt 0.301380 0.513060
vt 0.215910 0.557600
vt 0.301310 0.557220
vt 0.213870 0.511090
vt 0.863670 0.815930
vt 0.794170 0.839250
vt 0.875010 0.828400
vt 0.785300 0.825240
vt 0.476510 0.421040
vt 0.743330 0.435950
vt 0.476510 0.452590
vt 0.743330 0.421040
vt 0.200840 0.838590
vt 0.131610 0.815930
vt 0.120270 0.828400
vt 0.209550 0.825810
vt 0.488670 0.460730
vt 0.759920 0.428690
vt 0.759920 0.460730
vt 0.488670 0.460730
vt 0.488670 0.428690
vt 0.759920 0.428690
vt 0.892760 0.793990
vt 0.903280 0.820610
vt 0.901760 0.792700
vt 0.859410 0.825530
vt 0.886760 0.794850
vt 0.859480 0.798370
vt 0.877760 0.796140
vt 0.841340 0.795850
vt 0.859550 0.767880
vt 0.852930 0.758240
vt 0.859340 0.852680
vt 0.871170 0.851270
vt 0.847660 0.851240
vt 0.813860 0.848300
vt 0.904800 0.848520
vt 0.759920 0.474760
vt 0.488670 0.460730
vt 0.759920 0.460730
vt 0.488670 0.488840
vt 0.759920 0.488840
vt 0.955890 0.850170
vt 0.910560 0.854350
vt 0.940780 0.851880
vt 0.910730 0.772600
vt 0.932620 0.774350
vt 0.733060 0.831440
vt 0.659440 0.857320
vt 0.740280 0.846480
vt 0.654690 0.840750
vt 0.476510 0.482700
vt 0.743330 0.452590
vt 0.743330 0.482700
vt 0.476510 0.452590
vt 0.488670 0.428690
vt 0.759920 0.415750
vt 0.759920 0.428690
vt 0.488670 0.400160
vt 0.476440 0.428690
vt 0.488670 0.400160
vt 0.488670 0.428690
vt 0.476440 0.400160
vt 0.831480 0.826130
vt 0.843460 0.920680
vt 0.838690 0.823350
vt 0.836360 0.920140
vt 0.335130 0.855570
vt 0.261510 0.832400
vt 0.254560 0.845380
vt 0.339450 0.842280
vt 0.743330 0.391730
vt 0.476510 0.421040
vt 0.743330 0.421040
vt 0.476510 0.390590
vt 0.215910 0.557600
vt 0.301380 0.513060
vt 0.213870 0.511090
vt 0.301310 0.557220
vt 0.210240 0.627510
vt 0.183950 0.584420
vt 0.210500 0.584420
vt 0.184320 0.627510
vt 0.210440 0.656440
vt 0.184020 0.656440
vt 0.210000 0.724130
vt 0.184240 0.724130
vt 0.184320 0.627510
vt 0.210500 0.584420
vt 0.183950 0.584420
vt 0.210240 0.627510
vt 0.184020 0.656440
vt 0.210440 0.656440
vt 0.184240 0.724130
vt 0.210000 0.724130
vt 0.237790 0.584420
vt 0.211600 0.627510
vt 0.237520 0.627510
vt 0.211230 0.584420
vt 0.215910 0.557600
vt 0.301380 0.513060
vt 0.213870 0.511090
vt 0.301310 0.557220
vt 0.743330 0.375890
vt 0.476510 0.390590
vt 0.743330 0.391730
vt 0.476510 0.359640
vt 0.743330 0.358890
vt 0.759920 0.400160
vt 0.488670 0.369740
vt 0.759920 0.369740
vt 0.488670 0.400160
vt 0.039630 0.524870
vt 0.048640 0.465710
vt 0.050540 0.524870
vt 0.017820 0.524870
vt 0.028730 0.524870
vt 0.076450 0.302690
vt 0.033140 0.323880
vt 0.069720 0.323000
vt 0.022670 0.301990
vt 0.079140 0.253080
vt 0.026790 0.251870
vt 0.078090 0.211660
vt 0.028620 0.217540
vt 0.069330 0.148390
vt 0.033960 0.161930
vt 0.326960 0.700650
vt 0.294830 0.694050
vt 0.326960 0.694050
vt 0.294830 0.700650
vt 0.326960 0.707250
vt 0.294830 0.707250
vt 0.326960 0.713850
vt 0.294830 0.713850
vt 0.326960 0.720450
vt 0.294830 0.720450
vt 0.326960 0.675260
vt 0.294830 0.675260
vt 0.326960 0.644010
vt 0.281200 0.644010
vt 0.326960 0.613730
vt 0.281200 0.613730
vt 0.033140 0.323880
vt 0.069720 0.323000
vt 0.052380 0.330840
vt 0.076450 0.302690
vt 0.022670 0.301990
vt 0.079140 0.253080
vt 0.026790 0.251870
vt 0.078090 0.211660
vt 0.028620 0.217540
vt 0.069330 0.148390
vt 0.033960 0.161930
vt 0.211910 0.809930
vt 0.262020 0.831140
vt 0.211910 0.831140
vt 0.262020 0.809930
vt 0.256090 0.546240
vt 0.205980 0.525030
vt 0.205980 0.546240
vt 0.256090 0.525030
vt 0.289050 0.546240
vt 0.289050 0.516040
vt 0.320990 0.546240
vt 0.320990 0.516040
vt 0.005010 0.465710
vt 0.017820 0.524870
vt 0.006910 0.524870
vt 0.028730 0.524870
vt 0.039630 0.524870
vt 0.294830 0.700650
vt 0.326960 0.694050
vt 0.294830 0.694050
vt 0.326960 0.700650
vt 0.294830 0.707250
vt 0.326960 0.707250
vt 0.294830 0.713850
vt 0.326960 0.713850
vt 0.294830 0.720910
vt 0.326960 0.720910
vt 0.294830 0.675260
vt 0.326960 0.675260
vt 0.838690 0.823350
vt 0.836360 0.920140
vt 0.843460 0.920680
vt 0.831480 0.826130
vt 0.048640 0.465710
vt 0.050540 0.524870
vt 0.839910 0.920410
vt 0.831480 0.826130
vt 0.836360 0.920140
vt 0.835080 0.824740
vt 0.843460 0.920680
vt 0.838690 0.823350
vt 0.278330 0.565200
vt 0.255290 0.560890
vt 0.235510 0.541700
vt 0.235830 0.554400
vt 0.194040 0.541550
vt 0.194290 0.551800
vt 0.237790 0.584420
vt 0.210240 0.627510
vt 0.211230 0.584420
vt 0.237520 0.627510
vt 0.253940 0.505930
vt 0.276740 0.500500
vt 0.234910 0.516860
vt 0.235220 0.529550
vt 0.193550 0.521490
vt 0.193800 0.531740
vt 0.835080 0.824740
vt 0.843460 0.920680
vt 0.838690 0.823350
vt 0.839910 0.920410
vt 0.831480 0.826130
vt 0.836360 0.920140
vt 0.006910 0.524870
vt 0.005010 0.465710
vt 0.295850 0.484260
vt 0.188110 0.519210
vt 0.311080 0.519210
vt 0.203350 0.484260
vt 0.289050 0.516040
vt 0.256090 0.546240
vt 0.256090 0.525030
vt 0.289050 0.546240
vt 0.320990 0.516040
vt 0.320990 0.546240
vt 0.001370 0.998270
vt 0.052710 0.975460
vt 0.052690 0.998660
vt 0.001900 0.975340
vt 0.249630 0.504780
vt 0.275920 0.547870
vt 0.276180 0.504780
vt 0.249990 0.547870
vt 0.210440 0.656440
vt 0.240070 0.627510
vt 0.210240 0.627510
vt 0.240270 0.656440
vt 0.210440 0.656440
vt 0.240070 0.627510
vt 0.210240 0.627510
vt 0.240270 0.656440
vt 0.873300 0.748690
vt 0.866420 0.758280
vt 0.497640 0.722140
vt 0.378810 0.700520
vt 0.375710 0.709100
vt 0.497640 0.713240
vt 0.614850 0.709600
vt 0.612520 0.700940
vt 0.880190 0.851430
vt 0.887940 0.774300
vt 0.865130 0.849750
vt 0.855090 0.848630
vt 0.463330 0.452330
vt 0.471640 0.421040
vt 0.471640 0.452590
vt 0.463330 0.421480
vt 0.408630 0.452280
vt 0.408630 0.421430
vt 0.846310 0.748610
vt 0.859580 0.748220
vt 0.613120 0.488840
vt 0.685810 0.460730
vt 0.685810 0.488840
vt 0.613120 0.460730
vt 0.476440 0.488840
vt 0.488670 0.460730
vt 0.488670 0.488840
vt 0.476440 0.460730
vt 0.463330 0.483140
vt 0.471640 0.452590
vt 0.471640 0.482700
vt 0.463330 0.452330
vt 0.408630 0.483090
vt 0.408630 0.452280
vt 0.613120 0.460730
vt 0.685810 0.428690
vt 0.685810 0.460730
vt 0.613120 0.460730
vt 0.613120 0.428690
vt 0.685810 0.428690
vt 0.463330 0.359760
vt 0.471640 0.390590
vt 0.471640 0.359640
vt 0.463330 0.390460
vt 0.408630 0.359810
vt 0.463330 0.390460
vt 0.463330 0.359760
vt 0.408630 0.390470
vt 0.001370 0.998270
vt 0.052710 0.975460
vt 0.052690 0.998660
vt 0.001900 0.975340
vt 0.326960 0.675260
vt 0.281200 0.644010
vt 0.326960 0.644010
vt 0.294830 0.675260
vt 0.613120 0.428690
vt 0.685810 0.400160
vt 0.685810 0.428690
vt 0.613120 0.400160
vt 0.463330 0.390460
vt 0.408630 0.421430
vt 0.463330 0.421480
vt 0.408630 0.390470
vt 0.685810 0.400160
vt 0.613120 0.369740
vt 0.685810 0.369740
vt 0.613120 0.400160
vt 0.272960 0.522740
vt 0.221610 0.545550
vt 0.222150 0.522610
vt 0.272940 0.545930
vt 0.069330 0.148390
vt 0.028620 0.217540
vt 0.078090 0.211660
vt 0.033960 0.161930
vt 0.240070 0.627510
vt 0.210440 0.656440
vt 0.210240 0.627510
vt 0.240270 0.656440
vt 0.240070 0.627510
vt 0.210440 0.656440
vt 0.240270 0.656440
vt 0.209870 0.651290
vt 0.236070 0.583600
vt 0.209650 0.583600
vt 0.235620 0.651290
vt 0.209870 0.651290
vt 0.236070 0.583600
vt 0.209650 0.583600
vt 0.219090 0.651290
vt 0.259560 0.709500
vt 0.244600 0.699270
vt 0.244600 0.709500
vt 0.259560 0.699270
vt 0.258860 0.699300
vt 0.245030 0.709280
vt 0.258880 0.709350
vt 0.245030 0.699320
vt 0.307620 0.559440
vt 0.256820 0.536120
vt 0.307630 0.536240
vt 0.256290 0.559050
vt 0.281200 0.613730
vt 0.326960 0.644010
vt 0.281200 0.644010
vt 0.326960 0.613730
vt 0.236070 0.583600
vt 0.209870 0.651290
vt 0.209650 0.583600
vt 0.235620 0.651290
vt 0.236070 0.583600
vt 0.209870 0.651290
vt 0.209650 0.583600
vt 0.221570 0.651290
vt 0.598650 0.246610
vt 0.568460 0.246610
vt 0.568460 0.246610
vt 0.598650 0.246610
vt 0.628830 0.246610
vt 0.628830 0.246610
vt 0.628830 0.246610
vt 0.628830 0.325850
vt 0.628830 0.325850
vt 0.628830 0.325850
vt 0.628830 0.325850
vt 0.598650 0.325850
vt 0.598650 0.325850
vt 0.568460 0.325850
vt 0.568460 0.325850
vt 0.568460 0.325850
vt 0.598650 0.325850
vt 0.568460 0.246610
vt 0.568460 0.325850
vt 0.568460 0.246610
vt 0.568460 0.325850
vt 0.598650 0.246610
vt 0.568460 0.325850
vt 0.568460 0.246610
vt 0.598650 0.325850
vt 0.628830 0.246610
vt 0.628830 0.325850
vt 0.628830 0.246610
vt 0.628830 0.325850
vt 0.628830 0.246610
vt 0.628830 0.325850
vt 0.301700 0.521400
vt 0.250360 0.544210
vt 0.250890 0.521280
vt 0.301690 0.544600
vt 0.301690 0.544600
vt 0.250890 0.521280
vt 0.301700 0.521400
vt 0.250360 0.544210
vt 0.243580 0.627160
vt 0.261470 0.588910
vt 0.243580 0.588910
vt 0.261470 0.627160
vt 0.243580 0.650160
vt 0.261470 0.650160
vt 0.244450 0.680670
vt 0.260600 0.680670
vt 0.320240 0.956340
vt 0.234900 0.957130
vt 0.234900 0.957130
vt 0.320240 0.956340
vt 0.320240 0.956340
vt 0.330410 0.941690
vt 0.330410 0.941690
vt 0.323350 0.927240
vt 0.330410 0.941690
vt 0.330410 0.941690
vt 0.323350 0.927240
vt 0.304560 0.923340
vt 0.304560 0.923340
vt 0.292090 0.906840
vt 0.292090 0.906840
vt 0.320240 0.956340
vt 0.323350 0.927240
vt 0.330410 0.941690
vt 0.304560 0.923340
vt 0.234900 0.957130
vt 0.234900 0.957130
vt 0.213030 0.890340
vt 0.304560 0.923340
vt 0.320240 0.956340
vt 0.213030 0.890340
vt 0.234900 0.957130
vt 0.320240 0.956340
vt 0.304560 0.923340
vt 0.213030 0.890340
vt 0.330410 0.941690
vt 0.323350 0.927240
vt 0.212670 0.649130
vt 0.241190 0.677150
vt 0.240310 0.649130
vt 0.212880 0.677120
vt 0.240560 0.673740
vt 0.212810 0.647940
vt 0.212810 0.673630
vt 0.240210 0.647940
vt 0.043870 0.997030
vt 0.010590 0.976080
vt 0.010590 0.997030
vt 0.043870 0.976080
vt 0.043870 0.976080
vt 0.010590 0.997030
vt 0.043870 0.997030
vt 0.010590 0.976080
vt 0.564520 0.536640
vt 0.696730 0.537370
vt 0.564520 0.538230
vt 0.690130 0.535340
vt 0.302650 0.537370
vt 0.430750 0.536640
vt 0.430750 0.538230
vt 0.309330 0.535340
vt 0.776360 0.534120
vt 0.907790 0.534350
vt 0.786380 0.535740
vt 0.897640 0.533030
vt 0.092330 0.534350
vt 0.218910 0.534120
vt 0.208890 0.535740
vt 0.102270 0.533030
vt 0.054490 0.360180
vt 0.212060 0.390390
vt 0.214270 0.376490
vt 0.053090 0.374290
vt 0.228430 0.376210
vt 0.216600 0.387260
vt 0.216850 0.378900
vt 0.228140 0.390300
vt 0.216600 0.387260
vt 0.228430 0.376210
vt 0.216850 0.378900
vt 0.228140 0.390300
vt 0.214270 0.376490
vt 0.053090 0.374290
vt 0.212060 0.390390
vt 0.054490 0.360180
vt 0.320130 0.931170
vt 0.263240 0.906550
vt 0.271530 0.896650
vt 0.307660 0.958550
vt 0.375160 0.931170
vt 0.395850 0.958550
vt 0.279620 0.890340
vt 0.292090 0.906840
vt 0.292090 0.906840
vt 0.279620 0.890340
vt 0.320130 0.931170
vt 0.271530 0.896650
vt 0.271530 0.896650
vt 0.320130 0.931170
vt 0.375160 0.931170
vt 0.375160 0.931170
vt 0.263370 0.482250
vt 0.287100 0.556650
vt 0.287100 0.482250
vt 0.263370 0.556650
vt 0.307660 0.958550
vt 0.263240 0.906550
vt 0.263240 0.906550
vt 0.307660 0.958550
vt 0.395850 0.958550
vt 0.395850 0.958550
vt 0.307660 0.958550
vt 0.271530 0.896650
vt 0.263240 0.906550
vt 0.320130 0.931170
vt 0.395850 0.958550
vt 0.375160 0.931170
vt 0.670090 0.972990
vt 0.650600 0.970660
vt 0.650600 0.973400
vt 0.670090 0.970260
vt 0.650690 0.969870
vt 0.670220 0.972410
vt 0.650690 0.972720
vt 0.670220 0.969560
vt 0.225670 0.358620
vt 0.306470 0.387910
vt 0.310920 0.367110
vt 0.225760 0.380510
vt 0.306470 0.387910
vt 0.225670 0.358620
vt 0.310920 0.367110
vt 0.225760 0.380510
vt 0.292090 0.906840
vt 0.279620 0.890340
vt 0.022960 0.517720
vt 0.016410 0.494740
vt 0.015940 0.511870
vt 0.023720 0.489860
vt 0.039950 0.495630
vt 0.032850 0.489890
vt 0.032430 0.517840
vt 0.013280 0.503630
vt 0.023320 0.517440
vt 0.016050 0.495300
vt 0.023320 0.489810
vt 0.292090 0.906840
vt 0.279620 0.890340
vt 0.042540 0.504030
vt 0.032090 0.517620
vt 0.039480 0.512850
vt 0.068430 0.684310
vt 0.059650 0.690990
vt 0.060110 0.684190
vt 0.068260 0.691110
vt 0.076760 0.684430
vt 0.076870 0.691220
vt 0.182440 0.697410
vt 0.165280 0.705520
vt 0.182500 0.705750
vt 0.165510 0.697180
vt 0.182390 0.689070
vt 0.165740 0.688840
vt 0.032430 0.489970
vt 0.039560 0.512170
vt 0.039560 0.495090
vt 0.279620 0.890340
vt 0.213030 0.890340
vt 0.213030 0.890340
vt 0.279620 0.890340
vt 0.279620 0.890340
vt 0.826250 0.793760
vt 0.832290 0.794600
vt 0.817200 0.792500
vt 0.815530 0.820400
vt 0.840040 0.846940
vt 0.837250 0.893430
vt 0.052380 0.330840
vt 0.859580 0.748220
vt 0.759920 0.400160
vt 0.016050 0.512520
vt 0.042550 0.503910
vt 0.568460 0.246610
vt 0.439370 0.971130
vt 0.628830 0.246610
vt 0.743330 0.452590
vt 0.829270 0.794180
vt 0.826250 0.793760
vt 0.832290 0.794600
vt 0.889760 0.794420
vt 0.860110 0.849190
vt 0.855090 0.848630
vt 0.865130 0.849750
vt 0.965960 0.849030
vt 0.960920 0.849600
vt 0.955890 0.850170
vt 0.988100 0.959610
vt 0.925030 0.986430
vt 0.985480 0.972410
vt 0.948670 0.969710
vt 0.992740 0.924390
vt 0.951020 0.930720
vt 0.997370 0.889160
vt 0.953380 0.891720
vt 0.998610 0.846840
vt 0.954030 0.846420
vt 0.999850 0.804530
vt 0.954680 0.801120
vt 0.999890 0.760470
vt 0.958340 0.754460
vt 0.983160 0.712300
vt 0.962000 0.707790
vt 0.909230 0.975660
vt 0.909300 0.934370
vt 0.909380 0.893080
vt 0.909440 0.845570
vt 0.909500 0.798060
vt 0.909530 0.749650
vt 0.946480 0.704770
vt 0.962000 0.648550
vt 0.946480 0.644370
vt 0.962000 0.589310
vt 0.946480 0.583980
vt 0.961980 0.556820
vt 0.946460 0.550430
vt 0.961970 0.524330
vt 0.946430 0.516880
vt 0.877270 0.880480
vt 0.855650 0.888100
vt 0.876320 0.883750
vt 0.862770 0.884640
vt 0.878950 0.869610
vt 0.863610 0.872650
vt 0.880630 0.858730
vt 0.864450 0.860650
vt 0.881220 0.842010
vt 0.864750 0.842890
vt 0.881810 0.825290
vt 0.865050 0.825120
vt 0.881810 0.806890
vt 0.866250 0.805640
vt 0.875810 0.787440
vt 0.867460 0.786160
vt 0.848280 0.890730
vt 0.848280 0.887080
vt 0.848280 0.874390
vt 0.848280 0.861690
vt 0.848280 0.843200
vt 0.848280 0.824710
vt 0.848280 0.804610
vt 0.861530 0.785340
vt 0.867460 0.767660
vt 0.861530 0.766420
vt 0.867460 0.749150
vt 0.861530 0.747490
vt 0.867460 0.734790
vt 0.861530 0.732800
vt 0.867460 0.720420
vt 0.861530 0.718110
vt 0.513310 0.676580
vt 0.575600 0.681700
vt 0.588990 0.676580
vt 0.513310 0.681810
vt 0.508680 0.676580
vt 0.508680 0.684820
vt 0.484550 0.676580
vt 0.484550 0.684820
vt 0.513310 0.676580
vt 0.604740 0.671440
vt 0.588990 0.676580
vt 0.513310 0.671430
vt 0.508680 0.676580
vt 0.508680 0.668060
vt 0.484550 0.676580
vt 0.484550 0.668060
vt 0.513310 0.671430
vt 0.588990 0.676580
vt 0.513310 0.676580
vt 0.508680 0.668060
vt 0.508680 0.676580
vt 0.484550 0.668060
vt 0.484550 0.676580
vt 0.513310 0.681810
vt 0.588990 0.676580
vt 0.575600 0.681700
vt 0.513310 0.676580
vt 0.508680 0.684820
vt 0.508680 0.676580
vt 0.484550 0.684820
vt 0.484550 0.676580
vt 0.237920 0.988240
vt 0.223760 0.971280
vt 0.227340 0.982700
vt 0.254820 0.974320
vt 0.249220 0.984700
vt 0.223760 0.971280
vt 0.237920 0.988240
vt 0.227340 0.982700
vt 0.249220 0.984700
vt 0.254820 0.974320
vt 0.055470 0.892070
vt 0.183350 0.996640
vt 0.055470 0.996640
vt 0.183350 0.892060
vt 0.000730 0.885820
vt 0.025580 0.803770
vt 0.022030 0.888600
vt 0.016960 0.794920
vt 0.000500 0.756400
vt 0.018910 0.758740
vt 0.255720 0.847770
vt 0.231990 0.899010
vt 0.259550 0.861450
vt 0.222540 0.857570
vt 0.243300 0.840730
vt 0.229430 0.844440
vt 0.629930 0.993970
vt 0.677370 0.970380
vt 0.677370 0.974480
vt 0.629930 0.989870
vt 0.629740 0.921660
vt 0.629740 0.918950
vt 0.629550 0.849390
vt 0.629550 0.848770
vt 0.629930 0.991930
vt 0.714410 0.994240
vt 0.677370 0.973440
vt 0.670220 0.972410
vt 0.650690 0.972720
vt 0.714410 0.994240
vt 0.677370 0.969910
vt 0.677370 0.973440
vt 0.714410 0.990700
vt 0.714090 0.900880
vt 0.714090 0.898770
vt 0.713770 0.807590
vt 0.713770 0.851980
vt 0.629930 0.989870
vt 0.714410 0.992120
vt 0.677370 0.970380
vt 0.670090 0.970260
vt 0.650600 0.970660
vt 0.714410 0.992120
vt 0.677370 0.974480
vt 0.677370 0.970380
vt 0.714410 0.996230
vt 0.714090 0.901780
vt 0.714090 0.904490
vt 0.713770 0.811350
vt 0.629930 0.988390
vt 0.677370 0.973440
vt 0.677370 0.969910
vt 0.629930 0.991930
vt 0.629740 0.916180
vt 0.629740 0.918290
vt 0.629550 0.845600
vt 0.629550 0.845600
vt 0.373030 0.838160
vt 0.332760 0.990440
vt 0.372560 0.990790
vt 0.332100 0.837730
vt 0.199160 0.537370
vt 0.219090 0.490460
vt 0.199070 0.519370
vt 0.219310 0.534320
vt 0.206360 0.561640
vt 0.273180 0.533910
vt 0.312780 0.561030
vt 0.312190 0.533570
vt 0.186180 0.581880
vt 0.212880 0.725080
vt 0.186380 0.725080
vt 0.212670 0.581880
vt 0.240210 0.579850
vt 0.212810 0.724450
vt 0.240560 0.725080
vt 0.212810 0.579850
vt 0.260700 0.625020
vt 0.244710 0.646060
vt 0.259760 0.646060
vt 0.243770 0.625020
vt 0.240310 0.581880
vt 0.212880 0.725080
vt 0.241190 0.725270
vt 0.212670 0.581880
vt 0.255900 0.625420
vt 0.246030 0.639170
vt 0.256220 0.639190
vt 0.245950 0.625420
vt 0.185390 0.724450
vt 0.212810 0.579850
vt 0.212810 0.724450
vt 0.185390 0.579850
vt 0.212810 0.579850
vt 0.185390 0.724450
vt 0.212810 0.724450
vt 0.185390 0.579850
vt 0.212670 0.581880
vt 0.186380 0.725080
vt 0.212880 0.725080
vt 0.186180 0.581880
vt 0.395780 0.249180
vt 0.379940 0.382610
vt 0.395780 0.382610
vt 0.379940 0.249180
vt 0.714410 0.996230
vt 0.629930 0.993970
vt 0.677370 0.974480
vt 0.650600 0.973400
vt 0.670090 0.972990
vt 0.650350 0.877770
vt 0.629740 0.921660
vt 0.650470 0.918690
vt 0.629550 0.849390
vt 0.670190 0.877290
vt 0.713770 0.811350
vt 0.670400 0.916810
vt 0.714090 0.904490
vt 0.833920 0.873130
vt 0.838690 0.823350
vt 0.831480 0.826130
vt 0.841070 0.872010
vt 0.836360 0.920140
vt 0.843460 0.920680
vt 0.833920 0.873130
vt 0.838690 0.823350
vt 0.831480 0.826130
vt 0.841070 0.872010
vt 0.836360 0.920140
vt 0.843460 0.920680
vt 0.833920 0.873130
vt 0.838690 0.823350
vt 0.831480 0.826130
vt 0.841070 0.872010
vt 0.836360 0.920140
vt 0.843460 0.920680
vt 0.833920 0.873130
vt 0.838690 0.823350
vt 0.831480 0.826130
vt 0.841070 0.872010
vt 0.836360 0.920140
vt 0.843460 0.920680
vt 0.833920 0.873130
vt 0.838690 0.823350
vt 0.831480 0.826130
vt 0.841070 0.872010
vt 0.836360 0.920140
vt 0.843460 0.920680
vt 0.841070 0.872010
vt 0.836360 0.920140
vt 0.843460 0.920680
vt 0.833920 0.873130
vt 0.838690 0.823350
vt 0.831480 0.826130
vt 0.833920 0.873130
vt 0.838690 0.823350
vt 0.831480 0.826130
vt 0.841070 0.872010
vt 0.836360 0.920140
vt 0.843460 0.920680
vt 0.714410 0.990700
vt 0.629930 0.988390
vt 0.677370 0.969910
vt 0.650690 0.969870
vt 0.670220 0.969560
vt 0.839910 0.920410
vt 0.831480 0.826130
vt 0.836360 0.920140
vt 0.835080 0.824740
vt 0.843460 0.920680
vt 0.838690 0.823350
vt 0.999920 0.658940
vt 0.999920 0.716420
vt 0.983170 0.654100
vt 0.999930 0.601470
vt 0.983180 0.595910
vt 0.999910 0.570300
vt 0.983150 0.564300
vt 0.999890 0.539120
vt 0.983120 0.532700
vt 0.833920 0.873130
vt 0.838690 0.823350
vt 0.831480 0.826130
vt 0.841070 0.872010
vt 0.836360 0.920140
vt 0.843460 0.920680
vt 0.881810 0.770610
vt 0.881810 0.788490
vt 0.875810 0.769290
vt 0.881810 0.752730
vt 0.875810 0.751130
vt 0.881810 0.739010
vt 0.875810 0.737120
vt 0.881810 0.725280
vt 0.875810 0.723110
vt 0.835080 0.824740
vt 0.843460 0.920680
vt 0.838690 0.823350
vt 0.839910 0.920410
vt 0.831480 0.826130
vt 0.836360 0.920140
vt 0.225670 0.358620
vt 0.054490 0.360180
vt 0.214270 0.376490
vt 0.065890 0.342310
vt 0.310920 0.367110
vt 0.310940 0.295420
vt 0.225670 0.358620
vt 0.054490 0.360180
vt 0.214270 0.376490
vt 0.065890 0.342310
vt 0.310920 0.367110
vt 0.065890 0.342310
vt 0.225670 0.358620
vt 0.310920 0.367110
vt 0.310940 0.295420
vt 0.065890 0.342310
vt 0.214410 0.530090
vt 0.192960 0.546110
vt 0.214410 0.576740
vt 0.192960 0.526950
vt 0.200500 0.501100
vt 0.270310 0.567700
vt 0.247550 0.480060
vt 0.247550 0.567700
vt 0.270310 0.480060
vt 0.670400 0.916810
vt 0.670090 0.970260
vt 0.670090 0.972990
vt 0.670400 0.915000
vt 0.670190 0.877290
vt 0.670380 0.877230
vt 0.650660 0.918510
vt 0.650690 0.969870
vt 0.650690 0.972720
vt 0.650660 0.916810
vt 0.650640 0.877700
vt 0.650640 0.877700
vt 0.650470 0.916880
vt 0.650600 0.973400
vt 0.650600 0.970660
vt 0.650470 0.918690
vt 0.650350 0.877360
vt 0.650350 0.877770
vt 1.000000 0.889730
vt 1.000000 0.003210
vt 1.000000 0.889730
vt 1.000000 0.003210
vt 0.000000 0.889730
vt 0.000000 0.003210
vt 0.000000 0.889730
vt 0.000000 0.003210
vt 0.670170 0.914740
vt 0.670220 0.972410
vt 0.670220 0.969560
vt 0.670170 0.916440
vt 0.669040 0.876720
vt 0.670130 0.877500
vt 0.044220 0.587150
vt 0.000000 0.801050
vt 0.000000 0.801050
vt 0.044220 0.587150
vt 0.215170 0.000000
vt 0.215170 0.000000
vt 0.065890 0.342310
vt 0.214270 0.376490
vt 0.054490 0.360180
vt 0.225670 0.358620
vt 0.310920 0.367110
vt 0.225670 0.358620
vt 0.065890 0.342310
vt 0.955780 0.587150
vt 1.000000 0.801050
vt 1.000000 0.801050
vt 0.955780 0.587150
vt 0.784830 0.000000
vt 0.784830 0.000000
vt 0.065890 0.342310
vt 0.214270 0.376490
vt 0.054490 0.360180
vt 0.225670 0.358620
vt 0.310920 0.367110
vt 0.360900 0.756310
vt 0.384400 0.673880
vt 0.384400 0.756310
vt 0.360900 0.673880
vt 0.337400 0.756310
vt 0.337400 0.673880
vt 0.357590 0.757070
vt 0.337230 0.672990
vt 0.337830 0.757070
vt 0.357290 0.672990
vt 0.377350 0.757070
vt 0.377350 0.672990
vt 0.357590 0.757070
vt 0.357290 0.672990
vt 0.337830 0.757070
vt 0.337230 0.672990
vt 0.357590 0.757070
vt 0.357290 0.672990
vt 0.377350 0.757070
vt 0.377350 0.672990
vt 0.357590 0.757070
vt 0.357290 0.672990
vt 0.337830 0.757070
vt 0.337230 0.672990
vt 0.357590 0.757070
vt 0.357290 0.672990
vt 0.377350 0.757070
vt 0.377350 0.672990
vt 0.069300 0.330520
vt 0.029350 0.330520
vt 0.049320 0.337010
vt 0.017000 0.313530
vt 0.017000 0.292530
vt 0.029350 0.330520
vt 0.069300 0.330520
vt 0.049320 0.337010
vt 0.081640 0.313530
vt 0.081640 0.292530
vt 0.250000 0.787090
vt 0.500000 1.000000
vt 0.500000 1.000000
vt 0.250000 0.787090
vt 0.000000 0.574180
vt 0.000000 0.574180
vt 0.182440 0.697410
vt 0.165280 0.705520
vt 0.182500 0.705750
vt 0.165510 0.697180
vt 0.182390 0.689070
vt 0.165740 0.688840
vt 0.069310 0.330520
vt 0.029360 0.330520
vt 0.049330 0.337010
vt 0.017010 0.313530
vt 0.017010 0.292530
vt 0.029360 0.330520
vt 0.069310 0.330520
vt 0.049330 0.337010
vt 0.081650 0.313530
vt 0.081650 0.292530
vt 0.360900 0.756310
vt 0.384400 0.673880
vt 0.384400 0.756310
vt 0.360900 0.673880
vt 0.337400 0.756310
vt 0.337400 0.673880
vt 0.360900 0.756310
vt 0.384400 0.673880
vt 0.384400 0.756310
vt 0.360900 0.673880
vt 0.337400 0.756310
vt 0.337400 0.673880
vt 0.360900 0.756310
vt 0.360900 0.673880
vt 0.384400 0.756310
vt 0.384400 0.673880
vt 0.360900 0.756310
vt 0.360900 0.673880
vt 0.337400 0.756310
vt 0.337400 0.673880
vt 0.629740 0.918950
vt 0.650470 0.916880
vt 0.629550 0.848770
vt 0.650350 0.877360
vt 0.705470 0.822030
vt 0.670380 0.877230
vt 0.670400 0.915000
vt 0.629740 0.918290
vt 0.650660 0.918510
vt 0.629550 0.845600
vt 0.650640 0.877700
vt 0.713770 0.807590
vt 0.670130 0.877500
vt 0.714090 0.900880
vt 0.670170 0.916440
vt 0.016960 0.794920
vt 0.022030 0.888470
vt 0.025580 0.803770
vt 0.000730 0.885820
vt 0.000500 0.756400
vt 0.000730 0.885820
vt 0.016960 0.794920
vt 0.231990 0.899010
vt 0.259550 0.861450
vt 0.222540 0.857570
vt 0.255720 0.847770
vt 0.229430 0.844440
vt 0.243300 0.840730
vt 0.650660 0.916810
vt 0.629740 0.916180
vt 0.650640 0.877700
vt 0.629550 0.845600
vt 0.669040 0.876720
vt 0.705470 0.818880
vt 0.706320 0.883390
vt 0.017000 0.313530
vt 0.069300 0.275540
vt 0.017000 0.292530
vt 0.049320 0.269040
vt 0.029350 0.275540
vt 0.165510 0.691950
vt 0.182500 0.695290
vt 0.165280 0.695060
vt 0.182440 0.692180
vt 0.165740 0.688840
vt 0.182390 0.689070
vt 0.165510 0.691950
vt 0.182390 0.689070
vt 0.165740 0.688840
vt 0.182440 0.692180
vt 0.165280 0.695060
vt 0.182500 0.695290
vt 0.081640 0.313530
vt 0.029350 0.275540
vt 0.081640 0.292530
vt 0.049320 0.269040
vt 0.069300 0.275540
vt 0.017010 0.313530
vt 0.069310 0.275540
vt 0.017010 0.292530
vt 0.049330 0.269040
vt 0.029360 0.275540
vt 0.165510 0.691950
vt 0.182390 0.689070
vt 0.165740 0.688840
vt 0.182440 0.692180
vt 0.165280 0.695060
vt 0.182500 0.695290
vt 0.081650 0.313530
vt 0.029360 0.275540
vt 0.081650 0.292530
vt 0.049330 0.269040
vt 0.069310 0.275540
vt 0.174060 0.688960
vt 0.182500 0.695290
vt 0.173890 0.695170
vt 0.165740 0.688840
vt 0.165280 0.695060
vt 0.714090 0.901780
vt 0.695660 0.886100
vt 0.706320 0.886440
vt 0.670170 0.914740
vt 0.714090 0.898770
vt 0.243930 0.704140
vt 0.260060 0.704030
vt 0.252100 0.710840
vt 0.252100 0.697200
vt 0.705470 0.822030
vt 0.709860 0.902100
vt 0.706320 0.886440
vt 0.713770 0.853160
vt 0.713770 0.810740
vt 0.713770 0.853160
vt 0.705470 0.822030
vt 0.713770 0.851980
vt 0.706320 0.883390
vt 0.709860 0.900990
vt 0.705470 0.818880
vt 0.713770 0.807590
vt 0.705470 0.818880
vt 0.713770 0.851980
vt 0.629550 0.845600
vt 0.713770 0.807590
vt 0.629550 0.845600
vt 0.713770 0.807590
vt 0.109550 0.281550
vt 0.310940 0.295420
vt 0.310490 0.282590
vt 0.109730 0.294830
vt 0.109730 0.294830
vt 0.310490 0.282590
vt 0.310940 0.295420
vt 0.109550 0.281550
vt 0.310940 0.295420
vt 0.065890 0.342310
vt 0.109730 0.294830
vt 0.310920 0.367110
vt 0.310940 0.295420
vt 0.109730 0.294830
vt 0.198460 0.508350
vt 0.251220 0.554470
vt 0.251220 0.508350
vt 0.198460 0.554470
vt 0.271710 0.530250
vt 0.313690 0.501200
vt 0.313210 0.530410
vt 0.246100 0.498740
vt 0.323340 0.554140
vt 0.264530 0.498740
vt 0.187290 0.554140
vt 0.187290 0.498740
vt 0.187740 0.507800
vt 0.323340 0.554140
vt 0.187290 0.554140
vt 0.323610 0.508350
vt 0.305560 0.574950
vt 0.196280 0.479410
vt 0.196280 0.574950
vt 0.305560 0.479410
vt 0.219080 0.552530
vt 0.269350 0.505720
vt 0.218900 0.505720
vt 0.269530 0.552530
vt 0.269530 0.552530
vt 0.218900 0.505720
vt 0.219080 0.552530
vt 0.269350 0.505720
vt 0.670130 0.877500
vt 0.650640 0.877700
vt 0.650640 0.877700
vt 0.669040 0.876720
vt 0.650350 0.877360
vt 0.670190 0.877290
vt 0.650350 0.877770
vt 0.670380 0.877230
vt 0.508090 0.325850
vt 0.519960 0.304370
vt 0.269710 0.837950
vt 0.519960 0.315050
vt 0.628830 0.325850
vt 0.617650 0.315050
vt 0.269710 0.837950
vt 0.617650 0.303940
vt 0.301520 1.000000
vt 0.698480 1.000000
vt 0.698480 1.000000
vt 0.301520 1.000000
vt 0.035410 0.204780
vt 0.071940 0.257130
vt 0.035410 0.257130
vt 0.071940 0.204780
vt 0.071940 0.257130
vt 0.035410 0.204780
vt 0.035410 0.257130
vt 0.071940 0.204780
vt 0.071940 0.204780
vt 0.035410 0.257130
vt 0.071940 0.257130
vt 0.035410 0.204780
vt 0.035410 0.257130
vt 0.071940 0.204780
vt 0.071940 0.257130
vt 0.035410 0.204780
vt 0.076640 0.255930
vt 0.032070 0.203880
vt 0.031540 0.255930
vt 0.076640 0.203090
vt 0.218050 0.567710
vt 0.271350 0.515510
vt 0.218050 0.515510
vt 0.271350 0.567710
vt 0.031540 0.203090
vt 0.072300 0.255930
vt 0.031540 0.255930
vt 0.072300 0.203090
vt 0.031540 0.255930
vt 0.071990 0.203090
vt 0.071990 0.255930
vt 0.031540 0.203090
vt 0.071990 0.255930
vt 0.031540 0.203090
vt 0.031540 0.255930
vt 0.071990 0.203090
vt 0.500000 0.000000
vt 0.816900 0.000000
vt 0.816900 0.000000
vt 0.500000 0.000000
vt 0.183100 0.000000
vt 0.183100 0.000000
vt 0.321660 0.739790
vt 0.274740 0.739790
vt 0.321660 0.739790
vt 0.274740 0.739790
vt 0.321660 0.739790
vt 0.274740 0.739790
vt 0.055470 0.892130
vt 0.183350 0.830010
vt 0.183350 0.892120
vt 0.055470 0.830010
vt 0.508090 0.286230
vt 0.508090 0.266420
vt 0.508090 0.276320
vt 0.508090 0.256510
vt 0.508090 0.246610
vt 0.628830 0.246610
vt 0.617650 0.281640
vt 0.628830 0.286230
vt 0.519960 0.281640
vt 0.508090 0.246610
vt 0.508090 0.286230
vt 0.001080 0.957440
vt 0.055470 0.894850
vt 0.018460 0.957290
vt 0.001020 0.894960
vt 0.713770 0.810740
vt 0.709860 0.902100
vt 0.713770 0.853160
vt 0.629550 0.849390
vt 0.713770 0.810740
vt 0.629550 0.848770
vt 0.713770 0.811350
vt 0.628830 0.266420
vt 0.628830 0.286230
vt 0.628830 0.276320
vt 0.628830 0.246610
vt 0.628830 0.256510
vt 0.022960 0.517720
vt 0.042540 0.504030
vt 0.032090 0.517620
vt 0.039950 0.495630
vt 0.032850 0.489890
vt 0.013280 0.503630
vt 0.023320 0.517440
vt 0.016050 0.512520
vt 0.032430 0.517840
vt 0.016050 0.495300
vt 0.032430 0.489970
vt 0.023320 0.489810
vt 0.039560 0.495090
vt 0.039560 0.512170
vt 0.835080 0.824740
vt 0.843460 0.920680
vt 0.838690 0.823350
vt 0.839910 0.920410
vt 0.831480 0.826130
vt 0.836360 0.920140
vt 0.841070 0.872010
vt 0.836360 0.920140
vt 0.843460 0.920680
vt 0.833920 0.873130
vt 0.838690 0.823350
vt 0.831480 0.826130
vt 0.839910 0.920410
vt 0.831480 0.826130
vt 0.836360 0.920140
vt 0.835080 0.824740
vt 0.843460 0.920680
vt 0.838690 0.823350
vt 0.833920 0.873130
vt 0.838690 0.823350
vt 0.831480 0.826130
vt 0.841070 0.872010
vt 0.836360 0.920140
vt 0.843460 0.920680
vt 0.320230 0.503970
vt 0.263370 0.557530
vt 0.320230 0.557530
vt 0.245540 0.557530
vt 0.188680 0.503970
vt 0.188680 0.557530
vt 0.260600 0.672840
vt 0.243580 0.637810
vt 0.261470 0.637810
vt 0.244450 0.672840
vt 0.841070 0.872010
vt 0.836360 0.920140
vt 0.843460 0.920680
vt 0.833920 0.873130
vt 0.838690 0.823350
vt 0.831480 0.826130
vt 0.023720 0.489860
vt 0.015940 0.511870
vt 0.016410 0.494740
vt 0.841070 0.872010
vt 0.836360 0.920140
vt 0.843460 0.920680
vt 0.833920 0.873130
vt 0.838690 0.823350
vt 0.831480 0.826130
vt 0.833920 0.873130
vt 0.838690 0.823350
vt 0.831480 0.826130
vt 0.841070 0.872010
vt 0.836360 0.920140
vt 0.843460 0.920680
vt 0.833920 0.873130
vt 0.838690 0.823350
vt 0.831480 0.826130
vt 0.841070 0.872010
vt 0.836360 0.920140
vt 0.843460 0.920680
vt 0.841070 0.872010
vt 0.836360 0.920140
vt 0.843460 0.920680
vt 0.833920 0.873130
vt 0.838690 0.823350
vt 0.831480 0.826130
vt 0.833920 0.873130
vt 0.838690 0.823350
vt 0.831480 0.826130
vt 0.841070 0.872010
vt 0.836360 0.920140
vt 0.843460 0.920680
vt 0.023780 0.199270
vt 0.002220 0.119570
vt 0.002460 0.188040
vt 0.025630 0.104540
vt 0.200180 0.810040
vt 0.190290 0.791990
vt 0.190290 0.791990
vt 0.200180 0.810040
vt 0.081720 0.104540
vt 0.031340 0.204780
vt 0.076010 0.204780
vt 0.071300 0.000110
vt 0.036060 0.000110
vt 0.030290 0.202630
vt -0.002800 0.122180
vt 0.002120 0.186300
vt 0.024720 0.104830
vt 0.079420 0.104830
vt 0.069250 0.002950
vt 0.106940 0.122180
vt 0.102020 0.186300
vt 0.011560 0.134660
vt 0.023700 0.115100
vt 0.022090 0.135520
vt 0.010630 0.114800
vt 0.078120 0.112250
vt 0.072900 0.203880
vt 0.026850 0.112250
vt 0.075820 0.006390
vt 0.031180 0.006390
vt 0.411640 0.878550
vt 0.432140 0.806990
vt 0.411710 0.806140
vt 0.432530 0.878280
vt 0.022530 0.196590
vt 0.000450 0.115610
vt 0.003530 0.186120
vt 0.022140 0.101930
vt 0.083350 0.195990
vt 0.107560 0.114520
vt 0.106770 0.182500
vt 0.083170 0.100030
vt 0.411710 0.806140
vt 0.432530 0.878280
vt 0.432140 0.806990
vt 0.411640 0.878550
vt 0.026850 0.112250
vt 0.072900 0.203880
vt 0.032070 0.203880
vt 0.078120 0.112250
vt 0.035220 0.006390
vt 0.067100 0.006390
vt 0.523650 0.848930
vt 0.491290 0.884600
vt 0.515940 0.884600
vt 0.483580 0.848930
vt 0.482280 0.886680
vt 0.438480 0.719940
vt 0.482280 0.719940
vt 0.438480 0.886680
vt 0.523130 0.719940
vt 0.482280 0.886680
vt 0.482280 0.719940
vt 0.523130 0.886680
vt 0.527570 0.885050
vt 0.552560 0.721730
vt 0.529140 0.721320
vt 0.551130 0.885460
vt 0.517410 0.884630
vt 0.485370 0.849310
vt 0.493010 0.884630
vt 0.525050 0.849310
vt 0.499200 0.886070
vt 0.522910 0.722590
vt 0.500510 0.722340
vt 0.521340 0.886310
vt 0.080350 0.101100
vt 0.104900 0.188040
vt 0.080140 0.196520
vt 0.106510 0.120260
vt 0.242300 0.744810
vt 0.190970 0.764470
vt 0.201730 0.746930
vt 0.252840 0.762470
vt 0.104900 0.188040
vt 0.080350 0.101100
vt 0.080140 0.196520
vt 0.106510 0.120260
vt 0.411640 0.878550
vt 0.432140 0.806990
vt 0.411710 0.806140
vt 0.432530 0.878280
vt 0.107560 0.114520
vt 0.083350 0.195990
vt 0.106770 0.182500
vt 0.083170 0.100030
vt 0.106770 0.182500
vt 0.083170 0.100030
vt 0.107560 0.114520
vt 0.083350 0.195990
vt 0.432140 0.806990
vt 0.411640 0.878550
vt 0.411710 0.806140
vt 0.432530 0.878280
vt 0.556770 0.719940
vt 0.523180 0.886680
vt 0.523180 0.719940
vt 0.556770 0.886680
vt 0.438480 0.886680
vt 0.554400 0.719940
vt 0.438480 0.719940
vt 0.554400 0.886680
vt 0.469300 0.722070
vt 0.499200 0.886070
vt 0.500510 0.722340
vt 0.467840 0.885790
vt 0.522710 0.721730
vt 0.552210 0.885790
vt 0.553670 0.722070
vt 0.521280 0.885460
vt 0.255900 0.625420
vt 0.246030 0.639170
vt 0.256220 0.639190
vt 0.245950 0.625420
vt 0.259760 0.646060
vt 0.243770 0.625020
vt 0.244710 0.646060
vt 0.260700 0.625020
vt 0.815070 0.739010
vt 0.821070 0.723110
vt 0.815070 0.725280
vt 0.821070 0.737120
vt 0.815070 0.752730
vt 0.821070 0.751130
vt 0.815070 0.770610
vt 0.821070 0.769290
vt 0.815070 0.788490
vt 0.821070 0.787440
vt 0.815070 0.806890
vt 0.830380 0.805640
vt 0.815070 0.825290
vt 0.831670 0.825120
vt 0.815500 0.842010
vt 0.831890 0.842890
vt 0.815930 0.858730
vt 0.832100 0.860650
vt 0.817610 0.869610
vt 0.832940 0.872650
vt 0.819290 0.880480
vt 0.833780 0.884640
vt 0.820240 0.883750
vt 0.841170 0.888180
vt 0.829100 0.786160
vt 0.835320 0.785340
vt 0.843670 0.784660
vt 0.848280 0.784520
vt 0.848280 0.764740
vt 0.852880 0.765270
vt 0.852880 0.745870
vt 0.848280 0.744970
vt 0.843670 0.765270
vt 0.843670 0.745870
vt 0.848280 0.729700
vt 0.843670 0.730740
vt 0.848280 0.714430
vt 0.843670 0.715610
vt 0.835320 0.747490
vt 0.829100 0.767660
vt 0.835320 0.766420
vt 0.829100 0.749150
vt 0.835320 0.732800
vt 0.829100 0.734790
vt 0.835320 0.718110
vt 0.829100 0.720420
vt 0.852880 0.784660
vt 0.818270 0.570160
vt 0.835010 0.532580
vt 0.818250 0.538980
vt 0.835040 0.564190
vt 0.818290 0.601330
vt 0.835060 0.595790
vt 0.818290 0.658800
vt 0.835050 0.653990
vt 0.818280 0.716280
vt 0.835040 0.712180
vt 0.818250 0.760330
vt 0.860480 0.754380
vt 0.818220 0.804390
vt 0.863860 0.801050
vt 0.819770 0.846710
vt 0.864610 0.846350
vt 0.821330 0.889030
vt 0.865360 0.891650
vt 0.825840 0.924260
vt 0.867570 0.930650
vt 0.830340 0.959490
vt 0.869790 0.969650
vt 0.832890 0.972290
vt 0.892790 0.986200
vt 0.857100 0.707710
vt 0.873390 0.704710
vt 0.902680 0.702150
vt 0.909570 0.701250
vt 0.909580 0.638960
vt 0.921730 0.640890
vt 0.921740 0.579620
vt 0.909580 0.576680
vt 0.902690 0.640870
vt 0.902700 0.579600
vt 0.909560 0.541710
vt 0.902670 0.544550
vt 0.909540 0.506730
vt 0.902650 0.509500
vt 0.873410 0.583920
vt 0.857110 0.648470
vt 0.873400 0.644320
vt 0.857120 0.589230
vt 0.873390 0.550370
vt 0.857100 0.556740
vt 0.873360 0.516820
vt 0.857070 0.524250
vt 0.921710 0.702170
vt 0.248010 0.092870
vt 0.238460 0.226060
vt 0.248140 0.226060
vt 0.248010 0.092870
vt 0.238590 0.092870
vt 0.238460 0.226060
vt 0.238590 0.092870
vt 0.227960 0.226040
vt 0.238460 0.226060
vt 0.238590 0.092870
vt 0.228080 0.092850
vt 0.227960 0.226040
vt 0.228910 0.032620
vt 0.209120 0.281900
vt 0.228910 0.281900
vt 0.228910 0.032620
vt 0.209120 0.032620
vt 0.209120 0.281900
vt 0.249840 0.032620
vt 0.230790 0.281900
vt 0.249840 0.281900
vt 0.249840 0.032620
vt 0.230790 0.032620
vt 0.230790 0.281900
vt 0.227960 0.226040
vt 0.215880 0.092850
vt 0.216010 0.226040
vt 0.228080 0.092850
vt 0.216010 0.226040
vt 0.205380 0.092870
vt 0.205510 0.226060
vt 0.215880 0.092850
vt 0.246090 0.259370
vt 0.228910 0.010100
vt 0.228910 0.259370
vt 0.246090 0.259370
vt 0.246090 0.010100
vt 0.228910 0.010100
vt 0.228910 0.259370
vt 0.246090 0.010100
vt 0.246090 0.259370
vt 0.228910 0.010100
vt 0.017060 0.169990
vt 0.005590 0.149270
vt 0.006520 0.169130
vt 0.018660 0.149560
vt 0.006520 0.169130
vt 0.018660 0.149560
vt 0.005590 0.149270
vt 0.017060 0.169990
vt 0.433650 0.914060
vt 0.411610 0.881540
vt 0.433650 0.881540
vt 0.411610 0.914060
vt 0.433650 0.881540
vt 0.411610 0.914060
vt 0.411610 0.881540
vt 0.433650 0.914060
vt 0.416020 0.836470
vt 0.430330 0.932080
vt 0.415810 0.931890
vt 0.433520 0.835920
vt 0.415810 0.931890
vt 0.433520 0.835920
vt 0.430330 0.932080
vt 0.416020 0.836470
vt 0.411610 0.848700
vt 0.433650 0.931110
vt 0.411610 0.931110
vt 0.433650 0.848700
vt 0.433650 0.929850
vt 0.411610 0.847430
vt 0.411610 0.929850
vt 0.433650 0.847430
vt 0.317950 0.568510
vt 0.291810 0.539450
vt 0.298040 0.568510
vt 0.324190 0.539450
vt 0.508970 0.800640
vt 0.479130 0.833810
vt 0.501860 0.833810
vt 0.472020 0.800640
vt 0.838690 0.823350
vt 0.836360 0.920140
vt 0.843460 0.920680
vt 0.831480 0.826130
vt 0.843460 0.920680
vt 0.831480 0.826130
vt 0.836360 0.920140
vt 0.838690 0.823350
vt 0.836360 0.920140
vt 0.838690 0.823350
vt 0.831480 0.826130
vt 0.843460 0.920680
vt 0.831480 0.826130
vt 0.843460 0.920680
vt 0.838690 0.823350
vt 0.836360 0.920140
vt 0.836360 0.920140
vt 0.838690 0.823350
vt 0.831480 0.826130
vt 0.843460 0.920680
vt 0.831480 0.826130
vt 0.843460 0.920680
vt 0.838690 0.823350
vt 0.836360 0.920140
vt 0.852880 0.715610
vt 0.852880 0.730740
vt 0.638050 0.119510
vt 0.727740 0.136510
vt 0.727530 0.121300
vt 0.640300 0.134760
vt 0.668980 0.121730
vt 0.671240 0.136980
vt 0.921680 0.509520
vt 0.921710 0.544570
vt 0.570520 0.974420
vt 0.441100 0.983990
vt 0.570520 0.983990
vt 0.441100 0.974420
vt 0.570520 0.964840
vt 0.441100 0.964840
vt 0.570520 0.950900
vt 0.441100 0.950900
vt 0.570520 0.936960
vt 0.441100 0.936960
vt 0.389900 0.973160
vt 0.389900 0.965470
vt 0.389900 0.957770
vt 0.389900 0.948320
vt 0.389900 0.938870
vt 0.441100 0.950900
vt 0.389900 0.948320
vt 0.441100 0.964840
vt 0.389900 0.957770
vt 0.570520 0.974420
vt 0.441100 0.983990
vt 0.570520 0.983990
vt 0.441100 0.974420
vt 0.570520 0.964840
vt 0.441100 0.964840
vt 0.570520 0.950900
vt 0.441100 0.950900
vt 0.570520 0.936960
vt 0.441100 0.936960
vt 0.389900 0.973160
vt 0.389900 0.965470
vt 0.389900 0.957770
vt 0.389900 0.948320
vt 0.389900 0.938870
vt 0.441100 0.950900
vt 0.389900 0.948320
vt 0.441100 0.964840
vt 0.389900 0.957770
vt 0.021060 0.527310
vt 0.051700 0.510670
vt 0.033820 0.527650
vt 0.052040 0.497920
vt 0.010180 0.520640
vt 0.045950 0.486700
vt 0.035060 0.480030
vt 0.021060 0.527310
vt 0.051700 0.510670
vt 0.033820 0.527650
vt 0.052040 0.497920
vt 0.010180 0.520640
vt 0.045950 0.486700
vt 0.035060 0.480030
vt 0.621730 0.965470
vt 0.570520 0.983990
vt 0.621730 0.973160
vt 0.570520 0.974420
vt 0.621730 0.957770
vt 0.570520 0.964840
vt 0.621730 0.948320
vt 0.570520 0.950900
vt 0.621730 0.938870
vt 0.570520 0.936960
vt 0.441100 0.983990
vt 0.441100 0.974420
vt 0.441100 0.964840
vt 0.441100 0.950900
vt 0.441100 0.936960
vt 0.570520 0.894950
vt 0.441100 0.894950
vt 0.570520 0.915960
vt 0.441100 0.915960
vt 0.570520 0.936960
vt 0.441100 0.936960
vt 0.621730 0.965470
vt 0.570520 0.983990
vt 0.621730 0.973160
vt 0.570520 0.974420
vt 0.621730 0.957770
vt 0.570520 0.964840
vt 0.621730 0.948320
vt 0.570520 0.950900
vt 0.621730 0.938870
vt 0.570520 0.936960
vt 0.441100 0.983990
vt 0.441100 0.974420
vt 0.441100 0.964840
vt 0.441100 0.950900
vt 0.441100 0.936960
vt 0.570520 0.915960
vt 0.570520 0.894950
vt 0.051700 0.510670
vt 0.033820 0.527650
vt 0.045030 0.521560
vt 0.021060 0.527310
vt 0.052040 0.497920
vt 0.010180 0.520640
vt 0.045950 0.486700
vt 0.022310 0.479700
vt 0.035060 0.480030
vt 0.389900 0.965470
vt 0.389900 0.973160
vt 0.441100 0.974420
vt 0.389900 0.957770
vt 0.441100 0.964840
vt 0.389900 0.948320
vt 0.441100 0.950900
vt 0.389900 0.938870
vt 0.441100 0.936960
vt 0.389900 0.948320
vt 0.441100 0.950900
vt 0.389900 0.957770
vt 0.441100 0.964840
vt 0.051700 0.510670
vt 0.033820 0.527650
vt 0.045030 0.521560
vt 0.021060 0.527310
vt 0.052040 0.497920
vt 0.010180 0.520640
vt 0.045950 0.486700
vt 0.022310 0.479700
vt 0.035060 0.480030
vt 0.389900 0.965470
vt 0.389900 0.973160
vt 0.441100 0.974420
vt 0.389900 0.957770
vt 0.441100 0.964840
vt 0.389900 0.948320
vt 0.441100 0.950900
vt 0.389900 0.938870
vt 0.389900 0.948320
vt 0.441100 0.950900
vt 0.389900 0.957770
vt 0.441100 0.964840
vt 0.729710 0.121660
vt 0.671240 0.136980
vt 0.668980 0.121730
vt 0.731960 0.136910
vt 0.618600 0.130680
vt 0.646940 0.141560
vt 0.650630 0.131230
vt 0.614910 0.141000
vt 0.739370 0.137960
vt 0.650630 0.131230
vt 0.646940 0.141560
vt 0.743060 0.127630
vt 0.831750 0.127040
vt 0.827090 0.117050
vt 0.656580 0.000000
vt 0.343420 0.000000
vt 0.343420 0.000000
vt 0.656580 0.000000
vt 0.656580 0.000000
vt 0.343420 0.000000
vt 0.343420 0.000000
vt 0.656580 0.000000
vt 0.316640 0.448240
vt 0.283430 0.411060
vt 0.291340 0.448240
vt 0.324560 0.411060
vt 1.000000 0.880870
vt 0.536840 1.000000
vt 0.536840 1.000000
vt 1.000000 0.880870
vt 0.011090 0.485790
vt 0.004090 0.509430
vt 0.389900 0.948320
vt 0.389900 0.938870
vt 0.389900 0.957770
vt 0.389900 0.965470
vt 0.011090 0.485790
vt 0.004090 0.509430
vt 0.389900 0.948320
vt 0.389900 0.938870
vt 0.389900 0.957770
vt 0.389900 0.965470
vt 0.022310 0.479700
vt 0.004090 0.509430
vt 0.011090 0.485790
vt 0.022310 0.479700
vt 0.004090 0.509430
vt 0.011090 0.485790
vt 0.570520 0.915960
vt 0.441100 0.894950
vt 0.441100 0.915960
vt 0.570520 0.936960
vt 0.439370 0.971820
vt 0.451090 0.967700
vt 0.439370 0.967700
vt 0.451090 0.971820
vt 0.439370 0.971130
vt 0.451090 0.971130
vt 0.439370 0.923280
vt 0.451090 0.965990
vt 0.439370 0.923280
vt 0.451090 0.923280
vt 0.439370 0.920550
vt 0.451090 0.920550
vt 0.439370 0.902220
vt 0.451090 0.902220
vt 0.439370 0.893130
vt 0.451090 0.893130
vt 0.439370 0.887850
vt 0.451090 0.887850
vt 0.439370 0.889070
vt 0.451090 0.889070
vt 0.439370 0.896040
vt 0.451090 0.896040
vt 0.439370 0.961230
vt 0.451090 0.961230
vt 0.451160 0.971820
vt 0.439430 0.967700
vt 0.451160 0.967700
vt 0.439430 0.971820
vt 0.451160 0.971130
vt 0.439440 0.971130
vt 0.451160 0.965990
vt 0.439430 0.965990
vt 0.451160 0.923280
vt 0.439430 0.965990
vt 0.451160 0.965990
vt 0.439430 0.923280
vt 0.451160 0.920550
vt 0.439440 0.920550
vt 0.451160 0.902220
vt 0.439440 0.902220
vt 0.451160 0.893130
vt 0.439440 0.893130
vt 0.451160 0.887850
vt 0.439430 0.887850
vt 0.451160 0.889070
vt 0.439430 0.889070
vt 0.451160 0.896040
vt 0.439430 0.896040
vt 0.451160 0.961230
vt 0.439430 0.961230
vt 0.109730 0.294830
vt 0.109730 0.294830
vt 0.323340 0.498740
vt 0.714090 0.898770
vt 0.223430 0.891000
vt 0.709860 0.900990
vt 0.039480 0.512850
vt 0.042550 0.503910
vt 0.713770 0.810740
vt 0.055470 0.956960
vt 0.034890 0.002950
vt 0.045030 0.521560
vt 0.045030 0.521560
vt 0.004420 0.496670
vt 0.004420 0.496670
vt 0.004420 0.496670
vt 0.004420 0.496670
vt 0.713770 0.807590
vt 0.629550 0.845600
vt 0.629550 0.845600
vt 0.705470 0.818880
vt 0.013220 0.503520
vt 0.018910 0.758740
vt 0.223430 0.891000
vt 0.714090 0.901780
vt 0.013220 0.503520
vt 0.055470 0.894850
vt 0.019160 0.957280
vt 0.055470 0.956960
vt 0.001080 0.957440
vt 0.001020 0.894960
vt 0.183350 0.894840
vt 0.055470 0.956960
vt 0.183350 0.956960
vt 0.055470 0.894850
vt 0.183360 0.807990
vt 0.055470 0.808000
vt 0.183350 0.716110
vt 0.055470 0.716090
vt 0.183340 0.621080
vt 0.055450 0.621080
vt 0.055470 0.593120
vt 0.183350 0.679970
vt 0.055470 0.679970
vt 0.183360 0.593120
vt 0.055470 0.501220
vt 0.183350 0.501230
vt 0.055450 0.406210
vt 0.183340 0.406200
vt 0.001310 0.808030
vt 0.055470 0.808000
vt 0.000960 0.716040
vt 0.055470 0.716090
vt 0.742640 0.210450
vt 0.612960 0.111130
vt 0.614500 0.165050
vt 0.777620 0.001500
vt 0.845410 0.148950
vt 0.832630 0.008590
vt 0.731530 0.206210
vt 0.830510 0.007560
vt 0.843270 0.146020
vt 0.767000 0.001660
vt 0.605470 0.161220
vt 0.604240 0.108360
vt 0.055470 0.808000
vt 0.001310 0.808030
vt 0.055470 0.716090
vt 0.000960 0.716040
vt 0.055450 0.621080
vt 0.000320 0.621000
vt 0.731530 0.209290
vt 0.767000 0.001660
vt 0.605470 0.161220
vt 0.843270 0.146020
vt 0.604250 0.165050
vt 0.843370 0.148950
vt 0.740590 0.210450
vt 0.775570 0.001500
vt 0.601690 0.111130
vt 0.513950 0.881260
vt 0.554170 0.749010
vt 0.513420 0.749130
vt 0.554700 0.881140
vt 0.485560 0.881400
vt 0.513420 0.749130
vt 0.484790 0.749270
vt 0.513950 0.881260
vt 0.477430 0.879860
vt 0.440230 0.730860
vt 0.477430 0.730860
vt 0.440230 0.879860
vt 0.512060 0.730860
vt 0.477430 0.879860
vt 0.477430 0.730860
vt 0.512060 0.879860
vt 0.839600 0.126780
vt 0.727530 0.121300
vt 0.727740 0.136510
vt 0.839390 0.111580
vt 0.739370 0.137960
vt 0.827090 0.117050
vt 0.743060 0.127630
vt 0.831750 0.127040
vt 0.474020 0.748810
vt 0.515530 0.880670
vt 0.514770 0.748540
vt 0.474790 0.880940
vt 0.436670 0.749010
vt 0.469790 0.880940
vt 0.469020 0.748810
vt 0.437200 0.881140
vt 0.549610 0.730860
vt 0.512410 0.879860
vt 0.512410 0.730860
vt 0.549610 0.879860
vt 0.512410 0.879860
vt 0.549610 0.730860
vt 0.512410 0.730860
vt 0.549610 0.879860
vt 0.432460 0.801410
vt 0.422070 0.935570
vt 0.432660 0.935090
vt 0.411480 0.936050
vt 0.411720 0.801410
vt 0.411480 0.936050
vt 0.432460 0.801410
vt 0.432660 0.935090
vt 0.411720 0.801410
vt 0.411480 0.936050
vt 0.432460 0.801410
vt 0.432660 0.935090
vt 0.411720 0.801410
vt 0.432460 0.801410
vt 0.422070 0.935570
vt 0.432660 0.935090
vt 0.411480 0.936050
vt 0.411720 0.801410
vt 0.432660 0.935090
vt 0.411720 0.801410
vt 0.411480 0.936050
vt 0.432460 0.801410
vt 0.432660 0.935090
vt 0.411720 0.801410
vt 0.411480 0.936050
vt 0.432460 0.801410
vt 0.432460 0.801410
vt 0.422070 0.935570
vt 0.432660 0.935090
vt 0.411480 0.936050
vt 0.411720 0.801410
vt 0.432460 0.801410
vt 0.411480 0.936050
vt 0.432660 0.935090
vt 0.411720 0.801410
vt 0.432660 0.935090
vt 0.411720 0.801410
vt 0.422070 0.935570
vt 0.432460 0.801410
vt 0.432660 0.935090
vt 0.411720 0.801410
vt 0.422070 0.935570
vt 0.432460 0.801410
vt 0.432660 0.935090
vt 0.411720 0.801410
vt 0.411480 0.936050
vt 0.432460 0.801410
vt 0.432660 0.935090
vt 0.411720 0.801410
vt 0.411480 0.936050
vt 0.432460 0.801410
vt 0.432660 0.935090
vt 0.411720 0.801410
vt 0.411480 0.936050
vt 0.432460 0.801410
vt 0.432660 0.935090
vt 0.411720 0.801410
vt 0.411480 0.936050
vt 0.432460 0.801410
vt 0.432460 0.801410
vt 0.411480 0.936050
vt 0.432660 0.935090
vt 0.411720 0.801410
vt 0.432660 0.935090
vt 0.411720 0.801410
vt 0.411480 0.936050
vt 0.432460 0.801410
vt 0.977230 0.338790
vt 0.940730 0.366220
vt 0.950830 0.375840
vt 0.959070 0.338790
vt 0.986930 0.295650
vt 0.962100 0.295650
vt 0.973620 0.246910
vt 0.952120 0.246910
vt 0.937270 0.211240
vt 0.924850 0.211240
vt 0.887610 0.198180
vt 0.912440 0.211240
vt 0.862780 0.211240
vt 0.887610 0.211240
vt 0.844600 0.246910
vt 0.887610 0.246910
vt 0.837950 0.295650
vt 0.887610 0.295650
vt 0.232990 0.570340
vt 0.192420 0.538190
vt 0.188490 0.560960
vt 0.233000 0.538520
vt 0.277820 0.561010
vt 0.273900 0.538230
vt 0.310510 0.535260
vt 0.303730 0.516710
vt 0.322540 0.494600
vt 0.314720 0.481820
vt 0.662870 0.123760
vt 0.832580 0.137780
vt 0.834390 0.123550
vt 0.661060 0.137990
vt 0.616640 0.128910
vt 0.625520 0.140280
vt 0.743060 0.127630
vt 0.831750 0.127040
vt 0.827090 0.117050
vt 0.739370 0.137960
vt 0.940900 0.338790
vt 0.937270 0.295650
vt 0.930610 0.246910
vt 0.933010 0.791480
vt 0.728060 0.808430
vt 0.750000 0.944820
vt 0.895020 0.680480
vt 1.000000 0.548650
vt 0.956130 0.472320
vt 0.817320 0.338790
vt 0.799190 0.338790
vt 0.834580 0.366030
vt 0.813120 0.295650
vt 0.055470 0.716090
vt 0.000320 0.621000
vt 0.000960 0.716040
vt 0.055450 0.621080
vt 1.000000 0.000000
vt 0.192460 0.119130
vt 0.807540 0.119130
vt 0.000000 0.000000
vt 0.000000 0.119130
vt 0.463160 0.000000
vt 0.000000 0.119130
vt 0.463160 0.000000
vt 0.406560 0.495390
vt 0.522920 0.508900
vt 0.406560 0.508900
vt 0.522920 0.495570
vt 0.406560 0.457310
vt 0.522920 0.457310
vt 0.406490 0.439520
vt 0.522810 0.439520
vt 0.405970 0.367990
vt 0.521850 0.367990
vt 0.405940 0.350660
vt 0.521560 0.350770
vt 0.406090 0.315050
vt 0.520830 0.314890
vt 0.406150 0.301670
vt 0.520580 0.302390
vt 0.243970 0.465080
vt 0.213410 0.414180
vt 0.219880 0.465620
vt 0.219230 0.408800
vt 0.252520 0.464890
vt 0.243430 0.409580
vt 0.252520 0.409870
vt 0.246750 0.465020
vt 0.213340 0.408610
vt 0.225730 0.465490
vt 0.224310 0.408970
vt 0.252520 0.415230
vt 0.246630 0.409680
vt 0.246010 0.465040
vt 0.214030 0.460180
vt 0.219880 0.465620
vt 0.213410 0.414180
vt 0.252520 0.464890
vt 0.219230 0.408800
vt 0.252520 0.409870
vt 0.242520 0.409550
vt 0.406560 0.498610
vt 0.522920 0.508900
vt 0.406560 0.508900
vt 0.522920 0.498580
vt 0.406560 0.457310
vt 0.522920 0.457310
vt 0.406490 0.439520
vt 0.522810 0.439520
vt 0.405970 0.367990
vt 0.521850 0.367990
vt 0.405940 0.350660
vt 0.521560 0.350770
vt 0.406090 0.316390
vt 0.520850 0.315870
vt 0.406150 0.301670
vt 0.520580 0.302390
vt 0.250730 0.415640
vt 0.227460 0.451540
vt 0.250730 0.451540
vt 0.227460 0.415640
vt 0.378160 0.569610
vt 0.357580 0.508900
vt 0.357580 0.569610
vt 0.378160 0.508900
vt 0.406560 0.569610
vt 0.406560 0.508900
vt 0.522920 0.569610
vt 0.522920 0.508900
vt 0.604740 0.569610
vt 0.604740 0.508900
vt 0.613860 0.560480
vt 0.613860 0.518030
vt 0.250730 0.415640
vt 0.227460 0.451540
vt 0.250730 0.451540
vt 0.227460 0.415640
vt 0.378160 0.569610
vt 0.357580 0.508900
vt 0.357580 0.569610
vt 0.378160 0.508900
vt 0.406560 0.569610
vt 0.406560 0.508900
vt 0.522920 0.569610
vt 0.522920 0.508900
vt 0.604740 0.569610
vt 0.604740 0.508900
vt 0.613860 0.560480
vt 0.613860 0.518030
vt 0.365990 0.443880
vt 0.404040 0.493370
vt 0.404040 0.443860
vt 0.365990 0.493390
vt 0.331360 0.443880
vt 0.331360 0.493390
vt 0.365990 0.443880
vt 0.404040 0.493370
vt 0.404040 0.443860
vt 0.365990 0.493390
vt 0.331360 0.443880
vt 0.331360 0.493390
vt 0.365990 0.493390
vt 0.331360 0.443880
vt 0.331360 0.493390
vt 0.365990 0.443880
vt 0.404040 0.493370
vt 0.404040 0.443860
vt 0.365990 0.493390
vt 0.331360 0.443880
vt 0.331360 0.493390
vt 0.365990 0.443880
vt 0.404040 0.493370
vt 0.404040 0.443860
vt 0.214100 0.465750
vt 0.224230 0.408960
vt 0.213340 0.408610
vt 0.246630 0.409680
vt 0.221800 0.465580
vt 0.252520 0.415230
vt 0.246750 0.465020
vt 0.252520 0.459530
vt 0.237930 0.438120
vt 0.266020 0.446980
vt 0.261050 0.438120
vt 0.237930 0.438120
vt 0.266020 0.520190
vt 0.266020 0.446980
vt 0.232960 0.446980
vt 0.266020 0.520190
vt 0.237930 0.438120
vt 0.261050 0.529050
vt 0.232960 0.520190
vt 0.261050 0.529050
vt 0.232960 0.446980
vt 0.232960 0.520190
vt 0.237930 0.529050
vt 0.261050 0.529050
vt 0.266020 0.446980
vt 0.261050 0.529050
vt 0.266020 0.520190
vt 0.237930 0.529050
vt 0.261050 0.438120
vt 0.237930 0.529050
vt 0.266020 0.446980
vt 0.232960 0.520190
vt 0.237930 0.438120
vt 0.237930 0.438120
vt 0.232960 0.446980
vt 0.232960 0.520190
vt 0.895020 0.680480
vt 0.750000 0.945900
vt 0.728060 0.809520
vt 0.933010 0.791480
vt 0.956130 0.472320
vt 1.000000 0.548650
vt 0.500000 0.808430
vt 0.728060 0.809520
vt 0.500000 0.809520
vt 0.728060 0.808430
vt 0.170350 0.536510
vt 0.056980 0.570490
vt 0.179980 0.570760
vt 0.118650 0.536390
vt 0.170430 0.498260
vt 0.119210 0.498190
vt 0.166330 0.467800
vt 0.116960 0.467730
vt 0.274450 0.538370
vt 0.313450 0.558050
vt 0.310010 0.538100
vt 0.274450 0.566240
vt 0.238640 0.538130
vt 0.235200 0.558090
vt 0.212500 0.519400
vt 0.206550 0.535650
vt 0.202900 0.488880
vt 0.196040 0.500070
vt 0.597130 0.486260
vt 0.693270 0.428030
vt 0.597130 0.493840
vt 0.815620 0.476050
vt 0.597010 0.434690
vt 0.815700 0.444210
vt 0.597130 0.486260
vt 0.693270 0.428030
vt 0.597130 0.493840
vt 0.815620 0.476050
vt 0.597010 0.434690
vt 0.815700 0.444210
vt 0.597010 0.461150
vt 0.709690 0.441760
vt 0.596960 0.437400
vt 0.815690 0.468830
vt 0.815630 0.485460
vt 0.597130 0.486260
vt 0.693270 0.428030
vt 0.597130 0.493840
vt 0.815620 0.476050
vt 0.597010 0.434690
vt 0.815700 0.444210
vt 0.597010 0.461150
vt 0.709690 0.441760
vt 0.596960 0.437400
vt 0.815690 0.468830
vt 0.815630 0.485460
vt 0.597130 0.486260
vt 0.693270 0.428030
vt 0.597130 0.493840
vt 0.815620 0.476050
vt 0.597010 0.434690
vt 0.815700 0.444210
vt 0.597010 0.461150
vt 0.709690 0.441760
vt 0.596960 0.437400
vt 0.815690 0.468830
vt 0.815630 0.485450
vt 0.815710 0.463110
vt 0.815630 0.485450
vt 0.597010 0.461150
vt 0.816030 0.437830
vt 0.596960 0.437400
vt 0.816520 0.421230
vt 0.596960 0.417570
vt 0.816030 0.437830
vt 0.596960 0.437400
vt 0.653030 0.094690
vt 0.678840 0.092590
vt 0.662480 0.085610
vt 0.653030 0.103960
vt 0.669400 0.085610
vt 0.678840 0.103960
vt 0.678840 0.094690
vt 0.669400 0.113550
vt 0.662480 0.085610
vt 0.662480 0.113550
vt 0.653030 0.103960
vt 0.653030 0.094690
vt 0.678840 0.094690
vt 0.662480 0.085610
vt 0.653030 0.103960
vt 0.653030 0.094690
vt 0.678840 0.094690
vt 0.662480 0.085610
vt 0.653030 0.103960
vt 0.823100 0.246910
vt 0.788290 0.295650
vt 0.801600 0.246910
vt 0.850360 0.211240
vt 0.837950 0.211240
vt 0.835450 0.338790
vt 0.439970 0.779840
vt 0.397640 0.801410
vt 0.439970 0.801410
vt 0.397640 0.779840
vt 0.614410 0.779840
vt 0.572080 0.801410
vt 0.614410 0.801410
vt 0.572080 0.779840
vt 0.439970 0.779840
vt 0.397640 0.801410
vt 0.439970 0.801410
vt 0.397640 0.779840
vt 0.614410 0.779840
vt 0.572080 0.801410
vt 0.614410 0.801410
vt 0.572080 0.779840
vt 0.816440 0.424030
vt 0.816110 0.435040
vt 0.596960 0.417570
vt 0.700210 0.464400
vt 0.597010 0.491520
vt 0.678840 0.103960
vt 0.669400 0.113550
vt 0.662480 0.113550
vt 0.816440 0.424030
vt 0.816110 0.435040
vt 0.596960 0.417570
vt 0.700210 0.464400
vt 0.597010 0.491520
vt 0.816440 0.424030
vt 0.816110 0.435040
vt 0.596960 0.417570
vt 0.700210 0.464400
vt 0.597010 0.491520
vt 0.678840 0.103960
vt 0.662480 0.113550
vt 0.669400 0.113550
vt 0.597130 0.503410
vt 0.683880 0.450810
vt 0.815630 0.500080
vt 0.815690 0.494160
vt 0.597130 0.503410
vt 0.683880 0.450810
vt 0.815630 0.500080
vt 0.815690 0.494160
vt 0.597130 0.503410
vt 0.683880 0.450810
vt 0.815630 0.500080
vt 0.597010 0.491520
vt 0.815710 0.492130
vt 0.603130 0.488610
vt 0.597130 0.503410
vt 0.683880 0.450810
vt 0.815630 0.500080
vt 0.815690 0.494160
vt 0.678840 0.106570
vt 0.671780 0.113550
vt 0.274030 0.741890
vt 0.207540 0.813600
vt 0.289230 0.813600
vt 0.274030 0.741890
vt 0.222750 0.741890
vt 0.207540 0.813600
vt 0.059280 0.550550
vt 0.120980 0.509910
vt 0.124430 0.544640
vt 0.059280 0.550550
vt 0.059420 0.489560
vt 0.120980 0.509910
vt 0.058310 0.551160
vt 0.115890 0.502990
vt 0.119490 0.542930
vt 0.058310 0.551160
vt 0.058340 0.481070
vt 0.115890 0.502990
vt 0.288740 0.759610
vt 0.237890 0.810110
vt 0.290890 0.806400
vt 0.288740 0.759610
vt 0.255600 0.755890
vt 0.237890 0.810110
vt 0.295390 0.823250
vt 0.207190 0.735650
vt 0.203460 0.816810
vt 0.264670 0.729210
vt 0.074880 0.552550
vt 0.121900 0.491300
vt 0.130730 0.551710
vt 0.074880 0.552550
vt 0.065340 0.491020
vt 0.121900 0.491300
vt 0.521560 0.350770
vt 0.530950 0.359300
vt 0.232960 0.520190
vt 0.613700 0.359000
vt 0.613770 0.345700
vt 0.640990 0.301660
vt 0.581060 0.245560
vt 0.580790 0.301360
vt 0.641260 0.245850
vt 0.707150 0.301980
vt 0.707420 0.246180
vt 0.640990 0.301660
vt 0.581060 0.245560
vt 0.580790 0.301360
vt 0.641260 0.245850
vt 0.707150 0.301980
vt 0.707420 0.246180
vt 0.604890 0.246570
vt 0.614020 0.294360
vt 0.614210 0.255060
vt 0.604620 0.302760
vt 0.520860 0.246200
vt 0.520580 0.302390
vt 0.406420 0.245480
vt 0.406150 0.301670
vt 0.613940 0.311250
vt 0.266020 0.520190
vt 0.520910 0.318700
vt 0.406080 0.317820
vt 0.521560 0.350770
vt 0.613700 0.359000
vt 0.530950 0.359300
vt 0.613760 0.346670
vt 0.520750 0.310950
vt 0.613940 0.311250
vt 0.613140 0.367990
vt 0.613780 0.439520
vt 0.613860 0.457310
vt 0.613860 0.499770
vt 0.604740 0.508900
vt 0.604890 0.246570
vt 0.614020 0.294360
vt 0.614210 0.255060
vt 0.604620 0.302760
vt 0.520860 0.246200
vt 0.520580 0.302390
vt 0.406420 0.245480
vt 0.406150 0.301670
vt 0.204870 0.804760
vt 0.193740 0.829740
vt 0.204980 0.828600
vt 0.193610 0.803730
vt 0.770530 0.895250
vt 0.732400 0.985650
vt 0.770530 0.985650
vt 0.732400 0.895250
vt 0.770530 0.792990
vt 0.732400 0.792990
vt 0.487990 0.191140
vt 0.501290 0.151110
vt 0.504140 0.169830
vt 0.487110 0.120890
vt 0.401470 0.202370
vt 0.396200 0.145410
vt 0.308490 0.181380
vt 0.329220 0.144820
vt 0.555080 0.156200
vt 0.533740 0.177160
vt 0.547220 0.169540
vt 0.518770 0.119240
vt 0.555220 0.140710
vt 0.534260 0.119370
vt 0.547600 0.127240
vt 0.497430 0.140200
vt 0.518260 0.177020
vt 0.505290 0.126860
vt 0.504920 0.169160
vt 0.497300 0.155680
vt 0.284330 0.597750
vt 0.225350 0.505600
vt 0.225350 0.597750
vt 0.284330 0.505600
vt 0.121900 0.491300
vt 0.074880 0.552550
vt 0.130730 0.551710
vt 0.065340 0.491020
vt 0.253240 0.550290
vt 0.204500 0.566970
vt 0.253240 0.566970
vt 0.204500 0.550290
vt 0.253240 0.534110
vt 0.204500 0.534110
vt 0.253240 0.517450
vt 0.204500 0.517450
vt 0.253240 0.500900
vt 0.204500 0.500900
vt 0.253240 0.550290
vt 0.204500 0.566970
vt 0.253240 0.566970
vt 0.204500 0.550290
vt 0.253240 0.534110
vt 0.204500 0.534110
vt 0.185380 0.528930
vt 0.316410 0.481520
vt 0.190800 0.481560
vt 0.252880 0.528910
vt 0.185450 0.576800
vt 0.321690 0.576560
vt 0.320370 0.528890
vt 0.533740 0.177160
vt 0.555080 0.156200
vt 0.547220 0.169540
vt 0.555220 0.140710
vt 0.547600 0.127240
vt 0.547220 0.169540
vt 0.555220 0.140710
vt 0.555080 0.156200
vt 0.534260 0.119370
vt 0.533740 0.177160
vt 0.518770 0.119240
vt 0.504920 0.169160
vt 0.497300 0.155680
vt 0.520750 0.310950
vt 0.613940 0.311250
vt 0.613140 0.367990
vt 0.613780 0.439520
vt 0.613860 0.457310
vt 0.613860 0.499770
vt 0.604740 0.508900
vt 0.406080 0.317700
vt 0.520880 0.317330
vt 0.405940 0.350660
vt 0.521560 0.350770
vt 0.405970 0.367990
vt 0.521850 0.367990
vt 0.406490 0.439520
vt 0.522810 0.439520
vt 0.406560 0.457310
vt 0.522920 0.457310
vt 0.406560 0.496740
vt 0.522920 0.495030
vt 0.613940 0.311250
vt 0.613740 0.350550
vt 0.613140 0.367990
vt 0.613780 0.439520
vt 0.613860 0.457310
vt 0.613860 0.499770
vt 0.115890 0.502990
vt 0.058310 0.551160
vt 0.119490 0.542930
vt 0.058340 0.481070
vt 0.125180 0.509910
vt 0.063490 0.550550
vt 0.128630 0.544640
vt 0.063630 0.489560
vt 0.375900 0.739660
vt 0.063090 0.178680
vt 0.000000 0.739660
vt 0.438990 0.178680
vt 0.290850 0.739660
vt 0.092480 0.178680
vt 0.000000 0.739660
vt 0.383330 0.178680
vt 0.293500 0.822660
vt 0.223180 0.781450
vt 0.226250 0.822660
vt 0.296580 0.781450
vt 0.488470 0.193650
vt 0.499000 0.156520
vt 0.502440 0.175900
vt 0.485750 0.120620
vt 0.398850 0.200980
vt 0.395720 0.146960
vt 0.306080 0.180230
vt 0.326690 0.141680
vt 0.770770 0.892510
vt 0.733370 0.981190
vt 0.770770 0.981190
vt 0.733370 0.892510
vt 0.770770 0.792200
vt 0.733370 0.792200
vt 0.200280 0.788960
vt 0.187990 0.815830
vt 0.200150 0.814710
vt 0.188120 0.787730
vt 0.768520 0.894560
vt 0.730860 0.983840
vt 0.768520 0.983840
vt 0.730860 0.894560
vt 0.768520 0.793590
vt 0.730860 0.793590
vt 0.488640 0.198510
vt 0.501820 0.154310
vt 0.504030 0.173210
vt 0.490170 0.127940
vt 0.403240 0.203180
vt 0.399920 0.145790
vt 0.311570 0.179960
vt 0.325570 0.150250
vt 0.518260 0.177020
vt 0.497300 0.155680
vt 0.504920 0.169160
vt 0.497430 0.140200
vt 0.533740 0.177160
vt 0.505290 0.126860
vt 0.518770 0.119240
vt 0.547220 0.169540
vt 0.534260 0.119370
vt 0.555080 0.156200
vt 0.547600 0.127240
vt 0.555220 0.140710
vt 0.215650 0.504480
vt 0.275470 0.483790
vt 0.215650 0.483790
vt 0.275470 0.504480
vt 0.215650 0.525170
vt 0.275470 0.525170
vt 0.215650 0.545870
vt 0.275470 0.545870
vt 0.215650 0.566560
vt 0.275470 0.566560
vt 0.215650 0.545850
vt 0.275470 0.545850
vt 0.215650 0.525270
vt 0.275470 0.525270
vt 0.533740 0.177160
vt 0.497300 0.155680
vt 0.518260 0.177020
vt 0.497430 0.140200
vt 0.505290 0.126860
vt 0.487110 0.120890
vt 0.487990 0.191140
vt 0.501290 0.151110
vt 0.401470 0.202370
vt 0.396200 0.145410
vt 0.308490 0.181380
vt 0.329220 0.144820
vt 0.497430 0.140200
vt 0.504920 0.169160
vt 0.497300 0.155680
vt 0.518260 0.177020
vt 0.505290 0.126860
vt 0.533740 0.177160
vt 0.518770 0.119240
vt 0.547220 0.169540
vt 0.555080 0.156200
vt 0.739370 0.137960
vt 0.827090 0.117050
vt 0.743060 0.127630
vt 0.831750 0.127040
vt 0.488470 0.193650
vt 0.502440 0.175900
vt 0.485750 0.120620
vt 0.495570 0.137130
vt 0.326690 0.141680
vt 0.398850 0.200980
vt 0.395720 0.146960
vt 0.306080 0.180230
vt 0.207200 0.503540
vt 0.275150 0.480720
vt 0.207200 0.480720
vt 0.275150 0.503540
vt 0.207200 0.526360
vt 0.275150 0.526360
vt 0.207200 0.549190
vt 0.275150 0.549190
vt 0.207200 0.572010
vt 0.275250 0.572050
vt 0.206990 0.556980
vt 0.275250 0.556980
vt 0.206990 0.541900
vt 0.275250 0.541900
vt 0.497430 0.140200
vt 0.518260 0.177020
vt 0.505290 0.126860
vt 0.518770 0.119240
vt 0.490170 0.127940
vt 0.488640 0.198510
vt 0.501820 0.154310
vt 0.403240 0.203180
vt 0.399920 0.145790
vt 0.311570 0.179960
vt 0.325570 0.150250
vt 0.000000 0.548650
vt 0.043870 0.472320
vt 0.000000 0.548650
vt 0.043870 0.472320
vt 0.043870 0.472320
vt 1.000000 0.548650
vt 1.000000 0.548650
vt 1.000000 0.548650
vt 0.956130 0.472320
vt 0.956130 0.472320
vt 0.534260 0.119370
vt 0.555220 0.140710
vt 0.253240 0.550290
vt 0.204500 0.566970
vt 0.253240 0.566970
vt 0.204500 0.550290
vt 0.253240 0.534110
vt 0.204500 0.534110
vt 0.253240 0.517450
vt 0.204500 0.517450
vt 0.253240 0.500900
vt 0.204500 0.500900
vt 0.508090 0.325850
vt 0.628830 0.246610
vt 0.508090 0.246610
vt 0.628830 0.325850
vt 0.534260 0.119370
vt 0.555220 0.140710
vt 0.547600 0.127240
vt 0.555080 0.156200
vt 0.547220 0.169540
vt 0.275470 0.551780
vt 0.215650 0.571160
vt 0.275470 0.571160
vt 0.215650 0.551780
vt 0.275470 0.532400
vt 0.215650 0.532400
vt 0.275470 0.513020
vt 0.215650 0.513020
vt 0.275470 0.493640
vt 0.215650 0.493640
vt 0.534260 0.119370
vt 0.275300 0.536980
vt 0.207000 0.547660
vt 0.275300 0.547660
vt 0.207000 0.536980
vt 0.275300 0.526300
vt 0.207000 0.526300
vt 0.275300 0.515610
vt 0.207000 0.515610
vt 0.275300 0.504930
vt 0.207000 0.504930
vt 0.273460 0.802000
vt 0.231040 0.780960
vt 0.229190 0.802000
vt 0.271600 0.780960
vt 0.270810 0.489660
vt 0.221200 0.557580
vt 0.265870 0.552470
vt 0.270810 0.489660
vt 0.199360 0.484550
vt 0.221200 0.557580
vt 0.268170 0.570310
vt 0.221060 0.505830
vt 0.225750 0.565460
vt 0.288900 0.500980
vt 0.195190 0.572260
vt 0.281780 0.477170
vt 0.214990 0.477170
vt 0.195190 0.572260
vt 0.301580 0.571790
vt 0.281780 0.477170
vt 0.303750 0.799360
vt 0.311930 0.826600
vt 0.312890 0.798500
vt 0.302860 0.825110
vt 0.306900 0.505110
vt 0.214290 0.551070
vt 0.310950 0.551070
vt 0.218340 0.505110
vt 0.505290 0.126860
vt 0.497430 0.140200
vt 0.518770 0.119240
vt 0.268730 0.801020
vt 0.186580 0.773980
vt 0.186580 0.806490
vt 0.268730 0.779450
vt 0.329120 0.798060
vt 0.329120 0.782410
vt 0.262940 0.799480
vt 0.201290 0.777500
vt 0.200690 0.802090
vt 0.263340 0.783160
vt 0.308690 0.798360
vt 0.308980 0.786520
vt 0.243200 0.801610
vt 0.302860 0.825110
vt 0.303750 0.799360
vt 0.242610 0.818700
vt 0.195320 0.802310
vt 0.194900 0.814720
vt 0.272460 0.494820
vt 0.234790 0.554850
vt 0.285640 0.554850
vt 0.247970 0.494820
vt 0.768130 0.795060
vt 0.730620 0.762130
vt 0.730630 0.795070
vt 0.768120 0.762130
vt 0.765490 0.775660
vt 0.733760 0.792470
vt 0.765490 0.792470
vt 0.733760 0.775660
vt 0.765490 0.752700
vt 0.733760 0.752700
vt 0.764160 0.720550
vt 0.735090 0.720550
vt 0.764120 0.689600
vt 0.735050 0.690030
vt 0.279770 0.152420
vt 0.311480 0.172380
vt 0.276960 0.164830
vt 0.317580 0.159140
vt 0.275060 0.138260
vt 0.318140 0.138070
vt 0.276790 0.119850
vt 0.316440 0.117390
vt 0.274600 0.554380
vt 0.238390 0.496670
vt 0.225720 0.554380
vt 0.261930 0.496670
vt 0.297620 0.557330
vt 0.259140 0.496020
vt 0.245680 0.557330
vt 0.284160 0.496020
vt 0.317580 0.159140
vt 0.276960 0.164830
vt 0.311480 0.172380
vt 0.279770 0.152420
vt 0.275060 0.138260
vt 0.317620 0.150080
vt 0.283140 0.171780
vt 0.320680 0.163580
vt 0.276500 0.157390
vt 0.322750 0.141320
vt 0.275890 0.141110
vt 0.320860 0.125060
vt 0.277740 0.122300
vt 0.771310 0.793730
vt 0.731820 0.757560
vt 0.731830 0.793730
vt 0.771300 0.757560
vt 0.769930 0.773290
vt 0.730410 0.794250
vt 0.769960 0.794240
vt 0.730390 0.773300
vt 0.769920 0.744670
vt 0.730370 0.744680
vt 0.768260 0.716150
vt 0.732030 0.716170
vt 0.768210 0.684510
vt 0.731980 0.685060
vt 0.770690 0.771610
vt 0.730520 0.792860
vt 0.770670 0.792870
vt 0.730550 0.771590
vt 0.770710 0.742550
vt 0.730560 0.742540
vt 0.769030 0.713600
vt 0.732240 0.713590
vt 0.769070 0.682030
vt 0.732300 0.681470
vt 0.280910 0.152260
vt 0.310430 0.170860
vt 0.278290 0.163820
vt 0.316110 0.158530
vt 0.276520 0.144770
vt 0.316640 0.144600
vt 0.278150 0.130870
vt 0.315050 0.128490
vt 0.770140 0.755290
vt 0.730870 0.791250
vt 0.770130 0.791250
vt 0.730880 0.755290
vt 0.768120 0.740590
vt 0.730620 0.762130
vt 0.768120 0.762130
vt 0.730620 0.740590
vt 0.766550 0.712770
vt 0.732190 0.712770
vt 0.760750 0.680100
vt 0.737940 0.679750
vt 0.316110 0.158530
vt 0.278290 0.163820
vt 0.310430 0.170860
vt 0.280910 0.152260
vt 0.276520 0.144770
vt 0.276500 0.157390
vt 0.320680 0.163580
vt 0.283140 0.171780
vt 0.317620 0.150080
vt 0.322750 0.141320
vt 0.771310 0.735480
vt 0.731820 0.757560
vt 0.771300 0.757560
vt 0.731820 0.735480
vt 0.769650 0.717710
vt 0.733480 0.717710
vt 0.763540 0.690920
vt 0.739530 0.690560
vt 0.770140 0.733330
vt 0.730880 0.755290
vt 0.770140 0.755290
vt 0.730880 0.733330
vt 0.768500 0.715660
vt 0.732530 0.715660
vt 0.762480 0.688660
vt 0.738600 0.689020
vt 0.318140 0.138070
vt 0.276790 0.119850
vt 0.316440 0.117390
vt 0.316640 0.144600
vt 0.278150 0.130870
vt 0.315050 0.128490
vt 0.275890 0.141110
vt 0.320860 0.125060
vt 0.277740 0.122300
vt 0.234790 0.176540
vt 0.229290 0.145240
vt 0.229540 0.176460
vt 0.234980 0.145220
vt 0.219600 0.142690
vt 0.208510 0.113090
vt 0.208390 0.142210
vt 0.219420 0.113080
vt 0.229540 0.176460
vt 0.218720 0.145270
vt 0.218540 0.175890
vt 0.229290 0.145240
vt 0.224790 0.113110
vt 0.219600 0.142690
vt 0.224560 0.142610
vt 0.224790 0.113110
vt 0.219420 0.113080
vt 0.219600 0.142690
vt 0.246520 0.145220
vt 0.234790 0.176540
vt 0.246650 0.176030
vt 0.246520 0.145220
vt 0.234980 0.145220
vt 0.234790 0.176540
vt 0.245520 0.142210
vt 0.234790 0.113130
vt 0.234950 0.142070
vt 0.245650 0.113090
vt 0.218540 0.175890
vt 0.207230 0.145220
vt 0.207360 0.176030
vt 0.218720 0.145270
vt 0.234790 0.113130
vt 0.224560 0.142610
vt 0.234950 0.142070
vt 0.234790 0.113130
vt 0.224790 0.113110
vt 0.224560 0.142610
vt 0.236680 0.158460
vt 0.229090 0.193290
vt 0.236380 0.193410
vt 0.236680 0.158460
vt 0.228880 0.158460
vt 0.229090 0.193290
vt 0.351620 0.012420
vt 0.339810 0.046410
vt 0.350090 0.046080
vt 0.336120 0.012920
vt 0.229090 0.193290
vt 0.215750 0.158450
vt 0.215510 0.192620
vt 0.228880 0.158460
vt 0.781550 0.695820
vt 0.297310 0.680980
vt 0.931650 0.697000
vt 0.071180 0.679190
vt 0.249810 0.158450
vt 0.236380 0.193410
vt 0.250080 0.192830
vt 0.249810 0.158450
vt 0.236680 0.158460
vt 0.236380 0.193410
vt 0.215750 0.158450
vt 0.204320 0.192830
vt 0.215510 0.192620
vt 0.215750 0.158450
vt 0.204050 0.158450
vt 0.204320 0.192830
vt 0.357820 0.014970
vt 0.338990 0.059720
vt 0.352870 0.060160
vt 0.336910 0.014310
vt 0.244030 0.150730
vt 0.229320 0.181220
vt 0.244240 0.182420
vt 0.244030 0.150730
vt 0.229640 0.150050
vt 0.229320 0.181220
vt 0.209530 0.203930
vt 0.204200 0.173950
vt 0.204490 0.203840
vt 0.209730 0.173930
vt 0.249570 0.182330
vt 0.244030 0.150730
vt 0.244240 0.182420
vt 0.249870 0.150750
vt 0.247170 0.173950
vt 0.234200 0.202630
vt 0.247460 0.203840
vt 0.247170 0.173950
vt 0.234580 0.173330
vt 0.234200 0.202630
vt 0.229640 0.150050
vt 0.218170 0.181050
vt 0.229320 0.181220
vt 0.229640 0.150050
vt 0.217770 0.150090
vt 0.218170 0.181050
vt 0.223660 0.202790
vt 0.209730 0.173930
vt 0.209530 0.203930
vt 0.223350 0.173290
vt 0.210490 0.158740
vt 0.204370 0.187730
vt 0.210190 0.187840
vt 0.210490 0.158740
vt 0.204090 0.158740
vt 0.204370 0.187730
vt 0.246780 0.158740
vt 0.233190 0.186570
vt 0.247070 0.187730
vt 0.246780 0.158740
vt 0.233530 0.158140
vt 0.233190 0.186570
vt 0.218170 0.181050
vt 0.204470 0.150750
vt 0.204160 0.182330
vt 0.217770 0.150090
vt 0.234580 0.173330
vt 0.223660 0.202790
vt 0.234200 0.202630
vt 0.234580 0.173330
vt 0.223350 0.173290
vt 0.223660 0.202790
vt 0.224050 0.186750
vt 0.210490 0.158740
vt 0.210190 0.187840
vt 0.223740 0.158140
vt 0.233530 0.158140
vt 0.224050 0.186750
vt 0.233190 0.186570
vt 0.233530 0.158140
vt 0.223740 0.158140
vt 0.224050 0.186750
vt 0.489460 0.045010
vt 0.328200 0.149940
vt 0.328620 0.044650
vt 0.557080 0.065410
vt 0.542550 0.020530
vt 0.521130 0.081580
vt 0.536730 0.081580
vt 0.515310 0.020530
vt 0.489510 0.020970
vt 0.328620 0.044650
vt 0.328900 0.021000
vt 0.489460 0.045010
vt 0.328620 0.044650
vt 0.489510 0.020970
vt 0.328900 0.021000
vt 0.489460 0.045010
vt 0.351030 0.068820
vt 0.336100 0.026290
vt 0.340160 0.068820
vt 0.355080 0.026290
vt 0.489460 0.045010
vt 0.328200 0.149940
vt 0.328620 0.044650
vt 0.557080 0.065410
vt 0.489460 0.045010
vt 0.328200 0.149940
vt 0.328620 0.044650
vt 0.557080 0.065410
vt 0.489510 0.020970
vt 0.328620 0.044650
vt 0.328900 0.021000
vt 0.489460 0.045010
vt 0.356480 0.028140
vt 0.342540 0.067860
vt 0.352690 0.067860
vt 0.338750 0.028140
vt 0.328200 0.149940
vt 0.489460 0.045010
vt 0.328620 0.044650
vt 0.557080 0.065410
vt 0.501530 0.108950
vt 0.407000 0.124620
vt 0.412640 0.142290
vt 0.498750 0.100250
vt 0.513400 0.102050
vt 0.395200 0.121470
vt 0.400600 0.144980
vt 0.510750 0.090480
vt 0.328200 0.149940
vt 0.489460 0.045010
vt 0.328620 0.044650
vt 0.557080 0.065410
vt 0.328200 0.149940
vt 0.489460 0.045010
vt 0.328620 0.044650
vt 0.557080 0.065410
vt 0.498750 0.100250
vt 0.412640 0.142290
vt 0.407000 0.124620
vt 0.501530 0.108950
vt 0.556800 0.046280
vt 0.489640 0.026020
vt 0.557080 0.065410
vt 0.556800 0.046280
vt 0.489640 0.026020
vt 0.557080 0.065410
vt 0.489640 0.026020
vt 0.557080 0.065410
vt 0.556800 0.046280
vt 0.067990 0.498130
vt 0.071010 0.467670
vt 0.066960 0.536270
vt 0.521560 0.350770
vt 0.613740 0.350550
vt 0.521850 0.367990
vt 0.613140 0.367990
vt 0.522810 0.439520
vt 0.613780 0.439520
vt 0.522920 0.457310
vt 0.613860 0.457310
vt 0.522920 0.490250
vt 0.613860 0.499770
vt 0.703200 0.329660
vt 0.713500 0.417570
vt 0.713500 0.437400
vt 0.712770 0.461250
vt 0.711200 0.494160
vt 0.613860 0.400770
vt 0.711180 0.398060
vt 0.613860 0.349550
vt 0.712790 0.376800
vt 0.703290 0.311310
vt 0.405940 0.350660
vt 0.405970 0.367990
vt 0.406490 0.439520
vt 0.406560 0.457310
vt 0.406560 0.490530
vt 0.947930 0.367070
vt 0.955870 0.331350
vt 0.973390 0.331350
vt 0.938180 0.357800
vt 0.934850 0.289750
vt 0.938350 0.331350
vt 0.958790 0.289750
vt 0.928430 0.242750
vt 0.949170 0.242750
vt 0.910900 0.208350
vt 0.922870 0.208350
vt 0.886960 0.208350
vt 0.863020 0.208350
vt 0.851040 0.208350
vt 0.845490 0.242750
vt 0.824750 0.242750
vt 0.839070 0.289750
vt 0.815130 0.289750
vt 0.836670 0.331350
vt 0.819180 0.331350
vt 0.835830 0.357620
vt 0.825870 0.366890
vt 0.791190 0.289750
vt 0.801690 0.331350
vt 0.804020 0.242750
vt 0.839070 0.208350
vt 0.886960 0.289750
vt 0.886960 0.242750
vt 0.969900 0.242750
vt 0.934850 0.208350
vt 0.982730 0.289750
vt 0.711180 0.398060
vt 0.613860 0.400770
vt 0.711200 0.494160
vt 0.712770 0.461250
vt 0.713500 0.437400
vt 0.713500 0.417570
vt 0.613740 0.350550
vt 0.703200 0.329660
vt 0.613940 0.311250
vt 0.703290 0.311310
vt 0.613860 0.349550
vt 0.712790 0.376800
vt 0.613860 0.400770
vt 0.711180 0.398060
vt 0.613860 0.400770
vt 0.711200 0.494160
vt 0.712770 0.461250
vt 0.713500 0.437400
vt 0.713500 0.417570
vt 0.613740 0.350550
vt 0.703200 0.329660
vt 0.613940 0.311250
vt 0.703290 0.311310
vt 0.613860 0.349550
vt 0.712790 0.376800
vt 0.613860 0.400770
vt 0.613860 0.400770
vt 0.711200 0.494160
vt 0.711180 0.398060
vt 0.613860 0.349550
vt 0.712790 0.376800
vt 0.613860 0.349550
vt 0.703290 0.311310
vt 0.703200 0.329660
vt 0.713500 0.417570
vt 0.713500 0.437400
vt 0.712770 0.461250
vt 0.824260 0.375640
vt 0.411480 0.936050
vt 0.411480 0.936050
vt 0.671780 0.085610
vt 0.669400 0.085610
vt 0.669400 0.085610
vt 0.214030 0.460180
vt 0.214100 0.465750
vt 0.830580 0.008590
vt 0.604240 0.108360
vt 0.504920 0.169160
vt 0.547600 0.127240
vt 0.547600 0.127240
vt 0.498440 0.132400
vt 0.495570 0.137130
vt 0.499600 0.135420
vt 0.295710 0.178520
vt 0.300290 0.178460
vt 0.295750 0.176570
vt 0.295750 0.176570
vt 0.300290 0.178460
vt 0.295710 0.178520
vt 0.499600 0.135420
vt 0.498440 0.132400
vt 0.000000 0.548650
vt 0.504920 0.169160
vt 0.504030 0.173210
vt 0.504140 0.169830
vt 0.518260 0.177020
vt 0.830510 0.007560
vt 0.266020 0.520190
vt 0.261050 0.529050
vt 0.232960 0.520190
vt 0.252520 0.459530
vt 0.603160 0.447600
vt 0.662480 0.113550
vt 0.653030 0.094690
vn -0.5147 0.8557 0.0538
vn 0.0465 0.9949 -0.0900
vn -0.4148 0.8969 0.1535
vn 0.0038 0.9999 -0.0094
vn -0.0042 0.9862 0.1656
vn 0.5820 0.8117 0.0488
vn 0.2651 0.8908 0.3690
vn 0.4015 0.8980 0.1800
vn -0.9650 0.2622 0.0075
vn -0.5871 0.7903 0.1753
vn -0.4147 0.8969 0.1534
vn -0.9790 0.1946 0.0609
vn -0.0141 -0.2030 0.9791
vn 0.0457 -0.1733 0.9838
vn 0.0142 -0.1487 0.9888
vn 0.0225 -0.2221 0.9748
vn -0.0908 -0.8918 -0.4432
vn 0.3280 -0.9112 -0.2493
vn 0.3045 -0.9224 -0.2377
vn -0.3023 -0.9313 -0.2032
vn -0.2959 -0.9373 -0.1843
vn -0.3284 -0.9006 -0.2848
vn 0.6259 0.7592 0.1784
vn 0.9604 0.2764 0.0356
vn 0.4050 0.8977 0.1733
vn 0.9655 0.2550 0.0524
vn 0.0343 0.3470 -0.9373
vn 0.0161 0.3345 -0.9423
vn 0.0243 0.3328 -0.9427
vn 0.0262 0.3484 -0.9370
vn -0.0503 -0.1637 0.9852
vn 0.0208 -0.1993 0.9797
vn -0.0126 -0.1347 0.9908
vn -0.0228 -0.2220 0.9748
vn -0.9240 -0.3724 0.0873
vn -0.9218 -0.3850 0.0458
vn -0.9185 -0.3855 0.0885
vn -0.9213 -0.3864 0.0442
vn 0.9218 -0.3850 0.0458
vn 0.9273 -0.3739 0.0159
vn 0.9167 -0.3861 0.1033
vn 0.9212 -0.3865 0.0441
vn -0.0197 0.3614 -0.9322
vn -0.0362 0.3534 -0.9348
vn -0.0286 0.3675 -0.9296
vn -0.0263 0.3484 -0.9370
vn 0.9091 -0.3590 0.2115
vn 0.9047 -0.3668 0.2167
vn 0.9055 -0.3590 0.2260
vn 0.8994 -0.4087 0.1548
vn 0.9171 -0.3850 0.1035
vn 0.9196 -0.3859 0.0737
vn -0.9202 -0.3427 0.1893
vn -0.9278 -0.3590 0.1019
vn -0.9184 -0.3855 0.0885
vn -0.9036 -0.3702 0.2153
vn -0.9030 -0.3677 0.2223
vn -0.9055 -0.3562 0.2305
vn 0.9387 -0.3356 -0.0790
vn 0.9340 -0.3461 -0.0886
vn 0.9339 -0.3482 -0.0807
vn 0.9428 -0.3129 -0.1150
vn 0.9115 -0.3684 0.1827
vn 0.7208 -0.5488 0.4233
vn -0.3683 0.8039 0.4670
vn -0.2687 0.8898 0.3689
vn -0.2277 0.7391 0.6340
vn -0.0192 0.8676 0.4968
vn -0.0362 0.6589 0.7514
vn 0.0000 0.6874 0.7262
vn 0.0284 0.6655 0.7459
vn -0.0019 0.6012 0.7991
vn -0.0000 0.6147 0.7888
vn 0.0000 0.7405 -0.6721
vn 0.9943 0.0820 -0.0677
vn 0.9939 0.0815 -0.0738
vn 0.9943 0.0791 -0.0718
vn 0.9940 0.0844 -0.0698
vn -0.9335 -0.3453 -0.0963
vn -0.9366 -0.3395 -0.0867
vn -0.9341 -0.3474 -0.0829
vn -0.9484 -0.3015 -0.0985
vn -0.7645 -0.6147 0.1941
vn -0.8027 -0.5232 0.2864
vn -0.9190 -0.2899 0.2671
vn -0.9034 -0.3541 0.2418
vn -0.9052 -0.3605 0.2251
vn -0.8908 -0.3618 0.2750
vn -0.9088 -0.2726 0.3160
vn -0.9099 -0.2487 0.3320
vn 0.9203 -0.3148 0.2324
vn 0.9039 -0.3601 0.2310
vn 0.9053 -0.3618 0.2228
vn 0.9052 -0.3059 0.2949
vn 0.9163 -0.2734 0.2928
vn 0.9098 -0.2510 0.3305
vn 0.0146 -0.6368 -0.7709
vn 0.0000 -0.6675 -0.7446
vn -0.0086 -0.6371 -0.7708
vn -0.0304 -0.6723 -0.7396
vn 0.0219 -0.6705 -0.7416
vn -0.9939 0.0815 -0.0738
vn -0.9943 0.0820 -0.0677
vn -0.9943 0.0791 -0.0718
vn -0.9940 0.0844 -0.0698
vn -0.7571 -0.6053 0.2458
vn -0.4744 -0.5497 0.6876
vn -0.8027 -0.5232 0.2863
vn -0.9436 -0.2696 0.1921
vn -0.0129 0.8372 0.5467
vn -0.1074 0.7345 0.6700
vn -0.1177 0.6154 0.7794
vn -0.2108 0.7269 0.6536
vn 0.3423 -0.8052 0.4843
vn 0.6825 -0.6214 0.3848
vn 0.8777 -0.4578 0.1417
vn 0.9423 -0.2783 0.1859
vn 0.9931 -0.0895 -0.0764
vn 0.9826 -0.1435 -0.1180
vn 0.9931 -0.0895 -0.0763
vn 0.9988 -0.0351 -0.0344
vn -0.3582 -0.7950 -0.4896
vn -0.0300 -0.8432 -0.5368
vn 0.1496 -0.8610 -0.4861
vn 0.2628 -0.8646 -0.4282
vn -0.2938 -0.8320 -0.4706
vn 0.1784 -0.8026 -0.5692
vn 0.1456 -0.6095 -0.7793
vn -0.1522 -0.6234 -0.7669
vn -0.0140 -0.8388 -0.5442
vn 0.1277 -0.8927 -0.4322
vn -0.0420 -0.9971 -0.0637
vn -0.2701 -0.8584 -0.4361
vn 0.2718 -0.8482 -0.4546
vn 0.2158 -0.9017 -0.3746
vn -0.2144 -0.9021 -0.3746
vn 0.0970 0.7344 0.6717
vn 0.1587 0.5895 0.7920
vn 0.1890 0.7307 0.6561
vn 0.1538 0.6630 0.7326
vn 0.1830 0.6528 0.7351
vn -0.2845 0.6529 0.7020
vn -0.0161 0.9309 0.3650
vn -0.2023 0.6338 0.7465
vn 0.0062 0.5222 0.8528
vn -0.1425 0.6618 0.7360
vn -0.5174 -0.5009 0.6938
vn -0.7283 -0.3395 0.5952
vn -0.4902 -0.5105 0.7065
vn -0.9080 -0.2859 0.3063
vn 0.9827 0.0189 0.1843
vn 0.9950 0.0942 0.0339
vn 0.9923 0.0961 0.0786
vn 0.9548 0.2416 -0.1733
vn 0.0065 -0.6174 -0.7866
vn -0.1299 -0.6015 -0.7882
vn -0.1082 -0.6691 -0.7353
vn 0.0484 -0.5686 -0.8212
vn -0.0044 -0.5033 -0.8641
vn 0.1941 -0.3774 -0.9055
vn -0.0020 -0.6175 -0.7866
vn 0.0000 -0.6077 -0.7941
vn 0.9791 -0.1915 0.0684
vn 0.9594 -0.1670 -0.2271
vn 0.7338 -0.4266 0.5287
vn 0.9811 -0.1923 0.0195
vn 0.7325 -0.3667 0.5735
vn 0.5174 -0.5299 0.6720
vn 0.4955 -0.5378 0.6822
vn 0.9104 -0.2996 0.2854
vn -0.9331 -0.3242 0.1558
vn -0.9970 -0.0765 0.0131
vn -0.9836 -0.1392 -0.1146
vn -0.9986 -0.0378 -0.0368
vn 0.0000 0.7705 -0.6374
vn -0.0499 0.5877 0.8076
vn 0.0051 0.6570 0.7539
vn 0.0000 0.6367 0.7711
vn 0.0600 0.5970 0.8000
vn -0.0019 0.5435 0.8394
vn 0.0020 0.5437 0.8393
vn 0.0000 0.5418 0.8405
vn -0.0482 0.5884 0.8071
vn 0.0000 0.6497 0.7602
vn 0.0515 0.5970 0.8006
vn -0.0020 0.5434 0.8395
vn 0.0020 0.5436 0.8393
vn 0.9870 -0.1132 0.1139
vn 0.9993 -0.0293 0.0244
vn 0.9993 -0.0263 0.0281
vn 0.9601 -0.2151 0.1788
vn -0.0054 -0.7146 -0.6995
vn 0.0616 -0.5728 -0.8174
vn 0.1272 -0.6884 -0.7141
vn 0.0051 -0.6195 -0.7850
vn 0.2215 -0.3857 -0.8957
vn -0.9947 0.0980 0.0306
vn -0.9967 0.0250 0.0766
vn -0.9918 0.0993 0.0809
vn -0.9993 0.0258 0.0253
vn 1.0000 -0.0000 0.0000
vn -1.0000 -0.0000 0.0000
vn -0.3248 0.9450 -0.0379
vn 0.0080 0.8405 -0.5417
vn 0.0000 0.8404 -0.5419
vn 0.3251 0.9360 -0.1351
vn -0.4066 0.6883 0.6007
vn 0.4063 0.7624 0.5037
vn -0.2929 0.1531 0.9438
vn 0.2919 0.2426 0.9252
vn -0.2592 -0.3837 0.8864
vn 0.2651 -0.3245 0.9080
vn -0.0472 -0.6368 0.7696
vn 0.0425 -0.6317 0.7741
vn -0.0327 -0.7015 0.7120
vn 0.0365 -0.6984 0.7147
vn 0.0001 -0.7255 0.6882
vn 0.0000 -0.7255 0.6882
vn 0.0306 0.8383 -0.5443
vn -0.0152 0.7022 -0.7118
vn -0.0000 0.6745 -0.7382
vn 0.0669 0.6956 -0.7153
vn -0.0204 0.8111 -0.5846
vn -0.0000 0.8663 -0.4995
vn -0.0629 0.7028 -0.7086
vn 0.0613 0.5901 -0.8050
vn -0.0752 0.5962 -0.7993
vn -0.0041 0.5348 -0.8450
vn -0.0082 0.5373 -0.8434
vn 0.0054 0.8664 -0.4994
vn 0.0000 0.8125 -0.5829
vn 0.4063 0.7624 0.5036
vn -0.2592 -0.3836 0.8864
vn -0.0110 -0.6336 0.7736
vn 0.0000 -0.6479 0.7617
vn -0.9610 -0.1849 -0.2056
vn -0.9787 -0.1871 0.0849
vn -0.7301 -0.4041 0.5510
vn -0.9812 -0.1890 0.0397
vn -0.9274 -0.1545 0.3406
vn -0.9086 -0.2505 0.3343
vn -0.9081 -0.2735 0.3169
vn -0.8993 -0.2115 0.3828
vn -0.9205 -0.1205 0.3717
vn -0.9216 -0.0996 0.3752
vn 0.0000 -0.6367 -0.7711
vn -0.0338 -0.6616 -0.7491
vn 0.0469 -0.7321 -0.6795
vn -0.0466 -0.7282 -0.6838
vn 0.0000 -0.7634 -0.6459
vn -0.9989 -0.0425 0.0179
vn -0.9889 -0.1095 0.1000
vn -0.9983 -0.0525 0.0261
vn -0.9696 -0.1882 0.1564
vn 0.0326 -0.6671 -0.7443
vn 0.0453 -0.7316 -0.6802
vn -0.0465 -0.7267 -0.6854
vn 0.9254 -0.1945 0.3253
vn 0.9033 -0.2089 0.3747
vn 0.9078 -0.2776 0.3143
vn 0.9268 -0.1508 0.3441
vn 0.9250 -0.1254 0.3586
vn 0.9216 -0.0999 0.3751
vn -0.0047 0.6051 -0.7962
vn 0.0023 0.6745 -0.7383
vn -0.0000 0.6745 -0.7383
vn 0.0000 0.6207 -0.7840
vn 0.0585 0.5894 -0.8057
vn -0.0176 0.6995 -0.7144
vn -0.0614 0.5941 -0.8021
vn 0.0084 0.5356 -0.8444
vn 0.0082 0.5393 -0.8421
vn 0.0000 0.7997 0.6004
vn 0.0000 -0.7705 0.6374
vn 0.9157 -0.3652 0.1677
vn 0.9596 -0.2258 0.1676
vn 0.9870 -0.1228 0.1033
vn 0.9816 -0.1469 0.1221
vn 0.9916 0.1022 -0.0792
vn 0.9838 0.1375 -0.1149
vn 0.9838 0.1381 -0.1142
vn 0.9969 0.0604 -0.0503
vn 0.1034 -0.9036 -0.4156
vn 0.1563 -0.7561 -0.6355
vn -0.0035 -0.8739 0.4861
vn 0.0104 -0.8791 0.4766
vn 0.0102 -0.8789 0.4770
vn -0.0720 -0.9863 0.1484
vn -0.0156 -0.8780 0.4783
vn -0.0089 -0.9779 -0.2091
vn 0.2103 0.6272 0.7499
vn 0.1490 0.6655 0.7314
vn 0.1947 0.6532 0.7317
vn 0.2686 0.6580 0.7035
vn -0.1795 0.7864 0.5911
vn -0.1831 0.9294 0.3204
vn -0.0562 0.7859 0.6158
vn 0.1749 0.8239 0.5391
vn 0.0000 0.7011 0.7131
vn -0.0890 -0.9760 -0.1990
vn -0.0055 -0.9894 0.1449
vn 0.0222 0.7842 0.6202
vn 0.0001 0.8585 0.5128
vn 0.0045 0.8586 0.5127
vn -0.1885 0.8904 0.4143
vn 0.0553 0.7827 0.6200
vn -0.0000 0.7856 0.6188
vn 0.9521 0.2994 0.0630
vn 0.8855 0.4362 -0.1599
vn 0.9858 0.1587 -0.0548
vn 0.9559 0.0587 -0.2876
vn 0.9991 0.0296 0.0301
vn 0.9988 -0.0344 -0.0350
vn -0.0041 -0.5034 -0.8641
vn 0.1961 -0.3827 -0.9028
vn -0.0032 -0.6196 -0.7849
vn 0.0000 -0.7011 -0.7131
vn -0.0218 -0.6091 -0.7928
vn -0.0000 -0.5034 -0.8640
vn 0.0015 -0.6585 0.7526
vn -0.0010 -0.6845 0.7290
vn -0.0000 -0.6346 0.7729
vn -0.0001 -0.7002 0.7140
vn -0.0031 -0.6842 0.7292
vn 0.0079 -0.6486 0.7611
vn 0.0002 -0.7087 0.7055
vn -0.0219 -0.6091 -0.7928
vn -0.9986 -0.0370 -0.0376
vn -0.9993 0.0253 0.0258
vn 0.0000 -0.8479 -0.5301
vn -0.9711 0.1831 -0.1530
vn -0.9856 0.1342 -0.1033
vn -0.9711 0.1838 -0.1520
vn -0.9951 0.0758 -0.0631
vn -0.9693 -0.1969 0.1471
vn -0.9655 -0.1903 0.1776
vn -0.9888 -0.1179 0.0917
vn -0.9849 -0.1332 0.1107
vn 0.9996 0.0221 -0.0180
vn 0.9970 0.0484 -0.0607
vn 0.9916 0.0992 -0.0825
vn 0.9996 0.0222 -0.0180
vn 0.9961 -0.0682 0.0562
vn 0.9816 -0.1497 0.1182
vn 0.9559 -0.2259 0.1879
vn 0.9961 -0.0683 0.0554
vn -0.0000 -0.7258 0.6879
vn -0.0001 -0.7258 0.6879
vn 0.0001 -0.7258 0.6879
vn 0.0001 -0.7259 0.6879
vn 0.0000 -0.7255 0.6883
vn 0.0070 -0.7094 0.7047
vn 0.0001 -0.6845 0.7290
vn 0.0000 -0.7254 0.6883
vn -0.9952 0.0590 -0.0776
vn -0.9996 0.0219 -0.0177
vn -0.9856 0.1299 -0.1080
vn -0.9996 0.0222 -0.0180
vn -0.9849 -0.1355 0.1075
vn -0.9961 -0.0681 0.0561
vn -0.9660 -0.1988 0.1653
vn -0.9961 -0.0683 0.0554
vn -1.0000 0.0000 -0.0001
vn -0.1491 0.4597 0.8755
vn 0.0000 0.2377 0.9713
vn -0.0001 0.7427 0.6696
vn 0.0481 0.9201 0.3888
vn -0.2761 0.8416 0.4642
vn 0.0000 0.5012 0.8653
vn 0.1847 0.9485 0.2574
vn 0.0656 0.9926 -0.1019
vn -0.0663 0.8148 -0.5760
vn 0.0294 0.7520 -0.6586
vn -0.0294 0.5859 -0.8099
vn 0.0000 0.5661 -0.8243
vn 0.0034 -0.9345 -0.3559
vn 0.0000 -0.9354 -0.3535
vn 0.0034 -0.9353 -0.3538
vn 0.0000 -0.9346 -0.3557
vn -0.0001 -0.9354 -0.3535
vn -0.0034 -0.9345 -0.3559
vn -0.0034 -0.9353 -0.3538
vn -0.3035 0.9140 -0.2692
vn 0.0000 0.8192 -0.5735
vn 0.3028 0.9020 -0.3077
vn -0.1333 0.9796 0.1503
vn 0.1336 0.9824 0.1303
vn 0.0000 0.9600 0.2800
vn -0.0000 0.9498 0.3129
vn 0.0000 1.0000 0.0092
vn -0.5307 0.7648 0.3653
vn 0.4720 0.8160 0.3336
vn 0.0000 0.5634 0.8262
vn -0.4474 -0.7562 0.4775
vn 0.0000 -0.4299 0.9029
vn 0.4557 -0.6509 0.6072
vn -0.2570 -0.7702 0.5837
vn 0.2546 -0.8629 0.4365
vn 0.0000 -0.6029 0.7978
vn -0.9996 -0.0092 -0.0264
vn -0.9997 -0.0049 -0.0229
vn -0.9973 -0.0413 -0.0605
vn -0.9994 -0.0360 0.0017
vn -0.9995 -0.0300 -0.0000
vn -0.9995 -0.0304 -0.0001
vn -0.9995 -0.0305 -0.0002
vn -0.9995 -0.0313 0.0016
vn 0.9996 -0.0264 -0.0090
vn 0.9995 -0.0308 0.0000
vn 0.9995 -0.0303 -0.0003
vn 0.9999 -0.0090 -0.0117
vn 0.9984 -0.0571 0.0015
vn 0.9995 -0.0248 0.0199
vn 0.9968 -0.0778 0.0161
vn 0.0000 1.0000 -0.0000
vn 0.0000 -0.7769 0.6296
vn 0.0054 -0.9952 -0.0975
vn -0.0148 -0.9931 -0.1164
vn -0.0055 -0.9953 -0.0963
vn -0.0039 -0.9930 -0.1179
vn 0.0149 -0.9931 -0.1163
vn -0.0052 -0.9952 -0.0976
vn 0.0057 -0.9953 -0.0963
vn 0.0040 -0.9930 -0.1179
vn -0.0024 -0.9961 -0.0882
vn -0.0192 -0.9964 -0.0823
vn -0.0116 -0.9954 -0.0946
vn -0.0101 -0.9971 -0.0759
vn 0.0196 -0.9964 -0.0823
vn 0.0028 -0.9961 -0.0881
vn 0.0120 -0.9955 -0.0945
vn 0.0105 -0.9971 -0.0759
vn 0.1010 0.9949 0.0000
vn 0.1006 0.9949 -0.0005
vn 0.1008 0.9949 -0.0005
vn 0.1007 0.9949 0.0000
vn 0.8427 0.5378 -0.0271
vn 0.8315 0.5536 -0.0472
vn 0.8429 0.5357 -0.0494
vn 0.8331 0.5523 -0.0290
vn -0.8317 0.5533 -0.0472
vn -0.8429 0.5374 -0.0271
vn -0.8431 0.5354 -0.0494
vn -0.8333 0.5520 -0.0290
vn -0.1013 0.9949 -0.0006
vn -0.1011 0.9949 -0.0000
vn -0.1012 0.9949 -0.0005
vn -0.9891 0.1342 0.0600
vn -0.9588 0.2214 0.1779
vn -0.9688 0.2463 0.0266
vn -0.9889 -0.0351 0.1441
vn -0.9995 -0.0233 0.0230
vn -0.9976 -0.0581 0.0363
vn 0.0000 0.9986 0.0526
vn 0.0248 0.9824 -0.1852
vn -0.0000 0.9034 -0.4289
vn 0.2214 0.9582 -0.1812
vn -0.0450 0.9006 -0.4322
vn 0.0000 0.9825 -0.1865
vn 0.0272 0.9982 -0.0527
vn 0.0000 -1.0000 0.0000
vn -0.4359 -0.8237 0.3625
vn 0.0000 -0.6593 0.7519
vn 0.4268 -0.8046 0.4129
vn 0.9844 -0.0194 0.1749
vn 0.9724 0.2151 0.0904
vn 0.9882 0.1519 0.0219
vn 0.9905 0.1026 0.0916
vn 0.9953 -0.0922 0.0301
vn 0.9978 -0.0567 0.0344
vn -0.2536 -0.9670 0.0225
vn 0.2818 -0.9594 0.0103
vn 0.0986 0.9951 -0.0004
vn 0.1063 0.9905 -0.0871
vn 0.0984 0.9951 0.0000
vn 0.0997 0.9863 -0.1315
vn -0.1067 0.9905 -0.0870
vn -0.0989 0.9951 -0.0003
vn -0.0988 0.9951 0.0000
vn -0.1006 0.9862 -0.1314
vn -0.9980 -0.0476 0.0407
vn -0.9976 -0.0582 0.0363
vn 0.0000 0.9525 0.3045
vn 0.9976 -0.0629 0.0287
vn 0.9974 -0.0428 0.0587
vn -0.6005 0.7397 -0.3036
vn -0.1077 0.9942 0.0037
vn 0.1077 0.9942 0.0000
vn -0.5179 0.7997 0.3036
vn -0.9122 0.4096 -0.0037
vn -0.9788 0.2048 -0.0000
vn -0.9122 0.4097 -0.0037
vn -0.9788 0.2048 -0.0001
vn 0.0602 -0.8027 -0.5933
vn 0.1588 -0.3744 -0.9136
vn -0.0096 -0.8250 -0.5650
vn 0.3187 -0.8433 -0.4328
vn 0.2757 0.7329 0.6220
vn 0.3243 0.8441 0.4270
vn -0.2070 -0.5856 -0.7838
vn -0.1399 0.7868 0.6012
vn 0.3378 0.2210 -0.9149
vn 0.3347 0.2191 -0.9165
vn 0.0864 -0.4404 -0.8936
vn -0.2310 -0.6459 -0.7276
vn 0.0822 -0.8850 -0.4583
vn 0.3972 -0.8983 0.1878
vn 0.0766 -0.8814 -0.4661
vn 0.2051 -0.8045 -0.5574
vn 0.2222 -0.7979 -0.5603
vn 0.2430 -0.7895 -0.5635
vn 0.4141 0.9092 0.0426
vn 0.4005 0.8943 0.1998
vn 0.2584 0.9564 0.1359
vn 0.1657 0.9692 0.1821
vn 0.4033 0.8968 -0.1817
vn 0.2482 0.9659 -0.0734
vn 0.4208 0.8334 -0.3582
vn 0.2643 0.9273 -0.2651
vn 0.4314 0.7355 -0.5224
vn 0.2855 0.8432 -0.4555
vn 0.4763 0.5723 -0.6676
vn 0.3069 0.7267 -0.6146
vn 0.4729 0.4078 -0.7811
vn 0.3120 0.5284 -0.7896
vn 0.3491 0.2319 -0.9079
vn 0.3999 0.2363 -0.8856
vn -0.0529 0.9179 0.3933
vn -0.0064 0.9624 0.2714
vn -0.0016 0.9996 0.0277
vn 0.0002 0.9856 -0.1689
vn 0.0015 0.9370 -0.3492
vn -0.0002 0.8514 -0.5244
vn 0.0024 0.6782 -0.7349
vn 0.2305 0.2382 -0.9435
vn 0.4244 0.0913 -0.9009
vn 0.2594 0.0944 -0.9611
vn 0.4350 -0.0955 -0.8953
vn 0.2634 -0.1089 -0.9585
vn 0.4579 -0.2695 -0.8472
vn 0.2965 -0.2982 -0.9073
vn 0.3975 -0.3750 -0.8375
vn 0.3970 -0.3684 -0.8406
vn 0.1607 -0.9789 -0.1264
vn 0.3328 -0.9231 -0.1928
vn 0.2168 -0.9675 -0.1304
vn 0.3034 -0.9494 0.0816
vn 0.2395 -0.9436 0.2285
vn 0.1507 -0.9584 0.2422
vn 0.3273 -0.8983 0.2930
vn 0.2694 -0.8270 0.4935
vn 0.3557 -0.8090 0.4680
vn 0.2828 -0.7072 0.6480
vn 0.3701 -0.6896 0.6225
vn 0.2996 -0.5080 0.8076
vn 0.3677 -0.5040 0.7815
vn 0.2264 -0.3904 0.8924
vn 0.4674 -0.2594 0.8451
vn 0.3279 -0.3769 0.8662
vn -0.2166 -0.9133 -0.3448
vn -0.0993 -0.9665 -0.2365
vn -0.1242 -0.9903 0.0619
vn -0.1294 -0.9563 0.2623
vn -0.1523 -0.8780 0.4538
vn -0.1447 -0.7696 0.6219
vn -0.0315 -0.2310 0.9724
vn 0.2749 -0.2332 0.9327
vn 0.3521 -0.1792 0.9186
vn 0.4246 -0.1252 0.8967
vn 0.3576 0.0115 0.9338
vn 0.3918 0.1840 0.9015
vn 0.3424 0.2254 0.9121
vn 0.3982 0.3624 0.8426
vn 0.3929 0.3709 0.8415
vn 0.3949 0.3719 0.8401
vn -0.6027 0.5270 0.5992
vn -0.6179 0.5821 0.5285
vn -0.6808 0.5079 0.5278
vn -0.4771 0.7603 0.4408
vn -0.7658 0.5170 0.3825
vn -0.5493 0.6811 0.4842
vn -0.7013 0.4735 0.5329
vn 0.5510 -0.6001 -0.5799
vn 0.0590 -0.7388 -0.6713
vn 0.1436 -0.8160 -0.5600
vn 0.4986 -0.3379 -0.7983
vn 0.8158 -0.2665 -0.5132
vn 0.5981 -0.3480 -0.7219
vn 0.7435 -0.4442 -0.5000
vn -0.3503 -0.4933 -0.7962
vn -0.1862 -0.5704 -0.8000
vn 0.0958 -0.7280 -0.6789
vn -0.7627 -0.2974 -0.5744
vn -0.4539 -0.4148 -0.7886
vn -0.7166 -0.4635 -0.5212
vn -0.7166 -0.4633 -0.5214
vn 0.5407 0.5988 0.5909
vn 0.7415 0.5410 0.3969
vn 0.7506 0.4517 0.4823
vn 0.7539 0.5423 0.3709
vn 0.5089 0.6875 0.5180
vn 0.7336 0.4542 0.5055
vn 0.7315 0.4528 0.5097
vn 1.0000 -0.0000 0.0002
vn 1.0000 -0.0001 0.0001
vn 1.0000 -0.0002 0.0002
vn 1.0000 -0.0000 0.0001
vn 0.0000 0.3625 -0.9320
vn 1.0000 -0.0001 0.0000
vn -0.2727 0.5127 0.8141
vn 0.3045 0.7113 0.6335
vn 0.5683 0.1745 0.8041
vn 0.0005 0.0022 1.0000
vn 0.0007 0.0023 1.0000
vn 0.0001 0.0022 1.0000
vn 0.0001 0.0024 1.0000
vn 0.9240 0.3724 0.0870
vn 0.9164 0.3920 -0.0816
vn 0.8754 0.4834 0.0052
vn 0.9733 0.2274 -0.0297
vn 0.9640 0.2523 -0.0845
vn 0.2830 0.4664 -0.8381
vn -0.2497 0.6935 -0.6758
vn -0.5235 0.1965 -0.8291
vn 0.0008 -0.0032 -1.0000
vn -0.0607 0.0495 -0.9969
vn -0.0026 -0.0048 -1.0000
vn -0.0921 -0.0156 -0.9956
vn 0.9336 -0.3459 0.0935
vn 0.9024 -0.4229 -0.0829
vn 0.8454 -0.5341 -0.0052
vn 0.9334 -0.3568 0.0369
vn 0.9509 -0.3087 0.0217
vn 0.5308 0.1591 -0.8324
vn 0.2900 0.6776 -0.6758
vn -0.2418 0.5144 -0.8228
vn 0.0683 0.0200 -0.9975
vn -0.0008 -0.0030 -1.0000
vn -0.0005 -0.0032 -1.0000
vn -0.5536 0.1995 0.8085
vn -0.2621 0.7280 0.6335
vn 0.2906 0.5286 0.7976
vn -0.0005 0.0022 1.0000
vn -0.0005 0.0025 1.0000
vn 0.0002 0.0022 1.0000
vn 0.0000 0.0024 1.0000
vn -0.0115 -0.4310 0.9023
vn 0.0145 -0.1400 0.9900
vn 0.0000 -0.2033 0.9791
vn -0.0000 -0.3847 0.9231
vn 0.9998 0.0098 0.0162
vn 0.9999 -0.0096 0.0085
vn 0.9996 -0.0015 0.0277
vn 0.9997 -0.0000 0.0249
vn 0.9997 -0.0001 0.0248
vn -0.9991 -0.0015 0.0425
vn -0.9991 0.0025 0.0422
vn -0.9992 0.0010 0.0404
vn -0.9990 0.0000 0.0444
vn 0.0000 0.0000 1.0000
vn 0.0000 -0.0246 -0.9997
vn -0.9989 -0.0246 0.0402
vn -0.9986 -0.0278 0.0445
vn -0.9988 -0.0268 0.0404
vn -0.9987 -0.0257 0.0444
vn 0.9990 -0.0010 0.0446
vn 0.9992 0.0021 0.0402
vn 0.9992 0.0000 0.0404
vn 0.9990 0.0011 0.0444
vn 0.9986 -0.0277 0.0445
vn 0.9989 -0.0247 0.0402
vn 0.9988 -0.0268 0.0404
vn 0.9987 -0.0257 0.0444
vn 0.0000 -0.0009 1.0000
vn -0.8967 0.4279 -0.1128
vn -0.8955 0.4359 0.0902
vn -0.8454 0.5341 0.0052
vn -0.9698 0.2416 -0.0346
vn -0.9657 0.2587 0.0239
vn -0.9882 0.1394 0.0640
vn -0.9517 0.2580 0.1667
vn -0.9757 0.2170 -0.0304
vn -0.9943 0.0305 0.1025
vn -0.9815 0.1910 -0.0148
vn -0.9961 0.0135 -0.0869
vn -0.9717 0.2040 0.1192
vn -0.9825 0.1505 -0.1096
vn -0.9830 0.0140 -0.1830
vn -0.9855 0.0358 -0.1660
vn -0.9854 0.0335 -0.1667
vn -0.9880 0.0198 -0.1529
vn -0.9863 -0.0119 -0.1648
vn -0.9876 -0.0215 -0.1553
vn 1.0000 -0.0001 0.0006
vn 1.0000 0.0001 0.0000
vn 1.0000 -0.0000 0.0005
vn 1.0000 -0.0001 0.0010
vn 1.0000 0.0001 0.0010
vn -0.9724 -0.0121 0.2330
vn -0.9655 -0.0495 0.2557
vn -0.9661 -0.0517 0.2529
vn -0.9600 -0.0392 0.2771
vn -0.9692 0.0164 0.2456
vn -0.9707 0.0336 0.2379
vn 0.9882 0.0188 -0.1521
vn 0.9854 0.0362 -0.1662
vn 0.9858 0.0337 -0.1646
vn 0.9832 0.0147 -0.1821
vn 0.9874 -0.0088 -0.1579
vn 0.9876 -0.0216 -0.1552
vn -0.9619 0.0224 -0.2726
vn -0.9675 0.0539 -0.2471
vn -0.9674 0.0505 -0.2481
vn -0.9730 0.0296 -0.2289
vn -0.9678 -0.0175 -0.2511
vn -0.9702 -0.0342 -0.2398
vn 0.9705 -0.0458 0.2368
vn 0.9662 -0.0498 0.2529
vn 0.9661 -0.0525 0.2527
vn 0.9612 -0.0170 0.2752
vn 0.9720 0.0067 0.2347
vn 0.9710 0.0334 0.2366
vn -0.9358 -0.3330 -0.1159
vn -0.9215 -0.3840 0.0585
vn -0.8754 -0.4834 -0.0052
vn -0.9401 -0.3369 0.0523
vn -0.9652 -0.2226 0.1371
vn -0.9381 -0.0214 0.3457
vn -0.9212 -0.0995 0.3761
vn -0.9193 -0.1219 0.3741
vn -0.9133 -0.0569 0.4034
vn -0.9322 0.0234 0.3611
vn -0.9342 0.0501 0.3533
vn 0.4972 0.0921 -0.8627
vn 0.4861 0.2534 -0.8364
vn 0.3469 0.0982 -0.9327
vn 0.5061 -0.0954 -0.8572
vn 0.3347 -0.0985 -0.9372
vn 0.4938 -0.2759 -0.8247
vn 0.3422 -0.2873 -0.8946
vn 0.4133 -0.3745 -0.8300
vn 0.4078 -0.3721 -0.8338
vn 0.9724 0.0297 -0.2313
vn 0.9656 0.0542 -0.2544
vn 0.9660 0.0524 -0.2532
vn 0.9609 0.0240 -0.2757
vn 0.9707 -0.0131 -0.2401
vn 0.9700 -0.0346 -0.2405
vn 0.4107 -0.1708 0.8956
vn 0.4851 -0.2603 0.8348
vn 0.4928 -0.1236 0.8613
vn 0.3623 0.1332 0.9225
vn 0.5001 0.0549 0.8642
vn 0.4264 0.2101 0.8798
vn 0.4952 0.2383 0.8355
vn 0.4282 0.3637 0.8273
vn 0.4282 0.3658 0.8263
vn 0.9347 -0.0649 0.3495
vn 0.9215 -0.0572 0.3842
vn 0.9193 -0.1220 0.3742
vn 0.9373 -0.0164 0.3482
vn 0.9377 0.0107 0.3474
vn 0.9342 0.0501 0.3533
vn -0.0742 0.1556 0.9850
vn 0.0262 0.2582 0.9657
vn 0.0958 0.2391 0.9663
vn 0.0037 0.0102 0.9999
vn -0.0031 0.0197 0.9998
vn -0.0152 0.2621 -0.9649
vn -0.0543 0.2436 -0.9683
vn -0.0344 0.2727 -0.9615
vn -0.0233 0.0896 -0.9957
vn -0.1002 0.9911 -0.0874
vn -0.1006 0.9604 -0.2599
vn -0.1006 0.9862 -0.1312
vn -0.0167 0.0202 -0.9997
vn -0.0144 0.0176 -0.9997
vn -0.0247 0.0884 -0.9958
vn -0.9999 -0.0108 0.0077
vn -0.9998 0.0115 0.0154
vn -0.9996 -0.0015 0.0277
vn 0.0000 0.0027 -1.0000
vn -0.0037 0.0049 1.0000
vn -0.0013 -0.0042 1.0000
vn -0.0011 -0.0044 1.0000
vn 0.0108 0.0010 0.9999
vn 0.0060 -0.0058 1.0000
vn 0.0163 -0.0021 0.9999
vn 0.0002 -0.0006 -1.0000
vn 0.0001 -0.0004 -1.0000
vn 0.0000 -0.0006 -1.0000
vn 0.0000 -0.0009 -1.0000
vn 0.0006 -0.0032 -1.0000
vn -0.0005 -0.0016 -1.0000
vn -0.0005 -0.0018 -1.0000
vn -0.0014 -0.0028 -1.0000
vn -0.0002 -0.0042 -1.0000
vn -0.0001 -0.0040 -1.0000
vn 1.0000 0.0004 0.0000
vn -0.0137 0.0057 0.9999
vn -0.0002 0.0006 1.0000
vn 0.0600 0.0375 0.9975
vn 0.0512 -0.0398 0.9979
vn 0.1122 0.0046 0.9937
vn 0.7824 -0.6181 0.0759
vn 0.8378 -0.5460 0.0000
vn 0.7912 -0.6070 -0.0749
vn 0.5369 -0.8407 0.0703
vn 0.2646 -0.9644 0.0000
vn -0.0012 0.1249 -0.9922
vn 0.0521 0.2565 -0.9651
vn 0.0306 0.2358 -0.9713
vn 0.0386 0.2700 -0.9621
vn 0.0998 0.9911 -0.0876
vn 0.1003 0.9603 -0.2604
vn -0.7823 -0.6183 -0.0758
vn -0.8376 -0.5463 0.0000
vn -0.7910 -0.6072 0.0748
vn -0.5366 -0.8409 -0.0703
vn -0.2642 -0.9645 -0.0000
vn -0.0704 0.0784 0.9944
vn -0.0263 0.2582 0.9657
vn 0.0754 0.1749 0.9817
vn -0.0111 0.0246 0.9996
vn 0.8168 0.4071 -0.4088
vn 0.4237 0.2990 -0.8550
vn 0.1908 0.2989 -0.9350
vn 0.7472 -0.0648 -0.6614
vn 0.9918 0.0157 -0.1268
vn 0.9946 -0.0316 0.0989
vn -0.7490 0.4317 -0.5027
vn -0.9915 0.0617 -0.1141
vn -0.9944 -0.0320 0.1008
vn -0.8172 -0.0890 -0.5695
vn -0.2165 0.6029 -0.7679
vn -0.3627 -0.0601 -0.9299
vn 0.3582 0.5192 -0.7760
vn 0.2472 0.0386 -0.9682
vn 0.8019 0.4579 -0.3838
vn 0.7157 -0.1153 -0.6888
vn 0.9530 0.2568 0.1610
vn 0.9543 -0.2619 -0.1442
vn 0.7395 0.0848 0.6678
vn 0.8146 -0.4247 0.3950
vn 0.2249 0.0189 0.9742
vn 0.3601 -0.5672 0.7407
vn -0.3618 0.0004 0.9322
vn -0.2396 -0.5533 0.7978
vn -0.8058 0.1228 0.5793
vn -0.7268 -0.4688 0.5020
vn -0.9940 -0.0545 0.0948
vn -0.9920 0.0385 -0.1203
vn -0.0000 0.0000 -1.0000
vn 0.6005 0.7397 0.3036
vn 0.1077 0.9942 -0.0037
vn -0.1077 0.9942 -0.0000
vn 0.5179 0.7997 -0.3036
vn 0.9122 0.4097 0.0037
vn 0.9788 0.2048 0.0000
vn 0.6005 0.7397 0.3037
vn 0.7243 0.0960 0.6828
vn 0.9942 -0.0104 0.1068
vn 0.9922 0.0380 -0.1184
vn 0.8049 -0.4409 0.3971
vn 0.4098 -0.2979 0.8622
vn 0.2170 -0.2973 0.9298
vn -0.3607 0.0388 0.9319
vn 0.2159 -0.2776 0.9361
vn 0.4088 -0.2779 0.8693
vn -0.2230 -0.5859 0.7791
vn -0.8153 0.1104 0.5684
vn -0.7418 -0.4507 0.4965
vn -0.9524 0.3027 0.0353
vn -0.9510 -0.3085 -0.0181
vn -0.7180 0.4884 -0.4959
vn -0.8027 -0.1445 -0.5786
vn -0.2458 0.5348 -0.8085
vn -0.3591 0.0219 -0.9331
vn 0.1895 0.2757 -0.9424
vn 0.4227 0.2760 -0.8632
vn 0.9729 -0.2051 -0.1065
vn 0.9747 -0.1525 -0.1633
vn 0.9838 -0.1750 -0.0387
vn 0.9858 0.0021 -0.1678
vn 0.9873 0.0281 -0.1564
vn 0.9808 -0.1942 0.0163
vn 0.9751 -0.1767 0.1342
vn 0.9898 0.1424 -0.0019
vn 0.9412 0.0824 -0.3277
vn 0.9783 -0.0258 0.2055
vn 0.9466 0.3153 0.0678
vn 0.9978 -0.0069 -0.0653
vn 0.9966 0.0752 0.0344
vn 0.9858 0.1243 -0.1126
vn 0.9787 0.1638 0.1237
vn -0.9802 -0.1781 -0.0871
vn -0.9946 -0.0982 -0.0338
vn -0.9822 -0.0437 -0.1827
vn -0.9964 0.0827 0.0208
vn -0.9989 0.0258 0.0396
vn -0.9589 -0.1879 0.2127
vn -0.9998 -0.0142 -0.0138
vn 0.8891 -0.3426 0.3036
vn 0.9788 0.2048 -0.0037
vn 0.9123 0.4096 -0.0000
vn 0.9206 -0.2455 -0.3036
vn 0.6715 -0.7410 0.0037
vn 0.4972 -0.8676 0.0002
vn -0.8891 -0.3426 -0.3036
vn -0.9788 0.2048 0.0037
vn -0.9123 0.4096 0.0000
vn -0.9206 -0.2455 0.3036
vn -0.6715 -0.7410 -0.0037
vn -0.4972 -0.8676 -0.0000
vn -0.9206 -0.2454 0.3036
vn -0.4973 -0.8676 -0.0000
vn 0.9206 -0.2455 -0.3037
vn 0.4972 -0.8676 0.0000
vn 0.9790 -0.1500 -0.1381
vn 0.9925 -0.0335 -0.1173
vn 0.9797 -0.0996 -0.1739
vn -0.9639 -0.1941 0.1825
vn -0.9658 -0.2588 -0.0134
vn -0.0099 -0.7883 0.6152
vn -0.0001 -0.7884 0.6152
vn -0.0050 -0.7853 0.6191
vn -0.0050 -0.7913 0.6113
vn 0.1473 -0.1411 0.9790
vn 0.2466 0.3297 0.9113
vn -0.2360 0.1375 0.9620
vn 0.4466 -0.2866 0.8476
vn 0.1672 -0.8058 0.5681
vn 0.9876 -0.1297 0.0888
vn -0.3695 -0.1308 0.9200
vn 0.2083 0.0992 0.9730
vn -0.2762 0.2815 0.9189
vn -0.2156 0.0127 0.9764
vn -0.7426 -0.5778 0.3386
vn -0.8808 -0.4364 0.1839
vn -0.3338 -0.1722 0.9268
vn -0.9732 -0.1008 0.2066
vn 0.0000 -0.8914 0.4531
vn 0.0000 -0.9112 0.4119
vn 0.2491 -0.9643 -0.0893
vn -0.0013 -1.0000 0.0000
vn 0.5305 -0.8477 -0.0002
vn -0.2489 -0.9645 0.0887
vn 0.0017 -1.0000 0.0000
vn -0.5302 -0.8479 -0.0000
vn 0.0143 0.0176 -0.9997
vn 0.0283 0.1348 -0.9905
vn 0.0178 0.0141 -0.9997
vn 0.0167 0.0202 -0.9997
vn 0.0031 0.0197 0.9998
vn -0.0001 0.0305 0.9995
vn 0.0000 -0.0037 1.0000
vn -0.9997 -0.0000 0.0249
vn -0.9997 -0.0001 0.0248
vn 0.0000 0.0037 -1.0000
vn -0.0102 0.9941 -0.1079
vn -0.0864 0.9962 -0.0063
vn 0.0000 0.9998 -0.0194
vn -0.0981 0.9905 -0.0959
vn 0.0378 0.9992 -0.0128
vn 0.0036 0.9989 -0.0459
vn 0.0372 0.9982 -0.0471
vn 0.0046 0.9999 -0.0120
vn -0.0863 -0.9262 -0.3670
vn -0.1192 -0.9605 -0.2515
vn -0.1456 -0.9566 -0.2523
vn -0.0207 -0.9730 -0.2298
vn 0.0966 -0.9448 -0.3132
vn 0.0018 -0.9685 -0.2492
vn 0.0797 -0.9657 -0.2472
vn 0.0992 -0.9642 -0.2457
vn -0.0000 1.0000 -0.0008
vn -0.0000 1.0000 -0.0007
vn -0.0000 0.0046 1.0000
vn 0.0003 0.0022 1.0000
vn -0.0000 0.0022 1.0000
vn 0.0003 0.0012 -1.0000
vn 0.0000 0.0032 -1.0000
vn 0.0000 0.0043 1.0000
vn 0.0003 0.0019 1.0000
vn -0.0000 0.0014 1.0000
vn 0.0000 1.0000 -0.0004
vn 0.0000 0.0035 -1.0000
vn -0.0004 0.0007 -1.0000
vn -0.0000 0.0006 -1.0000
vn 0.0511 -0.9514 -0.3036
vn -0.4972 -0.8676 0.0037
vn -0.6715 -0.7410 0.0000
vn -0.0511 -0.9514 0.3036
vn 0.4972 -0.8676 -0.0037
vn 0.6715 -0.7410 -0.0000
vn -0.0510 -0.9514 0.3036
vn 0.0000 0.2467 -0.9691
vn 0.0015 0.1629 -0.9866
vn -0.0000 0.1629 -0.9866
vn 0.0711 -0.9710 -0.2284
vn -0.0186 -0.9669 -0.2545
vn 0.0990 -0.9553 -0.2787
vn 0.0132 -0.9722 -0.2337
vn -0.0888 -0.9792 -0.1823
vn -0.0915 -0.9473 -0.3071
vn -0.9879 0.0197 0.1541
vn -0.9868 -0.0268 0.1596
vn -0.9865 0.0327 0.1604
vn -0.9891 -0.0252 0.1452
vn 0.0786 -0.0393 -0.9961
vn 0.1258 0.1093 -0.9860
vn -0.0950 0.0776 -0.9925
vn -0.0524 -0.8895 0.4539
vn 0.1574 -0.7988 0.5806
vn -0.0525 -0.8895 0.4539
vn -0.0000 -0.9525 -0.3045
vn -0.0000 -0.9525 -0.3046
vn 0.9460 0.0770 0.3150
vn 0.9383 0.1007 0.3309
vn 0.9319 0.0237 0.3620
vn 0.9457 0.1265 0.2994
vn 0.9408 0.1366 0.3103
vn 0.9408 0.1368 0.3102
vn 0.9765 -0.0627 -0.2060
vn 0.9688 -0.0373 -0.2449
vn 0.9694 -0.0166 -0.2450
vn 0.9667 -0.0835 -0.2419
vn 0.9723 -0.0970 -0.2128
vn 0.9718 -0.0962 -0.2154
vn -0.9487 0.1115 0.2958
vn -0.9336 0.0507 0.3548
vn -0.9319 0.0237 0.3620
vn -0.9279 0.1039 0.3580
vn -0.9407 0.1368 0.3104
vn -0.9408 0.1368 0.3102
vn 0.9769 0.0483 0.2082
vn 0.9684 0.0426 0.2458
vn 0.9698 0.0167 0.2435
vn 0.9698 0.0885 0.2272
vn 0.9750 0.0900 0.2031
vn 0.9750 0.0903 0.2029
vn -0.0051 -1.0000 0.0065
vn -0.0038 -1.0000 0.0019
vn 0.0000 -0.9999 -0.0164
vn -0.0016 -1.0000 -0.0084
vn -0.0000 -1.0000 -0.0042
vn -0.9675 -0.0846 -0.2383
vn -0.9718 -0.0330 -0.2335
vn -0.9696 -0.0167 -0.2442
vn -0.9770 -0.0616 -0.2039
vn -0.9729 -0.0951 -0.2109
vn -0.9729 -0.0937 -0.2114
vn 0.9912 -0.0359 -0.1270
vn 0.9868 -0.0246 -0.1601
vn 0.9869 -0.0113 -0.1607
vn 0.9874 -0.0524 -0.1491
vn 0.9905 -0.0568 -0.1256
vn 0.9904 -0.0553 -0.1263
vn -0.9785 0.0729 0.1932
vn -0.9704 0.0339 0.2393
vn -0.9694 0.0167 0.2449
vn -0.9687 0.0691 0.2386
vn -0.9750 0.0902 0.2031
vn 1.0000 0.0000 0.0006
vn 1.0000 0.0004 0.0011
vn 1.0000 0.0002 0.0009
vn 1.0000 -0.0003 -0.0000
vn 1.0000 -0.0002 -0.0003
vn -0.9874 -0.0536 -0.1491
vn -0.9880 -0.0202 -0.1532
vn -0.9869 -0.0111 -0.1612
vn -0.9912 -0.0360 -0.1272
vn -0.9903 -0.0576 -0.1265
vn -0.9905 -0.0557 -0.1259
vn -0.0002 0.0022 1.0000
vn -0.0000 0.0007 1.0000
vn 0.0000 0.0008 1.0000
vn 0.7394 0.6719 0.0433
vn 0.5017 0.8651 -0.0006
vn 0.9259 0.3778 -0.0002
vn -0.0001 0.0000 -1.0000
vn 0.0000 -0.0008 -1.0000
vn 0.0000 -0.0007 -1.0000
vn 0.0005 0.0011 -1.0000
vn -0.5017 0.8651 -0.0007
vn -0.7394 0.6719 0.0432
vn -0.9259 0.3777 -0.0003
vn 0.0000 0.0004 1.0000
vn 0.7394 0.6718 0.0435
vn 0.5017 0.8651 -0.0004
vn 0.9259 0.3777 -0.0001
vn -0.0002 0.0019 1.0000
vn 0.0001 0.0007 -1.0000
vn -0.0000 -0.0004 -1.0000
vn -0.5017 0.8651 -0.0004
vn -0.7394 0.6718 0.0435
vn -0.9259 0.3777 -0.0001
vn -0.0002 0.0007 -1.0000
vn 0.0000 0.0005 -1.0000
vn 0.0000 0.9316 -0.3634
vn 0.9776 0.0755 0.1965
vn 0.9776 0.0771 0.1960
vn 0.9774 0.0768 0.1969
vn 0.9778 0.0758 0.1955
vn -0.0000 0.3634 0.9316
vn 0.9776 0.0754 0.1964
vn 0.9776 0.0770 0.1960
vn 0.9774 0.0767 0.1969
vn 0.9778 0.0757 0.1955
vn 0.0000 0.9318 -0.3630
vn 0.0000 0.3631 0.9318
vn 0.9971 0.0766 -0.0000
vn 0.9266 0.3682 -0.0759
vn 0.7421 0.6702 -0.0005
vn -0.9266 0.3682 -0.0760
vn -0.9971 0.0766 -0.0001
vn -0.7421 0.6703 -0.0005
vn 0.9266 0.3682 -0.0758
vn 0.7421 0.6702 -0.0003
vn 0.0001 0.0014 1.0000
vn -0.0001 0.0006 -1.0000
vn -0.9266 0.3682 -0.0758
vn -0.9971 0.0766 -0.0000
vn -0.7421 0.6702 -0.0003
vn -0.9776 0.0771 0.1959
vn -0.9776 0.0755 0.1964
vn -0.9774 0.0768 0.1969
vn -0.9778 0.0758 0.1955
vn 0.0000 -0.3616 -0.9323
vn -0.9776 0.0754 0.1965
vn -0.9774 0.0767 0.1969
vn -0.9778 0.0757 0.1955
vn 0.0000 -0.3613 -0.9325
vn -0.4142 0.3531 0.8389
vn -0.4305 0.3629 0.8264
vn -0.4286 0.3644 0.8267
vn -0.4949 0.3028 0.8145
vn -0.4345 0.1784 0.8828
vn -0.4281 0.0111 0.9037
vn -0.4212 -0.0230 0.9067
vn -0.4961 -0.0559 0.8665
vn -0.3666 -0.2874 0.8849
vn -0.3725 -0.2382 0.8970
vn -0.3168 -0.4585 0.8303
vn -0.2394 -0.3919 0.8883
vn -0.2672 -0.6587 0.7033
vn -0.2916 -0.7165 0.6338
vn -0.3586 -0.7137 0.6017
vn -0.2852 -0.8365 0.4679
vn -0.3515 -0.8228 0.4465
vn -0.2648 -0.9221 0.2821
vn -0.3310 -0.9049 0.2676
vn -0.2422 -0.9668 0.0812
vn -0.2969 -0.9522 0.0721
vn -0.2241 -0.9501 -0.2171
vn -0.2179 -0.9661 -0.1387
vn -0.2466 -0.9649 -0.0897
vn -0.2901 -0.2565 0.9220
vn -0.2682 -0.2274 0.9361
vn -0.2176 -0.2287 0.9488
vn -0.1036 -0.1636 0.9811
vn -0.1755 -0.1237 0.9767
vn 0.0991 -0.1589 0.9823
vn 0.1263 0.0492 0.9908
vn -0.1996 0.0859 0.9761
vn -0.0897 -0.1370 0.9865
vn -0.1846 0.1772 0.9667
vn -0.2098 0.2818 0.9363
vn -0.2056 0.3686 0.9066
vn 0.0543 0.2396 0.9694
vn -0.2085 0.3874 0.8980
vn -0.4242 0.1355 0.8954
vn -0.3386 -0.0192 0.9407
vn -0.4158 -0.0542 0.9078
vn -0.2752 0.0679 0.9590
vn -0.4383 0.3121 0.8429
vn -0.3019 0.2661 0.9155
vn -0.3794 0.3737 0.8464
vn -0.3793 0.3757 0.8455
vn 0.2284 -0.2446 0.9423
vn -0.4941 -0.2706 -0.8262
vn -0.4081 -0.3739 -0.8329
vn -0.4083 -0.3684 -0.8352
vn -0.3430 -0.2988 -0.8905
vn -0.5058 -0.0842 -0.8585
vn -0.3352 -0.1074 -0.9360
vn -0.4974 0.0976 -0.8620
vn -0.3481 0.0860 -0.9335
vn -0.4789 0.2566 -0.8395
vn -0.3542 0.2390 -0.9041
vn -0.4590 0.4198 -0.7830
vn -0.3694 0.3347 -0.8669
vn -0.4733 0.5968 -0.6479
vn -0.3174 0.4853 -0.8147
vn -0.4288 0.7481 -0.5065
vn -0.2912 0.6961 -0.6562
vn -0.4184 0.8406 -0.3440
vn -0.2728 0.8183 -0.5060
vn -0.4006 0.9026 -0.1575
vn -0.2579 0.9124 -0.3179
vn -0.4040 0.9140 0.0380
vn -0.2585 0.9594 -0.1131
vn -0.3138 0.9294 0.1940
vn -0.0802 0.9563 0.2813
vn -0.4119 0.2309 -0.8815
vn -0.2402 0.2225 -0.9449
vn -0.2438 0.2404 -0.9396
vn -0.2068 0.2656 -0.9416
vn -0.0508 0.3373 -0.9400
vn 0.2928 0.1032 -0.9506
vn 0.3224 -0.0822 -0.9430
vn -0.0575 0.1679 -0.9841
vn -0.2934 0.1101 -0.9496
vn -0.3222 -0.0838 -0.9430
vn -0.0593 -0.0261 -0.9979
vn -0.3258 -0.2734 -0.9051
vn 0.0475 -0.5772 -0.8152
vn -0.2209 -0.3796 -0.8984
vn -0.2785 -0.1124 -0.9538
vn -0.4368 0.0987 -0.8941
vn -0.2748 0.0843 -0.9578
vn -0.4482 -0.0804 -0.8903
vn -0.3117 -0.3064 -0.8994
vn -0.4717 -0.2607 -0.8423
vn -0.4060 -0.3760 -0.8330
vn -0.4130 -0.3698 -0.8323
vn 0.2402 0.2443 -0.9395
vn 0.0001 0.3634 0.9317
vn 0.9820 0.0686 0.1760
vn 0.0000 0.3634 0.9317
vn -0.0000 -0.3634 -0.9316
vn -0.9820 0.0686 0.1760
vn 0.0000 -0.3634 -0.9317
vn 0.5353 -0.7945 -0.2867
vn 0.5334 -0.8459 0.0006
vn 0.9240 -0.3825 0.0003
vn -0.5334 -0.8459 0.0006
vn -0.7437 -0.6628 0.0871
vn -0.9240 -0.3825 0.0003
vn 0.5353 -0.7944 -0.2870
vn 0.5334 -0.8459 0.0004
vn 0.5334 -0.8459 0.0003
vn 0.9240 -0.3824 0.0002
vn -0.5334 -0.8459 0.0004
vn -0.7437 -0.6628 0.0869
vn -0.5334 -0.8459 0.0003
vn -0.9240 -0.3824 0.0002
vn 0.9951 -0.0993 0.0001
vn 0.9515 -0.1066 0.2887
vn 0.7549 -0.6558 0.0005
vn -0.9242 -0.3803 -0.0354
vn -0.9951 -0.0993 0.0001
vn -0.7549 -0.6558 0.0005
vn 0.9951 -0.0993 0.0000
vn 0.9515 -0.1068 0.2886
vn 0.7549 -0.6558 0.0003
vn -0.9242 -0.3802 -0.0355
vn -0.9951 -0.0993 0.0000
vn -0.7549 -0.6558 0.0003
vn 0.0000 -0.9316 0.3634
vn 0.0000 -0.9318 0.3630
vn 0.1190 -0.7605 0.6383
vn 0.1368 -0.7515 0.6454
vn 0.1283 -0.7620 0.6347
vn 0.1275 -0.7501 0.6489
vn -0.1372 -0.7511 0.6458
vn -0.1188 -0.7605 0.6384
vn -0.1284 -0.7620 0.6347
vn -0.1276 -0.7497 0.6493
vn 0.0193 -0.7310 0.6821
vn 0.0649 -0.7084 0.7028
vn 0.0444 -0.7371 0.6743
vn 0.0400 -0.7035 0.7096
vn -0.0630 -0.7080 0.7034
vn -0.0176 -0.7310 0.6821
vn -0.0425 -0.7369 0.6747
vn -0.0383 -0.7034 0.7098
vn -0.0824 -0.7522 0.6537
vn 0.0311 -0.7225 0.6907
vn -0.0569 -0.7023 0.7096
vn 0.0001 -0.7718 0.6359
vn -0.0311 -0.7225 0.6907
vn 0.0824 -0.7522 0.6537
vn 0.0569 -0.7023 0.7096
vn -0.0001 -0.7718 0.6359
vn 0.2082 0.3845 0.8993
vn 0.1386 0.3320 0.9330
vn -0.1944 0.8813 -0.4308
vn 0.6453 0.7626 -0.0452
vn 0.4875 0.8731 0.0000
vn 0.3705 0.8777 0.3038
vn -0.2697 0.9244 0.2697
vn 0.2313 -0.3911 -0.8908
vn 0.3257 -0.2771 -0.9040
vn 0.3442 0.6577 -0.6701
vn -0.1513 0.9772 -0.1487
vn 0.1903 0.9553 -0.2262
vn -0.1894 0.9086 -0.3722
vn 0.3442 0.2346 -0.9091
vn -0.1894 0.6008 -0.7767
vn 0.3443 -0.2514 -0.9046
vn -0.1894 0.1320 -0.9730
vn 0.1494 -0.6966 -0.7017
vn -0.0069 -0.7991 -0.6012
vn -0.3810 0.8761 -0.2956
vn -0.5793 0.6118 -0.5386
vn -0.5793 0.2605 -0.7724
vn -0.5793 -0.1605 -0.7991
vn -0.5793 -0.5386 -0.6118
vn -0.0441 -0.9643 -0.2610
vn -0.5793 -0.7724 -0.2605
vn -0.1294 -0.9916 0.0007
vn -0.3043 -0.8714 -0.3849
vn 0.3443 0.6577 -0.6700
vn -0.1979 -0.9700 0.1415
vn -0.2064 -0.8396 -0.5024
vn -0.5793 0.7724 0.2605
vn -0.2069 0.9283 -0.3088
vn -0.3715 0.8799 -0.2962
vn -0.1894 0.9786 -0.0809
vn -0.5793 0.5386 0.6118
vn -0.1894 0.8879 0.4192
vn -0.5793 0.1606 0.7991
vn -0.1894 0.5593 0.8070
vn -0.0117 -0.1579 0.9874
vn -0.3966 -0.4828 0.7808
vn -0.0160 0.9258 -0.3777
vn 0.1894 0.9786 -0.0809
vn 0.1894 0.8879 0.4192
vn 0.1894 0.5593 0.8070
vn 0.4796 -0.5272 0.7014
vn -0.5467 -0.8199 0.1699
vn 0.3684 -0.9041 0.2165
vn -0.3442 -0.8902 -0.2984
vn 0.3442 -0.9091 -0.2346
vn -0.1494 -0.6643 -0.7324
vn 0.1903 -0.6736 -0.7142
vn -0.0118 -0.1580 0.9874
vn -0.3509 -0.3694 0.8605
vn 0.4996 -0.5191 0.6934
vn -0.2008 -0.7549 0.6244
vn -0.4486 -0.8935 0.0208
vn -0.9999 -0.0092 0.0039
vn 0.5793 0.5699 -0.5828
vn 0.5793 0.7849 -0.2198
vn 0.0441 0.7408 -0.6703
vn 0.5793 0.2022 -0.7897
vn 0.0441 0.3064 -0.9509
vn 0.5793 -0.2197 -0.7849
vn 0.0441 -0.2101 -0.9767
vn 0.5793 -0.5828 -0.5699
vn 0.0441 -0.6703 -0.7408
vn 0.5793 -0.7897 -0.2022
vn 0.0441 -0.9509 -0.3063
vn 0.0097 -0.9944 0.1052
vn 0.1310 -0.9913 -0.0129
vn 0.5793 0.7849 -0.2197
vn 0.1309 -0.9913 -0.0128
vn -0.7353 -0.2923 0.6115
vn -0.7070 0.0150 0.7070
vn -0.5514 -0.6260 0.5514
vn 0.6018 -0.2881 0.7448
vn 0.7070 0.0150 0.7070
vn 0.5514 -0.6260 0.5514
vn 0.2393 0.8933 -0.3806
vn 0.2697 0.9244 0.2697
vn -0.3012 0.8866 0.3510
vn -0.6207 0.7647 -0.1731
vn -0.8745 0.4850 -0.0000
vn -0.0000 -1.0000 0.0007
vn -0.0000 -1.0000 0.0008
vn 0.0000 -1.0000 0.0004
vn 0.0000 0.9317 -0.3634
vn -1.0000 -0.0045 0.0089
vn 0.5793 0.2197 0.7849
vn 0.3047 0.3369 0.8909
vn 0.5793 0.5828 0.5699
vn 0.5793 0.7896 0.2022
vn -0.9999 -0.0045 0.0090
vn 0.3047 0.3368 0.8909
vn 0.9999 -0.0077 0.0072
vn 0.9999 -0.0066 0.0115
vn 0.9999 -0.0078 0.0072
vn 0.3844 0.9017 0.1977
vn -0.3776 0.3892 0.8402
vn 0.3777 0.5032 0.7773
vn -0.3846 0.8642 0.3245
vn 0.3825 0.7794 -0.4962
vn -0.3839 0.8412 -0.3809
vn 0.1655 0.4529 -0.8760
vn -0.1699 0.4810 -0.8601
vn -0.0142 0.4299 -0.9027
vn 0.0568 0.8566 -0.5128
vn 0.4060 0.5547 -0.7263
vn -0.4185 0.6312 -0.6531
vn 0.2027 0.0846 -0.9756
vn -0.1999 0.1311 -0.9710
vn 0.4098 -0.5036 -0.7606
vn -0.4094 -0.3990 -0.8205
vn 0.3837 -0.9072 -0.1728
vn -0.3836 -0.8789 -0.2834
vn 0.3864 -0.7653 0.5147
vn -0.3863 -0.8236 0.4153
vn 0.1905 -0.4282 0.8834
vn -0.1620 -0.4597 0.8731
vn 0.1949 -0.0892 0.9768
vn -0.2018 -0.1288 0.9709
vn 0.3845 0.9017 0.1978
vn -0.3777 0.3891 0.8402
vn 0.3776 0.5032 0.7773
vn -0.3845 0.8642 0.3246
vn 0.3842 0.7778 -0.4975
vn -0.3842 0.8407 -0.3816
vn 0.0012 0.5342 -0.8453
vn -0.0000 0.4301 -0.9028
vn -0.0151 0.4299 -0.9027
vn -0.0349 0.4250 -0.9045
vn -0.0000 0.5342 -0.8453
vn 0.4060 0.5546 -0.7264
vn -0.4185 0.6312 -0.6530
vn 0.4098 -0.5037 -0.7605
vn -0.3863 -0.8236 0.4152
vn 0.1588 -0.4350 0.8863
vn -0.1519 -0.4603 0.8747
vn 0.2079 -0.0886 0.9741
vn -0.2420 -0.1348 0.9609
vn 0.0000 0.0305 0.9995
vn -0.0179 0.0141 -0.9997
vn 0.1375 0.4188 0.8976
vn -0.1147 0.0735 -0.9907
vn 0.0993 -0.9642 -0.2458
vn 0.9996 -0.0007 -0.0274
vn -0.9930 -0.0291 0.1144
vn -0.9999 -0.0066 0.0108
vn 0.9999 -0.0070 0.0114
vn 0.0000 -0.0031 -1.0000
vn 0.0000 -0.9113 0.4118
vn 0.0000 -0.9292 0.3697
vn -0.1126 0.4262 0.8976
vn 0.0001 0.9525 0.3045
vn 0.9862 -0.0240 0.1636
vn 0.9814 -0.0541 0.1842
vn 0.9930 -0.0291 0.1141
vn 0.9881 0.0167 0.1529
vn 0.9920 -0.0250 0.1239
vn 0.0145 -0.2334 0.9723
vn 0.0000 -0.2467 0.9691
vn 0.0695 -0.1865 0.9800
vn 0.0106 -0.0664 0.9977
vn 0.0561 -0.0275 0.9980
vn -0.2380 0.4535 0.8589
vn -0.0390 0.6032 0.7966
vn -0.0007 0.6675 0.7446
vn 0.0000 0.6675 0.7446
vn 0.0727 -0.0143 -0.9973
vn -0.0024 0.1628 -0.9867
vn -0.0721 0.0094 -0.9974
vn 0.0928 -0.1953 -0.9763
vn -0.0921 -0.1670 -0.9816
vn 0.0015 -0.2813 -0.9596
vn 0.0000 -0.2815 -0.9595
vn -0.9905 -0.0112 0.1373
vn -0.9887 0.0064 0.1495
vn -0.9908 0.0464 0.1270
vn -0.9832 0.0838 0.1619
vn -0.2846 -0.1145 0.9518
vn -0.4150 -0.1825 0.8913
vn -0.4175 -0.1676 0.8931
vn 0.0915 -0.2793 0.9558
vn 0.0756 -0.3313 0.9405
vn 0.2483 0.0013 0.9687
vn 0.1816 0.1022 0.9780
vn 0.1390 -0.4297 0.8922
vn 0.3257 -0.0017 0.9455
vn -0.1528 -0.4483 0.8807
vn 0.4221 -0.1709 0.8903
vn 0.4378 -0.1693 0.8830
vn 0.9890 0.0022 0.1481
vn 0.9916 -0.0038 0.1295
vn 0.9653 0.1298 0.2264
vn 0.9961 0.0620 0.0629
vn 0.9850 0.0098 0.1723
vn 0.9973 0.0207 0.0711
vn -0.3287 0.3128 -0.8911
vn -0.1827 -0.1387 -0.9733
vn -0.4364 0.1852 -0.8805
vn 0.0756 0.3053 -0.9493
vn 0.4140 0.2928 -0.8619
vn -0.0083 0.3370 -0.9415
vn 0.3507 -0.0380 -0.9357
vn 0.1963 -0.1496 -0.9691
vn 0.4377 0.1693 -0.8830
vn 0.9791 0.0664 0.1921
vn 0.9794 0.0771 0.1867
vn 0.9781 0.0757 0.1940
vn 0.9805 0.0676 0.1848
vn 0.9794 0.0771 0.1866
vn 0.9781 0.0757 0.1941
vn 0.0000 0.3633 0.9317
vn 1.0000 -0.0054 0.0000
vn -1.0000 -0.0054 0.0000
vn -0.9794 0.0771 0.1867
vn -0.9791 0.0664 0.1921
vn -0.9781 0.0757 0.1941
vn -0.9804 0.0676 0.1848
vn -0.0000 -0.3437 -0.9391
vn -0.9805 0.0676 0.1848
vn 0.9995 -0.0206 0.0223
vn 0.9999 -0.0085 0.0077
vn 0.9999 -0.0136 0.0010
vn 0.9997 -0.0186 0.0177
vn -0.3202 0.3006 0.8984
vn 0.0108 0.5873 0.8093
vn -0.1311 -0.0396 0.9906
vn -0.0000 0.6709 0.7416
vn -0.3202 0.3005 0.8984
vn 0.0109 0.5872 0.8093
vn -0.1266 0.0061 0.9919
vn 0.0000 0.6708 0.7416
vn 0.9995 -0.0221 0.0210
vn 0.9999 -0.0086 0.0077
vn 0.9999 -0.0136 0.0011
vn 0.1176 0.7159 0.6882
vn 0.0855 0.5738 0.8145
vn 0.0000 0.6419 0.7668
vn 0.1176 0.7159 0.6883
vn 0.0856 0.5737 0.8146
vn 0.0000 0.6418 0.7669
vn 1.0000 -0.0041 0.0039
vn 1.0000 -0.0027 0.0024
vn 1.0000 -0.0026 0.0042
vn 1.0000 -0.0041 0.0020
vn 1.0000 -0.0034 0.0033
vn 1.0000 -0.0035 0.0033
vn -0.9999 -0.0129 0.0011
vn -0.9996 -0.0195 0.0211
vn -1.0000 -0.0064 0.0058
vn -0.9997 -0.0177 0.0168
vn -0.9997 -0.0146 0.0201
vn -1.0000 -0.0063 0.0057
vn -0.9997 -0.0176 0.0167
vn 0.3199 -0.8808 -0.3491
vn -0.0109 -0.7749 -0.6320
vn 0.1309 -0.9913 -0.0129
vn 0.0000 -0.7029 -0.7113
vn 0.3198 -0.8808 -0.3491
vn -0.0109 -0.7748 -0.6321
vn -1.0000 -0.0024 0.0023
vn 0.3594 -0.2850 -0.8886
vn -0.0851 -0.7807 -0.6191
vn 0.0000 -0.7296 -0.6839
vn 0.0108 -0.7748 -0.6321
vn -0.2704 -0.8451 -0.4611
vn -0.1822 -0.9755 0.1229
vn -1.0000 -0.0024 0.0022
vn -0.8862 0.4256 -0.1828
vn -0.5146 0.7972 0.3157
vn -0.7821 0.6211 -0.0506
vn -0.5147 0.7808 0.3541
vn -0.9887 -0.0483 -0.1421
vn -0.8462 0.3197 0.4262
vn -0.8527 -0.4935 -0.1717
vn -0.8667 -0.1053 0.4876
vn -0.5141 -0.8379 -0.1834
vn -0.6651 -0.6372 0.3895
vn 0.0032 -0.9918 -0.1281
vn -0.4926 -0.8537 0.1690
vn -0.1021 -0.9024 0.4187
vn -0.3899 -0.8859 0.2514
vn 0.2189 -0.7640 0.6070
vn -0.0040 -0.8564 0.5163
vn 0.3999 0.1361 0.9064
vn 0.0461 0.0404 0.9981
vn 0.9833 0.1663 -0.0736
vn 0.9904 0.0061 0.1382
vn 0.9980 0.0199 0.0603
vn 0.9866 -0.1462 0.0731
vn 0.9900 0.1167 -0.0795
vn 0.9882 -0.0808 -0.1303
vn 0.9997 -0.0117 0.0228
vn 0.9920 0.0605 -0.1107
vn 0.9972 0.0642 -0.0383
vn 0.9939 0.0974 -0.0509
vn -0.3694 -0.9291 0.0150
vn -0.4517 -0.6389 0.6227
vn -0.6735 -0.3046 0.6735
vn -0.0236 -0.9221 0.3861
vn 0.0246 -0.9997 -0.0054
vn 0.0167 -0.9999 0.0000
vn 0.1324 -0.9527 0.2736
vn 0.6160 -0.6360 0.4648
vn 0.6735 -0.3046 0.6735
vn 0.1902 -0.9632 0.1902
vn -0.4684 0.4530 0.7585
vn -0.4448 0.0593 0.8937
vn -0.5230 -0.1617 0.8369
vn -0.9986 0.0467 0.0234
vn -0.9961 0.0063 0.0878
vn -0.9881 0.0228 0.1523
vn -0.9962 0.0528 0.0686
vn -0.9988 0.0484 0.0068
vn -0.9969 0.0772 0.0177
vn 0.8976 0.4341 -0.0768
vn 0.8973 0.4291 -0.1035
vn 0.5262 0.7885 0.3184
vn 0.9609 0.2282 0.1569
vn -0.9877 0.1482 0.0502
vn -0.9851 0.0101 0.1719
vn -0.9973 0.0209 0.0711
vn 0.0000 -0.8643 0.5029
vn 0.0000 -0.8644 0.5029
vn 0.2251 0.9221 -0.3147
vn 0.8226 0.5617 0.0887
vn 0.1586 0.9873 0.0002
vn 0.6319 0.7750 0.0016
vn -0.4012 0.8568 -0.3239
vn 0.0214 0.9998 0.0014
vn -0.8600 0.2943 -0.4169
vn -0.6040 0.7970 0.0003
vn -0.7791 -0.4657 -0.4196
vn -0.5955 -0.8033 -0.0003
vn -0.2570 -0.9096 -0.3264
vn -0.4022 -0.8392 0.3661
vn 0.3491 -0.8902 -0.2927
vn 0.2051 -0.9226 0.3267
vn 0.2849 -0.9398 -0.1888
vn 0.3010 -0.9536 -0.0002
vn 0.0005 0.0010 -1.0000
vn -0.0004 0.0008 -1.0000
vn -0.0003 0.0017 -1.0000
vn 0.0002 0.0009 -1.0000
vn 0.0005 0.0004 -1.0000
vn -0.0010 0.0014 -1.0000
vn 0.0003 0.0016 -1.0000
vn -0.0003 0.0006 -1.0000
vn -0.0004 0.0017 -1.0000
vn -0.0001 0.0005 -1.0000
vn 0.0007 0.0008 -1.0000
vn 0.0000 0.0003 -1.0000
vn 0.0004 0.0015 -1.0000
vn 0.0003 0.0014 -1.0000
vn -0.0005 0.0009 -1.0000
vn 0.0004 0.0012 -1.0000
vn -0.0002 0.0005 -1.0000
vn 0.0003 0.0010 -1.0000
vn 0.2553 0.9159 -0.3097
vn 0.8433 0.5296 0.0916
vn 0.1647 0.9863 0.0002
vn 0.6474 0.7622 -0.0009
vn -0.3835 0.8594 -0.3382
vn 0.0493 0.9988 -0.0009
vn -0.8575 0.2961 -0.4207
vn -0.5976 0.8018 0.0003
vn -0.7755 -0.4686 -0.4230
vn -0.5890 -0.8081 -0.0003
vn -0.2690 -0.9113 -0.3118
vn -0.4031 -0.8439 0.3539
vn 0.3687 -0.8682 -0.3321
vn 0.2190 -0.9030 0.3695
vn 0.5161 -0.7622 0.3907
vn 0.3302 -0.9439 -0.0002
vn 0.0000 0.0014 -1.0000
vn -0.0001 1.0000 0.0006
vn 0.0000 1.0000 0.0005
vn 0.0001 1.0000 0.0006
vn 0.1284 0.9863 0.1037
vn -0.1190 0.9575 -0.2627
vn -0.3174 0.9425 0.1045
vn -0.5411 0.8314 -0.1266
vn 0.2227 0.9654 0.1358
vn -0.1439 0.9732 -0.1792
vn 0.0000 1.0000 0.0004
vn -0.0002 1.0000 0.0006
vn 0.0003 1.0000 0.0005
vn 0.1235 0.9873 0.1000
vn 0.0153 0.9855 -0.1690
vn -0.3061 0.9467 0.1005
vn -0.5527 0.8235 -0.1275
vn 0.2226 0.9664 0.1286
vn -0.1014 0.9847 0.1414
vn -0.0003 0.0014 -1.0000
vn 0.0002 0.0017 -1.0000
vn 0.0009 0.0014 -1.0000
vn -0.0004 0.0009 -1.0000
vn -0.0003 0.0011 -1.0000
vn 0.0002 0.0007 -1.0000
vn 0.0003 0.0017 -1.0000
vn 0.0010 0.0016 -1.0000
vn -0.0003 -0.0029 1.0000
vn 0.0000 -0.0029 1.0000
vn 0.0000 -0.0044 1.0000
vn -0.0004 -0.0028 1.0000
vn -0.0008 -0.0023 1.0000
vn 0.0000 -0.0028 1.0000
vn -0.0010 -0.0021 1.0000
vn -0.0004 -0.0027 1.0000
vn -0.0003 -0.0030 1.0000
vn -0.0004 -0.0029 1.0000
vn 0.0000 -0.0046 1.0000
vn -0.0007 -0.0000 1.0000
vn -0.0011 0.0001 1.0000
vn -0.0026 -0.0012 1.0000
vn 0.0008 -0.0024 1.0000
vn 0.0010 -0.0016 1.0000
vn 0.0018 -0.0026 1.0000
vn -0.0006 -0.0018 1.0000
vn -0.0005 -0.0025 1.0000
vn -0.0012 -0.0013 1.0000
vn -0.0015 -0.0013 1.0000
vn -0.0027 -0.0012 1.0000
vn -0.0005 -0.0018 1.0000
vn 0.9893 0.0055 0.1455
vn 0.9978 0.0307 0.0588
vn 0.9900 0.0198 0.1398
vn 0.9956 0.0933 0.0019
vn 0.9983 0.0135 0.0567
vn 0.9967 0.0782 0.0194
vn 0.0021 1.0000 0.0000
vn 0.0266 0.9516 -0.3061
vn 0.0015 1.0000 -0.0002
vn 0.0011 0.9137 -0.4063
vn -0.3471 0.8876 0.3028
vn 0.0020 1.0000 -0.0000
vn 0.0015 1.0000 -0.0004
vn 0.2495 0.9616 0.1148
vn -0.5245 0.5008 0.6886
vn 0.0072 0.8809 0.4732
vn -0.3268 -0.0462 0.9440
vn 0.0000 -0.0906 0.9959
vn -0.9861 -0.1488 -0.0745
vn -0.9876 0.0383 0.1521
vn -0.9958 0.0267 0.0872
vn -0.9827 0.1694 0.0750
vn -0.9891 -0.0696 -0.1295
vn -0.9869 0.1176 -0.1106
vn -0.9991 0.0116 -0.0419
vn -0.9973 0.0732 -0.0061
vn -0.9997 0.0044 -0.0228
vn -0.9981 0.0605 0.0096
vn -0.8907 0.2286 -0.3929
vn -0.5088 0.8609 -0.0066
vn -0.3627 0.9211 0.1415
vn -0.8083 0.4293 0.4028
vn -0.9069 -0.3685 0.2045
vn -0.8623 -0.5051 0.0355
vn -0.8925 0.2450 -0.3787
vn -0.5091 0.8607 -0.0036
vn -0.3681 0.9212 0.1261
vn -0.8057 0.4288 0.4086
vn -0.9070 -0.3840 0.1728
vn -0.8621 -0.5050 0.0422
vn 0.2312 0.8911 -0.3904
vn 0.8608 0.5089 -0.0069
vn 0.9080 0.3892 0.1552
vn 0.4300 0.8079 0.4030
vn -0.3488 0.9197 0.1801
vn -0.5050 0.8622 0.0393
vn -0.8925 0.2445 -0.3790
vn -0.5091 0.8607 -0.0038
vn -0.3667 0.9216 0.1270
vn -0.8058 0.4289 0.4084
vn -0.9117 -0.3719 0.1744
vn -0.8621 -0.5050 0.0420
vn 0.2312 0.8911 -0.3906
vn 0.8608 0.5088 -0.0072
vn 0.9076 0.3904 0.1545
vn 0.4300 0.8079 0.4029
vn -0.3474 0.9202 0.1806
vn -0.5050 0.8622 0.0391
vn -0.8906 0.2290 -0.3928
vn -0.5089 0.8608 -0.0068
vn -0.3638 0.9206 0.1415
vn -0.8084 0.4294 0.4027
vn -0.9075 -0.3674 0.2037
vn -0.8623 -0.5051 0.0353
vn 0.2352 0.8918 -0.3864
vn 0.8610 0.5087 -0.0008
vn 0.9136 0.3883 0.1208
vn 0.4280 0.8078 0.4053
vn -0.3432 0.9193 0.1929
vn -0.5051 0.8623 0.0363
vn 0.4482 0.7881 0.4220
vn -0.3428 0.9198 0.1911
vn -0.5051 0.8623 0.0365
vn 0.2289 0.8875 -0.4000
vn 0.8881 0.2453 0.3887
vn 0.7928 0.4680 -0.3905
vn 0.8273 -0.4120 0.3820
vn 0.9518 -0.1877 -0.2426
vn 0.3430 -0.9380 -0.0502
vn 0.8080 -0.5499 -0.2116
vn 0.0000 -0.0011 1.0000
vn 0.0000 -0.0010 1.0000
vn -0.0001 -0.0010 1.0000
vn 0.0001 -0.0009 1.0000
vn -0.0001 -0.0011 1.0000
vn 0.9574 -0.2442 0.1542
vn 0.9899 -0.0117 -0.1412
vn 0.8557 -0.4879 -0.1727
vn 0.7103 -0.6967 0.1000
vn 0.5278 -0.8183 -0.2277
vn 0.4562 0.4127 0.7884
vn 0.0000 -0.7242 0.6896
vn -0.0000 -0.7243 0.6895
vn 0.8083 -0.4299 0.4023
vn 0.9066 0.3674 0.2077
vn 0.8623 0.5050 0.0362
vn 0.8904 -0.2232 -0.3966
vn 0.5088 -0.8608 -0.0076
vn 0.3620 -0.9182 0.1608
vn 0.8084 -0.4300 0.4020
vn 0.9062 0.3685 0.2073
vn 0.8623 0.5050 0.0360
vn 0.8904 -0.2230 -0.3969
vn 0.5088 -0.8608 -0.0079
vn 0.3610 -0.9187 0.1604
vn 0.8058 -0.4295 0.4077
vn 0.9117 0.3703 0.1780
vn 0.8621 0.5049 0.0427
vn 0.8929 -0.2397 -0.3810
vn 0.5091 -0.8607 -0.0048
vn 0.3589 -0.9219 0.1457
vn -0.2319 -0.8915 -0.3892
vn -0.8610 -0.5086 -0.0014
vn -0.9136 -0.3894 0.1166
vn -0.4279 -0.8083 0.4044
vn 0.3386 -0.9174 0.2089
vn 0.5051 -0.8623 0.0354
vn -0.2276 -0.8907 -0.3935
vn -0.8608 -0.5089 -0.0079
vn -0.9088 -0.3889 0.1509
vn -0.4300 -0.8085 0.4019
vn 0.3378 -0.9207 0.1956
vn 0.5050 -0.8623 0.0381
vn -0.2279 -0.8906 -0.3935
vn -0.8608 -0.5088 -0.0076
vn -0.9082 -0.3900 0.1516
vn -0.4299 -0.8084 0.4020
vn 0.3087 -0.9511 0.0133
vn 0.4633 -0.8848 -0.0496
vn 0.0001 -0.9997 0.0258
vn -0.2333 -0.8915 -0.3884
vn -0.8610 -0.5087 -0.0012
vn -0.9090 -0.4013 0.1124
vn -0.4278 -0.8083 0.4045
vn 0.3396 -0.9169 0.2095
vn 0.5051 -0.8623 0.0355
vn 0.0000 0.9924 -0.1234
vn -0.5286 -0.0083 0.8488
vn -0.5362 -0.0160 0.8439
vn -0.5286 -0.0082 0.8488
vn -0.5208 -0.0005 0.8537
vn -0.6478 -0.0225 -0.7615
vn -0.6491 -0.0207 -0.7604
vn -0.6479 -0.0225 -0.7614
vn -0.6466 -0.0243 -0.7625
vn 0.2540 0.9619 0.1015
vn 0.3092 0.9492 0.0581
vn 0.1975 0.9696 0.1443
vn -0.2494 0.9682 0.0170
vn -0.2564 0.9488 0.1846
vn -0.3096 0.9491 0.0575
vn -0.1975 0.9696 0.1443
vn 0.9967 -0.0077 -0.0809
vn 0.9967 -0.0077 -0.0810
vn 0.9964 -0.0030 -0.0851
vn 0.9970 -0.0125 -0.0768
vn 0.2551 -0.8872 0.3845
vn 0.9163 -0.3273 0.2310
vn 0.7889 -0.5832 0.1937
vn 0.3781 -0.9122 -0.1580
vn 0.3799 -0.8487 -0.3681
vn -0.0000 -1.0000 -0.0004
vn 0.0000 -1.0000 -0.0007
vn -0.1509 -0.9871 0.0533
vn 0.2658 -0.9640 -0.0007
vn 0.0002 -1.0000 -0.0007
vn 0.0000 -1.0000 -0.0005
vn -0.0002 -1.0000 -0.0005
vn -0.1324 -0.9901 0.0471
vn 0.2407 -0.9706 -0.0004
vn -0.1202 -0.9921 0.0354
vn 0.1893 -0.9744 0.1214
vn -0.3333 -0.9404 0.0680
vn -0.5264 -0.8126 0.2502
vn -0.3087 -0.9439 -0.1175
vn -0.5578 -0.8184 0.1382
vn 0.2375 -0.9640 -0.1195
vn -0.3120 -0.9075 -0.2811
vn -0.6821 -0.7173 0.1424
vn -0.8974 -0.4116 0.1590
vn -0.3030 -0.8876 0.3468
vn -0.2409 -0.9202 -0.3086
vn 0.2398 -0.9025 0.3577
vn 0.3340 -0.9306 -0.1494
vn 0.1484 -0.9889 -0.0004
vn 0.3475 -0.8777 -0.3300
vn -0.3753 -0.8342 0.4041
vn -0.2489 -0.8938 -0.3730
vn -0.5561 -0.8182 0.1461
vn -0.9131 0.2271 -0.3385
vn -0.4440 0.8532 -0.2739
vn 0.6713 0.7406 0.0295
vn 0.5774 0.7204 -0.3842
vn -0.1357 -0.9889 -0.0604
vn -0.4280 -0.8950 0.1257
vn -0.2818 -0.9536 -0.1063
vn -0.4960 -0.8596 0.1231
vn 0.2149 -0.9706 -0.1087
vn -0.2753 -0.9281 -0.2508
vn -0.0132 0.9942 0.1065
vn 0.0000 0.8246 0.5657
vn -0.0000 0.9943 0.1063
vn 0.1423 0.8450 -0.5155
vn -0.1188 0.9886 0.0924
vn -0.1424 0.8536 -0.5011
vn 0.0000 0.7716 -0.6361
vn -0.9951 0.0569 -0.0813
vn -0.9943 -0.0578 -0.0901
vn -0.9998 0.0002 -0.0200
vn -0.9978 -0.0582 0.0328
vn -0.9987 -0.0357 -0.0361
vn -0.9793 -0.1869 0.0771
vn -0.9845 -0.1751 -0.0057
vn -0.9660 -0.2453 0.0814
vn -0.9998 0.0039 -0.0196
vn -0.9975 -0.0441 -0.0553
vn -0.9976 -0.0338 -0.0597
vn 0.0000 -0.0347 -0.9994
vn -0.9963 -0.0116 -0.0857
vn -0.9971 -0.0041 -0.0761
vn -0.9964 -0.0030 -0.0851
vn -0.9970 -0.0122 -0.0770
vn 0.2475 0.9453 0.2122
vn 0.0071 0.7615 0.6481
vn -0.0000 0.6346 0.7729
vn -0.2475 0.9195 0.3053
vn 0.2476 0.9248 -0.2889
vn -0.2476 0.9490 -0.1954
vn 0.2475 0.6564 -0.7126
vn -0.2475 0.7242 -0.6437
vn 0.0000 0.5077 -0.8615
vn -0.2475 0.1953 0.9490
vn -0.0071 0.6344 0.7729
vn 0.0000 0.7614 0.6482
vn 0.2475 0.2889 0.9248
vn 0.0071 -0.1805 0.9836
vn -0.0000 -0.3521 0.9360
vn -0.3087 0.6033 -0.7354
vn 0.0000 0.2996 -0.9541
vn 0.2607 0.3965 -0.8802
vn -0.0169 0.9513 -0.3078
vn 0.0131 0.9136 -0.4065
vn 0.3579 0.5434 -0.7593
vn 0.5864 -0.0000 -0.8100
vn 0.5864 -0.0001 -0.8100
vn 0.5864 -0.0000 0.8100
vn 0.5713 0.0037 0.8208
vn 0.5412 -0.0434 0.8398
vn -0.3705 -0.8377 0.4013
vn -0.2547 -0.8967 -0.3621
vn -0.5491 -0.8226 0.1478
vn -0.9114 0.2302 -0.3412
vn -0.4424 0.8553 -0.2697
vn 0.6615 0.7492 0.0323
vn 0.5753 0.7215 -0.3852
vn -0.2051 -0.9395 -0.2744
vn -0.5623 -0.8269 -0.0002
vn 0.3996 -0.8569 -0.3257
vn -0.0241 -0.9997 -0.0004
vn 0.8597 -0.2942 -0.4176
vn 0.6041 -0.7969 -0.0003
vn 0.7801 0.4652 -0.4184
vn 0.9987 -0.0514 -0.0006
vn 0.2504 0.9095 -0.3318
vn 0.6694 0.7429 -0.0005
vn -0.3817 0.8679 -0.3177
vn 0.0483 0.9988 -0.0004
vn -0.6173 -0.7849 0.0531
vn -0.0731 -0.9870 0.1434
vn 0.5704 -0.8062 0.1573
vn 0.9831 -0.1014 0.1525
vn 0.7021 0.6995 0.1330
vn -0.6511 0.7574 0.0488
vn 0.5218 -0.0167 0.8529
vn 0.5336 0.0027 0.8458
vn 0.5366 -0.0159 0.8437
vn 0.5212 -0.0005 0.8534
vn 0.6495 -0.0242 -0.7599
vn 0.6467 -0.0213 -0.7624
vn 0.6495 -0.0209 -0.7601
vn 0.6469 -0.0244 -0.7622
vn -0.7812 -0.2532 0.5707
vn 0.7812 -0.2532 0.5707
vn -0.0470 0.9963 -0.0725
vn -0.4418 0.8485 -0.2912
vn -0.0372 0.9989 -0.0270
vn -0.4091 0.8336 -0.3711
vn 0.6541 0.0563 -0.7543
vn 0.6643 -0.0628 -0.7448
vn 0.6212 0.0004 -0.7837
vn 0.5611 -0.0590 -0.8256
vn 0.6163 -0.0356 -0.7867
vn 0.5133 -0.1869 -0.8376
vn 0.5833 -0.1751 -0.7932
vn 0.5020 -0.2453 -0.8293
vn 0.3334 0.8450 0.4181
vn 0.0292 0.9907 -0.1331
vn 0.4891 0.8536 0.1793
vn 0.5146 0.7716 0.3739
vn 0.0973 0.9938 -0.0542
vn 0.4631 0.8198 -0.3369
vn 0.0889 0.9939 -0.0646
vn 0.4642 0.8196 -0.3360
vn -0.5007 0.8450 0.1879
vn 0.1483 0.9881 0.0406
vn -0.3216 0.8536 0.4098
vn -0.5146 0.7716 0.3739
vn 0.5206 0.0575 0.8518
vn 0.5111 -0.0590 0.8575
vn 0.5710 0.0002 0.8210
vn 0.6138 -0.0578 0.7873
vn 0.5579 -0.0356 0.8292
vn 0.6381 -0.1869 0.7469
vn 0.5742 -0.1751 0.7998
vn 0.6337 -0.2453 0.7336
vn -0.5864 0.0000 -0.8100
vn -0.6578 -0.0031 -0.7532
vn -0.6208 0.0004 -0.7839
vn -0.6136 -0.0124 -0.7895
vn -0.5864 0.0000 -0.8101
vn -0.3762 0.7242 0.5780
vn -0.6979 0.5077 0.5052
vn -0.7224 0.6564 0.2173
vn -0.0131 0.9490 0.3150
vn -0.3792 0.9248 -0.0311
vn 0.3925 0.9195 0.0215
vn 0.0267 0.9454 -0.3249
vn 0.7318 0.6436 -0.2242
vn 0.3866 0.7126 -0.5855
vn 0.9139 0.1953 -0.3559
vn 0.6039 0.2889 -0.7428
vn 0.7926 -0.1805 -0.5825
vn 0.7581 -0.3520 -0.5489
vn -0.5868 0.0065 0.8097
vn -0.5225 0.0047 0.8527
vn -0.5876 0.0139 0.8090
vn -0.5258 -0.0136 0.8505
vn -0.5906 0.0053 0.8069
vn 0.9978 -0.0583 0.0328
vn 0.9951 0.0569 -0.0813
vn 0.9931 -0.0631 -0.0985
vn 0.9987 -0.0357 -0.0361
vn 0.9793 -0.1869 0.0771
vn 0.9845 -0.1751 -0.0057
vn 0.9660 -0.2453 0.0814
vn 0.9998 -0.0031 -0.0197
vn -0.0246 -0.9997 -0.0054
vn 0.0979 -0.9631 0.2505
vn -0.0167 -0.9999 0.0000
vn 0.1902 -0.9631 0.1902
vn -0.5457 -0.0284 0.8375
vn -0.5913 -0.0643 0.8039
vn -0.5529 -0.0109 0.8332
vn -0.5091 -0.0968 0.8553
vn -0.5259 -0.0199 0.8503
vn -0.6307 -0.2193 0.7444
vn -0.6625 -0.0768 0.7451
vn -0.5460 -0.1118 0.8303
vn -0.6868 -0.1701 0.7067
vn 0.6777 0.7092 0.1943
vn 0.5887 0.6007 0.5410
vn 0.7480 0.5056 0.4300
vn 0.4283 0.7807 0.4552
vn 0.3034 0.9490 -0.0860
vn 0.0888 0.9248 0.3699
vn -0.1022 0.9195 -0.3795
vn -0.3170 0.9454 0.0762
vn -0.4414 0.6436 -0.6252
vn -0.6769 0.7126 -0.1844
vn -0.6236 0.1953 -0.7570
vn -0.8943 0.2889 -0.3418
vn -0.8009 -0.1805 -0.5710
vn -0.7582 -0.3521 -0.5488
vn 0.6134 -0.0123 -0.7897
vn 0.6559 -0.0028 -0.7548
vn -0.5577 -0.0572 -0.8281
vn -0.6544 0.0619 -0.7536
vn -0.6689 -0.0679 -0.7402
vn -0.6163 -0.0356 -0.7867
vn -0.5134 -0.1869 -0.8376
vn -0.5834 -0.1751 -0.7931
vn -0.5021 -0.2453 -0.8293
vn 0.2856 0.7513 -0.5950
vn -0.0197 0.5520 -0.8336
vn 0.2905 0.5151 -0.8064
vn 0.0000 0.8883 -0.4593
vn 0.0197 0.5520 -0.8336
vn -0.2697 0.8299 0.4884
vn 0.4416 0.7284 0.5238
vn 0.0000 0.5237 0.8519
vn 0.9964 -0.0500 -0.0686
vn -0.2475 -0.7242 0.6437
vn -0.0071 -0.3522 0.9359
vn 0.0000 -0.1806 0.9836
vn 0.2475 -0.6564 0.7126
vn -0.2475 -0.9490 0.1953
vn 0.2475 -0.9248 0.2889
vn -0.2475 -0.9195 -0.3053
vn 0.2475 -0.9453 -0.2122
vn 0.0000 -0.8615 -0.5077
vn -0.5864 0.0000 0.8100
vn -0.5863 0.0000 0.8101
vn 0.6665 -0.7242 -0.1769
vn 0.7623 -0.3522 -0.5431
vn 0.7967 -0.1806 -0.5767
vn 0.4321 -0.6564 -0.6184
vn 0.3033 -0.9490 0.0860
vn 0.0889 -0.9248 -0.3700
vn -0.1022 -0.9195 0.3795
vn -0.3170 -0.9453 -0.0761
vn -0.4113 -0.8615 0.2977
vn -0.3762 -0.7242 -0.5779
vn -0.7540 -0.3522 -0.5545
vn -0.7967 -0.1806 -0.5767
vn -0.7224 -0.6564 -0.2174
vn -0.0131 -0.9490 -0.3150
vn -0.3792 -0.9248 0.0311
vn 0.3925 -0.9195 -0.0215
vn 0.0546 -0.9664 0.2513
vn 0.4862 -0.8512 0.1976
vn 0.2944 -0.9502 0.1019
vn 0.0000 -0.0523 0.9986
vn 0.1772 -0.9811 0.0782
vn 0.1651 -0.9789 0.1206
vn 0.1772 -0.9811 0.0781
vn 0.1889 -0.9814 0.0355
vn -0.2155 -0.9717 0.0970
vn -0.1430 -0.9880 0.0586
vn -0.1651 -0.9789 0.1206
vn -0.1892 -0.9813 0.0351
vn 0.0006 -0.9874 -0.1580
vn 0.0000 -0.9875 -0.1578
vn 0.0009 -0.9874 -0.1581
vn 0.0016 -0.9874 -0.1583
vn 0.8098 -0.0404 -0.5853
vn 0.8079 -0.0390 -0.5880
vn 0.8095 -0.0381 -0.5859
vn 0.8083 -0.0413 -0.5874
vn -0.7944 -0.1006 -0.5990
vn -0.8092 -0.0928 -0.5802
vn -0.7993 -0.0857 -0.5948
vn -0.8042 -0.1084 -0.5843
vn 0.5375 -0.0332 0.8426
vn -0.0083 -0.9673 0.2534
vn 0.0000 -0.9716 0.2365
vn 0.0979 -0.9458 0.3097
vn 0.0000 -0.8763 0.4818
vn -0.2001 -0.9673 -0.1557
vn -0.1914 -0.9716 -0.1390
vn -0.3081 -0.9458 -0.1028
vn -0.3898 -0.8763 -0.2832
vn 0.2100 -0.9673 -0.1422
vn 0.1914 -0.9716 -0.1391
vn 0.1929 -0.9458 -0.2613
vn 0.3898 -0.8763 -0.2833
vn 0.0000 -0.8008 -0.5989
vn -0.0669 0.9888 0.1337
vn 0.0000 0.8071 0.5905
vn -0.0000 0.9915 0.1299
vn 0.3803 0.6361 -0.6714
vn -0.0391 0.9909 0.1284
vn -0.3785 0.7120 -0.5914
vn 0.1904 0.1939 -0.9624
vn -0.1932 0.2447 -0.9502
vn 0.0487 -0.0327 -0.9983
vn -0.0495 -0.0215 -0.9985
vn -0.0001 -0.0821 -0.9966
vn -0.0013 -0.0820 -0.9966
vn 0.9990 -0.0393 0.0221
vn 0.9996 -0.0165 -0.0239
vn 0.9920 -0.1161 0.0488
vn 0.9963 -0.0759 -0.0391
vn 0.9818 -0.1612 0.1000
vn 0.9971 0.0049 0.0762
vn -0.4845 -0.8008 0.3521
vn 0.4845 -0.8008 0.3520
vn -0.9995 -0.0191 -0.0270
vn -0.9990 -0.0352 0.0260
vn -0.9917 -0.1180 0.0503
vn -0.5525 -0.0697 -0.8306
vn -0.5879 0.0000 -0.8090
vn -0.6220 -0.0314 -0.7824
vn -0.5398 -0.1499 -0.8283
vn -0.6232 -0.0918 -0.7767
vn -0.4787 -0.2026 -0.8543
vn -0.5246 0.0059 -0.8513
vn 0.1474 0.9888 -0.0244
vn 0.4776 0.8071 -0.3471
vn 0.1050 0.9915 -0.0763
vn -0.7667 0.6361 0.0871
vn 0.1268 0.9910 -0.0438
vn -0.2559 0.7120 0.6539
vn -0.8870 0.1999 0.4164
vn -0.6581 0.2545 0.7086
vn -0.8429 -0.0390 0.5367
vn -0.7703 -0.0225 0.6373
vn -0.8050 -0.0995 0.5849
vn -0.8040 -0.0996 0.5862
vn 0.3196 0.6362 0.7022
vn 0.0566 0.9984 0.0095
vn -0.2475 0.9520 -0.1799
vn 0.7009 0.7120 0.0414
vn 0.6700 0.2000 0.7149
vn 0.8773 0.2546 0.4069
vn 0.7703 -0.0398 0.6364
vn 0.8436 -0.0227 0.5364
vn 0.8041 -0.0995 0.5862
vn 0.8042 -0.0978 0.5862
vn -0.6193 -0.0697 0.7821
vn -0.5878 -0.0000 0.8090
vn -0.5520 -0.0314 0.8333
vn -0.6223 -0.1531 0.7677
vn -0.5448 -0.0925 0.8334
vn -0.6668 -0.2074 0.7158
vn -0.6491 0.0093 0.7607
vn -0.4777 0.8071 -0.3471
vn -0.2753 0.9502 -0.1458
vn 0.0407 0.9987 0.0296
vn 0.0478 -0.1642 0.9853
vn 0.0000 -0.2208 0.9753
vn 0.1970 -0.0352 0.9798
vn -0.1936 0.0763 0.9781
vn 0.2006 0.1283 0.9712
vn -0.0013 -0.0966 0.9953
vn -0.0015 -0.0953 0.9954
vn 0.6233 -0.0265 -0.7816
vn 0.5878 -0.0000 -0.8090
vn 0.5472 -0.0625 -0.8346
vn 0.5397 -0.1499 -0.8284
vn 0.5508 -0.0265 0.8342
vn 0.5879 -0.0000 0.8090
vn 0.6248 -0.0625 0.7783
vn 0.6224 -0.1531 0.7676
vn 0.9144 0.2235 -0.3374
vn 0.7890 -0.2206 -0.5734
vn 0.6260 0.0377 -0.7789
vn 0.9418 0.1257 -0.3119
vn 0.5550 0.2231 -0.8014
vn 0.8041 -0.1205 -0.5822
vn 0.8044 -0.1185 -0.5822
vn -0.8415 -0.1311 -0.5241
vn -0.7891 -0.2207 -0.5733
vn -0.9342 0.0375 -0.3548
vn -0.5879 0.1267 -0.7990
vn -0.9340 0.2230 -0.2792
vn -0.8031 -0.1209 -0.5835
vn -0.8042 -0.1209 -0.5819
vn -0.9963 -0.0765 -0.0401
vn -0.9810 -0.1646 0.1030
vn -0.9969 0.0077 0.0781
vn 0.6231 -0.0918 -0.7767
vn 0.4786 -0.2026 -0.8543
vn 0.5245 0.0059 -0.8514
vn 0.5449 -0.0925 0.8334
vn 0.6669 -0.2074 0.7157
vn 0.6491 0.0093 0.7606
vn 0.8090 -0.0021 -0.5878
vn 0.8090 -0.0021 -0.5879
vn 0.8089 -0.0021 -0.5879
vn -0.7450 0.0218 0.6667
vn -0.7434 0.0073 0.6689
vn -0.7395 0.0175 0.6729
vn -0.7488 0.0116 0.6627
vn -0.4057 0.0222 -0.9137
vn -0.4092 0.0027 -0.9124
vn -0.4159 0.0164 -0.9092
vn -0.3990 0.0085 -0.9169
vn -0.8090 -0.0022 -0.5878
vn 0.7442 0.0146 0.6677
vn 0.7396 0.0175 0.6729
vn 0.7443 0.0146 0.6677
vn 0.7489 0.0116 0.6626
vn 0.8090 0.0091 0.5877
vn 0.8091 0.0092 0.5877
vn 0.8090 0.0091 0.5878
vn -0.8090 0.0090 0.5878
vn -0.8089 0.0090 0.5878
vn -0.8090 0.0090 0.5877
vn 0.4074 0.0124 -0.9132
vn 0.4158 0.0164 -0.9093
vn 0.3989 0.0085 -0.9170
vn -0.0000 -0.0022 1.0000
vn 0.0629 -0.9977 -0.0263
vn 0.9777 0.0222 0.2090
vn 0.9787 0.0027 0.2054
vn 0.9801 0.0164 0.1980
vn 0.9763 0.0085 0.2163
vn -0.0628 -0.9977 -0.0262
vn -0.9777 0.0145 0.2095
vn -0.9791 0.0175 0.2028
vn -0.9763 0.0116 0.2163
vn 0.0001 0.0092 -1.0000
vn 0.0000 0.0091 -1.0000
vn -0.0157 -0.9977 0.0662
vn -0.7215 0.0153 0.6922
vn -0.7160 0.0111 0.6980
vn -0.7215 0.0152 0.6922
vn -0.7270 0.0194 0.6864
vn 0.8090 0.0003 -0.5879
vn 0.8090 0.0003 -0.5878
vn -0.8090 0.0002 -0.5878
vn -0.8090 0.0001 -0.5878
vn -0.4373 0.0161 -0.8992
vn -0.4463 0.0108 -0.8948
vn -0.4283 0.0213 -0.9034
vn 0.8089 -0.0054 0.5879
vn 0.8090 -0.0055 0.5878
vn 0.7158 0.0210 0.6979
vn 0.7272 0.0094 0.6864
vn 0.7161 0.0111 0.6979
vn 0.7270 0.0194 0.6863
vn 0.0000 0.0001 1.0000
vn 0.9845 0.0160 0.1748
vn 0.9862 0.0108 0.1651
vn 0.9826 0.0213 0.1846
vn 0.4463 0.0232 -0.8946
vn 0.4283 0.0087 -0.9036
vn 0.4462 0.0108 -0.8949
vn 0.4282 0.0213 -0.9034
vn -0.8089 -0.0056 0.5879
vn -0.9854 0.0210 0.1688
vn -0.9827 0.0094 0.1847
vn -0.9855 0.0111 0.1690
vn -0.9826 0.0194 0.1847
vn -0.0001 -0.0055 -1.0000
vn 0.0000 -0.0054 -1.0000
vn -0.4983 -0.0194 -0.8668
vn -0.5093 -0.0142 -0.8605
vn -0.5076 -0.0197 -0.8614
vn -0.4995 -0.0134 -0.8662
vn -0.0323 0.9992 0.0234
vn 0.8235 -0.0944 -0.5594
vn 0.8090 -0.0041 -0.5879
vn 0.8090 -0.0041 -0.5878
vn 0.7934 -0.1954 -0.5765
vn -0.8090 -0.0042 -0.5878
vn -0.8236 -0.0945 -0.5593
vn -0.7934 -0.1956 -0.5764
vn 0.0321 0.9992 0.0234
vn -0.6704 -0.0194 0.7417
vn -0.6611 -0.0142 0.7502
vn -0.6624 -0.0198 0.7488
vn -0.6696 -0.0134 0.7426
vn 0.9941 -0.0194 0.1064
vn 0.9955 -0.0142 0.0939
vn 0.9952 -0.0198 0.0958
vn 0.9944 -0.0134 0.1052
vn -0.0475 -0.1398 0.9890
vn 0.0000 -0.0042 1.0000
vn 0.0000 -0.1478 0.9890
vn 0.0000 0.9992 -0.0397
vn 0.5091 -0.0142 -0.8606
vn 0.5044 -0.0106 -0.8634
vn 0.5075 -0.0198 -0.8614
vn 0.4994 -0.0134 -0.8663
vn 0.7579 -0.3499 0.5506
vn -0.7578 -0.3500 0.5507
vn 0.6612 -0.0142 0.7501
vn 0.6653 -0.0106 0.7465
vn 0.6625 -0.0198 0.7488
vn 0.6696 -0.0134 0.7426
vn -0.9955 -0.0142 0.0939
vn -0.9950 -0.0106 0.0994
vn -0.9952 -0.0198 0.0958
vn -0.9944 -0.0134 0.1052
vn 0.0000 -0.3499 -0.9368
vn 0.7746 -0.2884 -0.5629
vn 0.7767 -0.1991 -0.5975
vn 0.8049 -0.0998 -0.5849
vn -0.7768 -0.1992 -0.5974
vn -0.7746 -0.2885 -0.5628
vn -0.8050 -0.0999 -0.5848
vn -0.0402 -0.1533 0.9874
vn 0.0000 -0.2885 0.9575
vn 0.5202 0.5049 0.6888
vn 0.3308 -0.0408 0.9428
vn 0.3960 0.8830 0.2520
vn 0.2207 -0.9086 0.3546
vn -0.0769 -0.9868 0.1426
vn 0.7381 -0.5030 0.4497
vn 0.5655 -0.8096 0.1575
vn 0.8683 0.2252 0.4420
vn 0.9829 -0.1026 0.1526
vn 0.4231 0.8351 0.3515
vn 0.6994 0.7026 0.1311
vn -0.2068 0.9234 0.3235
vn -0.6437 0.7637 0.0492
vn 0.1866 -0.7408 0.6453
vn 0.6364 -0.3695 0.6771
vn 0.7076 0.1967 0.6787
vn 0.3870 0.6701 0.6334
vn -0.2216 0.7728 0.5947
vn -0.9139 0.3361 -0.2276
vn -0.7340 0.3627 0.5741
vn -0.8006 -0.5280 -0.2832
vn -0.7891 -0.1807 0.5871
vn -0.4082 -0.6605 0.6302
vn 0.3892 -0.8602 -0.3296
vn 0.8572 -0.2960 -0.4213
vn 0.7765 0.4681 -0.4218
vn 0.2472 0.9112 -0.3295
vn -0.3662 0.8815 -0.2982
vn -0.7496 0.6614 -0.0264
vn -0.9249 0.3798 0.0171
vn -0.9106 0.3889 0.1401
vn -0.5872 0.7100 -0.3887
vn -0.3500 0.2184 -0.9109
vn -0.5592 0.3687 -0.7425
vn -0.8686 0.2969 -0.3967
vn -0.7898 -0.2042 -0.5783
vn -0.8766 -0.1562 -0.4552
vn -0.6019 -0.7066 -0.3720
vn -0.6762 -0.6304 -0.3814
vn -0.3110 -0.9003 -0.3044
vn -0.0065 -0.9936 0.1130
vn 0.1128 -0.9843 -0.1357
vn 0.2212 -0.9702 -0.0993
vn 0.4769 -0.8023 -0.3591
vn 0.5805 -0.7682 -0.2699
vn 0.3972 0.1244 -0.9092
vn 0.8295 -0.3724 -0.4163
vn 0.5992 0.4123 -0.6862
vn 0.8971 0.0835 -0.4338
vn 0.5994 0.6974 -0.3928
vn 0.7637 0.6451 -0.0270
vn 0.9926 -0.0337 0.1163
vn 0.9002 0.4082 0.1516
vn 0.8609 -0.4913 0.1323
vn 0.5246 -0.8388 0.1454
vn -0.0294 -0.1124 -0.9932
vn -0.0045 -0.1849 -0.9827
vn -0.8564 -0.4977 0.1374
vn -0.5427 -0.8180 0.1908
vn -0.9951 -0.0332 0.0934
vn 0.9233 0.3764 0.0760
vn 0.9463 0.2691 0.1790
vn 0.4027 0.6755 0.6176
vn -0.2020 0.7623 0.6148
vn -0.6571 0.3801 0.6509
vn -0.7174 -0.1915 0.6698
vn -0.2612 -0.9545 -0.1441
vn -0.3917 -0.6543 0.6469
vn 0.4114 -0.8984 -0.1538
vn 0.1790 -0.7197 0.6709
vn 0.9144 -0.3686 -0.1676
vn 0.6950 -0.3707 0.6161
vn 0.9422 0.2629 0.2078
vn 0.9136 0.3898 0.1157
vn 0.9225 0.3773 0.0817
vn 0.9464 0.2667 0.1822
vn 0.4014 0.6760 0.6180
vn -0.2018 0.7611 0.6165
vn -0.6596 0.3795 0.6488
vn -0.7207 -0.1903 0.6666
vn -0.2663 -0.9532 -0.1434
vn -0.3927 -0.6540 0.6466
vn 0.3700 -0.9214 -0.1187
vn 0.2103 -0.7586 0.6167
vn 0.9131 -0.3561 -0.1985
vn 0.7145 -0.3532 0.6040
vn 0.9422 0.2604 0.2108
vn -0.9146 0.3336 -0.2287
vn -0.2219 0.7724 0.5951
vn -0.7361 0.3630 0.5713
vn -0.9391 -0.2835 0.1940
vn -0.9279 -0.3669 0.0661
vn -0.9426 -0.2910 0.1638
vn -0.4198 -0.6632 0.6196
vn 0.1853 -0.7398 0.6468
vn 0.6369 -0.3688 0.6771
vn 0.7091 0.1953 0.6776
vn 0.3850 0.6701 0.6347
vn 0.7950 0.6044 -0.0524
vn -0.0010 0.0016 -1.0000
vn -0.1754 -0.0009 -0.9845
vn -0.4377 0.1693 -0.8830
vn 0.9976 -0.0338 -0.0597
vn 0.6114 -0.0177 -0.7912
vn -0.6116 -0.0179 -0.7910
vn -0.2905 0.5151 -0.8064
vn 0.6212 0.0004 -0.7836
vn 0.9998 0.0002 -0.0200
vn 0.1754 -0.0009 -0.9845
vn -0.1982 -0.9793 0.0408
vn 0.6267 -0.7686 0.1284
vn 0.2205 -0.9743 0.0449
vn -0.6269 -0.7685 0.1284
vn 0.1161 -0.9921 0.0471
vn 0.9262 -0.3761 0.0274
vn 0.3075 -0.9501 0.0532
vn 0.0001 -0.0011 1.0000
usemtl PDXmat_jorodoxShape
s 1
f 3/1/1 2/2/2 1/3/3
f 3/1/1 4/4/4 2/2/2
f 5/5/5 4/4/4 3/1/1
f 5/5/5 6/6/6 4/4/4
f 7/7/7 6/6/6 5/5/5
f 4/4/4 8/8/8 2/2/2
f 4/4/4 6/6/6 8/8/8
f 9/9/9 1412/10/10 1411/11/11
f 9/9/9 10/12/12 1412/10/10
f 11/13/13 1414/14/14 1413/15/15
f 11/13/13 12/16/16 1414/14/14
f 13/17/17 1416/18/18 1415/19/19
f 13/17/17 14/20/20 1416/18/18
f 15/21/21 14/20/20 13/17/17
f 15/21/21 16/22/22 14/20/20
f 1419/23/23 1418/24/24 1417/25/25
f 1419/23/23 1420/26/26 1418/24/24
f 1423/27/27 1422/28/28 1421/29/29
f 1423/27/27 17/30/30 1422/28/28
f 1425/31/31 18/32/32 1424/33/33
f 1425/31/31 19/34/34 18/32/32
f 21/35/35 1426/36/36 20/37/37
f 21/35/35 1427/38/38 1426/36/36
f 1428/39/39 23/40/40 22/41/41
f 1428/39/39 1429/42/42 23/40/40
f 1431/43/43 24/44/44 1430/45/45
f 1431/43/43 25/46/46 24/44/44
f 28/47/47 27/48/48 26/49/49
f 28/47/47 29/50/50 27/48/48
f 1432/51/51 29/50/50 28/47/47
f 1432/51/51 1433/52/52 29/50/50
f 30/53/53 1435/54/54 1434/55/55
f 30/53/53 31/56/56 1435/54/54
f 32/57/57 31/56/56 30/53/53
f 32/57/57 33/58/58 31/56/56
f 34/59/59 1437/60/60 1436/61/61
f 34/59/59 35/62/62 1437/60/60
f 36/63/63 35/62/62 34/59/59
f 36/63/63 37/64/64 35/62/62
f 38/65/65 5/5/5 1438/66/66
f 38/65/65 39/67/67 5/5/5
f 40/68/68 39/67/67 38/65/65
f 43/69/69 42/70/70 41/71/70
f 43/69/69 44/72/71 42/70/70
f 45/73/72 44/72/71 43/69/69
f 45/73/72 46/74/73 44/72/71
f 1440/75/74 47/76/74 1439/77/74
f 1440/75/74 48/78/74 47/76/74
f 1443/79/75 1442/80/76 1441/81/77
f 1443/79/75 49/82/78 1442/80/76
f 50/83/79 1445/84/80 1444/85/81
f 50/83/79 1446/86/82 1445/84/80
f 51/87/83 1446/86/82 50/83/79
f 51/87/83 1447/88/84 1446/86/82
f 52/89/85 1449/90/86 1448/91/87
f 52/89/85 53/92/88 1449/90/86
f 54/93/89 53/92/88 52/89/85
f 54/93/89 55/94/90 53/92/88
f 56/95/91 1451/96/92 1450/97/93
f 56/95/91 57/98/94 1451/96/92
f 58/99/95 57/98/94 56/95/91
f 58/99/95 59/100/96 57/98/94
f 1454/101/97 1453/102/98 1452/103/98
f 1454/101/97 60/104/99 1453/102/98
f 61/105/100 60/104/99 1454/101/97
f 61/105/100 62/106/101 60/104/99
f 1457/107/102 1456/108/103 1455/109/104
f 1457/107/102 1458/110/105 1456/108/103
f 1461/111/106 1460/112/107 1459/113/108
f 1461/111/106 63/114/109 1460/112/107
f 66/115/110 65/116/111 64/117/112
f 66/115/110 67/118/113 65/116/111
f 68/119/114 1463/120/115 1462/121/116
f 68/119/114 69/122/117 1463/120/115
f 70/123/118 1465/124/117 1464/125/119
f 1467/126/120 71/127/121 1466/128/117
f 1470/129/122 1469/130/123 1468/131/124
f 1470/129/122 72/132/125 1469/130/123
f 73/133/126 72/132/125 1470/129/122
f 73/133/126 74/134/127 72/132/125
f 75/135/128 74/134/127 73/133/126
f 75/135/128 76/136/129 74/134/127
f 77/137/130 76/136/129 75/135/128
f 77/137/130 78/138/131 76/136/129
f 72/132/125 1472/139/132 1471/140/133
f 72/132/125 1473/141/134 1472/139/132
f 1474/142/135 1473/141/134 72/132/125
f 1475/143/136 72/132/125 1471/140/133
f 1475/143/136 1469/130/123 72/132/125
f 79/144/137 1477/145/138 1476/146/139
f 79/144/137 80/147/140 1477/145/138
f 81/148/141 80/147/140 79/144/137
f 1478/149/142 5/5/5 39/67/67
f 1478/149/142 82/150/143 5/5/5
f 83/151/144 82/150/143 1478/149/142
f 83/151/144 84/152/145 82/150/143
f 85/153/146 84/152/145 83/151/144
f 86/154/147 1480/155/148 1479/156/149
f 86/154/147 1481/157/150 1480/155/148
f 1484/158/151 1483/159/152 1482/160/153
f 1484/158/151 87/161/154 1483/159/152
f 1486/162/155 88/163/156 1485/164/157
f 1486/162/155 89/165/158 88/163/156
f 90/166/159 1488/167/160 1487/168/161
f 90/166/159 91/169/162 1488/167/160
f 93/170/163 1489/171/164 92/172/165
f 93/170/163 94/173/166 1489/171/164
f 1492/174/167 1491/175/168 1490/176/169
f 1492/174/167 1493/177/170 1491/175/168
f 1496/178/171 1495/179/172 1494/180/173
f 1496/178/171 95/181/174 1495/179/172
f 1498/182/175 96/183/175 1497/184/175
f 1498/182/175 97/185/175 96/183/175
f 98/186/176 1500/187/177 1499/188/178
f 98/186/176 1501/189/179 1500/187/177
f 99/190/180 1501/189/179 98/186/176
f 99/190/180 100/191/181 1501/189/179
f 101/192/182 100/191/181 99/190/180
f 101/192/182 102/193/182 100/191/181
f 1503/194/183 103/195/178 1502/196/184
f 1503/194/183 104/197/185 103/195/178
f 105/198/186 104/197/185 1503/194/183
f 105/198/186 106/199/187 104/197/185
f 107/200/182 106/199/187 105/198/186
f 107/200/182 108/201/182 106/199/187
f 1505/202/188 109/203/189 1504/204/190
f 1505/202/188 110/205/191 109/203/189
f 1508/206/175 1507/207/175 1506/208/175
f 1508/206/175 1509/209/175 1507/207/175
f 111/210/192 1511/211/193 1510/212/194
f 111/210/192 1512/213/195 1511/211/193
f 1513/214/196 1512/213/195 111/210/192
f 1516/215/197 1515/216/198 1514/217/199
f 1516/215/197 1517/218/200 1515/216/198
f 114/219/201 113/220/201 112/221/201
f 114/219/201 115/222/201 113/220/201
f 116/223/201 115/222/201 114/219/201
f 119/224/202 118/225/202 117/226/202
f 119/224/202 120/227/202 118/225/202
f 121/228/202 120/227/202 119/224/202
f 121/228/202 122/229/202 120/227/202
f 123/230/202 122/229/202 121/228/202
f 123/230/202 124/231/202 122/229/202
f 125/232/202 124/231/202 123/230/202
f 125/232/202 126/233/202 124/231/202
f 1520/234/203 1519/235/204 1518/236/205
f 1520/234/203 1521/237/206 1519/235/204
f 127/238/207 1521/237/206 1520/234/203
f 127/238/207 1522/239/208 1521/237/206
f 1523/240/209 1522/239/208 127/238/207
f 1523/240/209 1524/241/210 1522/239/208
f 1525/242/211 1524/241/210 1523/240/209
f 1525/242/211 128/243/212 1524/241/210
f 1526/244/213 128/243/212 1525/242/211
f 1526/244/213 129/245/214 128/243/212
f 1527/246/215 129/245/214 1526/244/213
f 1527/246/215 130/247/216 129/245/214
f 1528/248/217 130/247/216 1527/246/215
f 1528/248/217 131/249/218 130/247/216
f 134/250/201 133/251/201 132/252/201
f 134/250/201 135/253/201 133/251/201
f 136/254/201 135/253/201 134/250/201
f 136/254/201 137/255/201 135/253/201
f 138/256/201 137/255/201 136/254/201
f 138/256/201 139/257/201 137/255/201
f 140/258/201 139/257/201 138/256/201
f 140/258/201 141/259/201 139/257/201
f 142/260/201 141/259/201 140/258/201
f 1531/261/219 1530/262/220 1529/263/205
f 1531/261/219 1532/264/221 1530/262/220
f 1534/265/222 143/266/223 1533/267/224
f 1534/265/222 144/268/225 143/266/223
f 1535/269/226 144/268/225 1534/265/222
f 1535/269/226 145/270/227 144/268/225
f 1536/271/228 145/270/227 1535/269/226
f 1536/271/228 146/272/229 145/270/227
f 1538/273/202 147/274/202 1537/275/202
f 1538/273/202 148/276/202 147/274/202
f 149/277/202 148/276/202 1538/273/202
f 1541/278/203 1540/279/230 1539/280/231
f 1541/278/203 1542/281/206 1540/279/230
f 1543/282/207 1542/281/206 1541/278/203
f 1543/282/207 1544/283/232 1542/281/206
f 1545/284/209 1544/283/232 1543/282/207
f 1545/284/209 1546/285/210 1544/283/232
f 150/286/233 1546/285/210 1545/284/209
f 150/286/233 1547/287/212 1546/285/210
f 151/288/234 1547/287/212 150/286/233
f 151/288/234 1548/289/235 1547/287/212
f 1551/290/236 1550/291/237 1549/292/238
f 1551/290/236 152/293/239 1550/291/237
f 149/277/202 1553/294/202 1552/295/202
f 149/277/202 1538/273/202 1553/294/202
f 153/296/240 1555/297/241 1554/298/242
f 153/296/240 154/299/243 1555/297/241
f 155/300/244 154/299/243 153/296/240
f 155/300/244 156/301/245 154/299/243
f 62/106/101 1556/302/246 60/104/99
f 62/106/101 157/303/247 1556/302/246
f 158/304/248 157/303/247 62/106/101
f 158/304/248 159/305/249 157/303/247
f 160/306/250 159/305/249 158/304/248
f 160/306/250 161/307/250 159/305/249
f 1559/308/251 1558/309/252 1557/310/253
f 1559/308/251 1560/311/254 1558/309/252
f 1562/312/255 1454/101/97 1561/313/246
f 1562/312/255 61/105/100 1454/101/97
f 162/314/256 61/105/100 1562/312/255
f 162/314/256 163/315/257 61/105/100
f 164/316/250 163/315/257 162/314/256
f 164/316/250 165/317/250 163/315/257
f 166/318/258 1564/319/259 1563/320/260
f 166/318/258 167/321/261 1564/319/259
f 168/322/262 167/321/261 166/318/258
f 168/322/262 169/323/263 167/321/261
f 1565/324/201 113/220/201 115/222/201
f 1565/324/201 1566/325/201 113/220/201
f 1569/326/264 1568/327/265 1567/328/266
f 1569/326/264 170/329/267 1568/327/265
f 1572/330/268 1571/331/269 1570/332/221
f 1572/330/268 1573/333/270 1571/331/269
f 171/334/271 1573/333/270 1572/330/268
f 171/334/271 1574/335/272 1573/333/270
f 1577/336/273 1576/337/273 1575/338/273
f 1577/336/273 1578/339/273 1576/337/273
f 1581/340/274 1580/341/274 1579/342/274
f 1581/340/274 1582/343/274 1580/341/274
f 1585/344/275 1584/345/276 1583/346/277
f 1585/344/275 1586/347/278 1584/345/276
f 1589/348/279 1588/349/280 1587/350/281
f 1589/348/279 1590/351/282 1588/349/280
f 77/137/130 1591/352/283 172/353/284
f 77/137/130 75/135/128 1591/352/283
f 1594/354/285 1593/355/286 1592/356/287
f 1594/354/285 173/357/288 1593/355/286
f 1595/358/289 173/357/288 1594/354/285
f 1595/358/289 1596/359/290 173/357/288
f 1598/360/291 84/152/145 1597/361/292
f 1598/360/291 82/150/143 84/152/145
f 1599/362/293 82/150/143 1598/360/291
f 1599/362/293 1600/363/294 82/150/143
f 174/364/295 1602/365/296 1601/366/297
f 174/364/295 175/367/298 1602/365/296
f 176/368/299 175/367/298 174/364/295
f 176/368/299 177/369/299 175/367/298
f 1604/370/300 78/138/131 1603/371/301
f 1604/370/300 76/136/129 78/138/131
f 180/372/299 179/373/302 178/374/303
f 180/372/299 181/375/299 179/373/302
f 1607/376/304 1606/377/305 1605/378/306
f 1607/376/304 1608/379/307 1606/377/305
f 1611/380/308 1610/381/309 1609/382/310
f 1611/380/308 182/383/311 1610/381/309
f 1612/384/312 182/383/311 1611/380/308
f 1612/384/312 183/385/312 182/383/311
f 1615/386/313 1614/387/313 1613/388/313
f 1617/389/313 184/390/313 1616/391/313
f 1620/392/314 1619/393/315 1618/394/316
f 1620/392/314 185/395/162 1619/393/315
f 1623/396/317 1622/397/318 1621/398/319
f 1623/396/317 186/399/317 1622/397/318
f 1625/400/320 187/401/321 1624/402/322
f 1625/400/320 1626/403/323 187/401/321
f 1629/404/324 1628/405/325 1627/406/322
f 1629/404/324 1630/407/326 1628/405/325
f 1633/408/317 1632/409/327 1631/410/319
f 1633/408/317 188/411/317 1632/409/327
f 1636/412/328 1635/413/328 1634/414/328
f 1636/412/328 1637/415/328 1635/413/328
f 1640/416/329 1639/417/329 1638/418/329
f 1640/416/329 1641/419/329 1639/417/329
f 1644/420/330 1643/421/330 1642/422/330
f 1644/420/330 1645/423/330 1643/421/330
f 1648/424/202 1647/425/202 1646/426/202
f 1648/424/202 189/427/202 1647/425/202
f 1651/428/331 1650/429/332 1649/430/333
f 1651/428/331 1652/431/334 1650/429/332
f 1654/432/335 1653/433/336 1558/309/337
f 1654/432/335 1655/434/338 1653/433/336
f 1658/435/339 1657/436/340 1656/437/341
f 1658/435/339 1659/438/342 1657/436/340
f 1662/439/343 1661/440/344 1660/441/345
f 1662/439/343 1663/442/346 1661/440/344
f 1666/443/347 1665/444/348 1664/445/348
f 1666/443/347 1667/446/347 1665/444/348
f 1670/447/349 1669/448/347 1668/449/350
f 1670/447/349 1671/450/347 1669/448/347
f 1674/451/201 1673/452/201 1672/453/201
f 1674/451/201 1675/454/201 1673/452/201
f 1678/455/351 1677/456/352 1676/457/353
f 1678/455/351 1679/458/354 1677/456/352
f 1682/459/355 1681/460/356 1680/461/357
f 1682/459/355 1683/462/358 1681/460/356
f 1686/463/359 1685/464/360 1684/465/361
f 1686/463/359 1687/466/362 1685/464/360
f 192/467/201 191/468/201 190/469/201
f 192/467/201 193/470/201 191/468/201
f 194/471/201 193/470/201 192/467/201
f 194/471/201 195/472/201 193/470/201
f 196/473/201 195/472/201 194/471/201
f 199/474/363 198/475/202 197/476/202
f 199/474/363 200/477/363 198/475/202
f 201/478/363 200/477/363 199/474/363
f 201/478/363 202/479/363 200/477/363
f 203/480/202 202/479/363 201/478/363
f 1689/481/202 204/482/202 1688/483/202
f 1690/484/364 206/485/365 205/486/365
f 1690/484/364 1691/487/366 206/485/365
f 1694/488/367 1693/489/368 1692/490/369
f 1694/488/367 1695/491/370 1693/489/368
f 1696/492/371 1695/491/370 1694/488/367
f 1696/492/371 1697/493/372 1695/491/370
f 1698/494/373 1697/493/372 1696/492/371
f 1698/494/373 1699/495/374 1697/493/372
f 207/496/375 1699/495/374 1698/494/373
f 207/496/375 1700/497/375 1699/495/374
f 1703/498/376 1702/499/377 1701/500/378
f 1703/498/376 1704/501/379 1702/499/377
f 1707/502/380 1706/503/381 1705/504/382
f 1707/502/380 1708/505/379 1706/503/381
f 210/506/383 209/507/384 208/508/384
f 210/506/383 211/509/385 209/507/384
f 212/510/386 211/509/385 210/506/383
f 212/510/386 213/511/387 211/509/385
f 214/512/388 213/511/387 212/510/386
f 214/512/388 215/513/388 213/511/387
f 218/514/389 217/515/390 216/516/390
f 1709/517/391 219/518/392 217/515/390
f 220/519/393 219/518/392 1709/517/391
f 220/519/393 221/520/393 219/518/392
f 222/521/394 1711/522/395 1710/523/395
f 222/521/394 223/524/396 1711/522/395
f 224/525/397 223/524/396 222/521/394
f 224/525/397 225/526/398 223/524/396
f 226/527/399 225/526/398 224/525/397
f 226/527/399 227/528/399 225/526/398
f 1714/529/400 1713/530/401 1712/531/402
f 1714/529/400 1715/532/403 1713/530/401
f 1716/533/404 1715/532/403 1714/529/400
f 1718/534/405 228/535/406 1717/536/407
f 1720/537/408 229/538/409 1719/539/410
f 1723/540/411 1722/541/412 1721/542/409
f 1724/543/413 1722/541/412 1723/540/411
f 1724/543/413 1725/544/414 1722/541/412
f 232/545/415 231/546/415 230/547/415
f 232/545/415 233/548/415 231/546/415
f 236/549/415 235/550/415 234/551/415
f 236/549/415 237/552/415 235/550/415
f 1728/553/416 1727/554/416 1726/555/416
f 1728/553/416 1729/556/416 1727/554/416
f 1732/557/416 1731/558/416 1730/559/416
f 1732/557/416 1733/560/416 1731/558/416
f 240/561/417 239/562/418 238/563/419
f 240/561/417 241/564/420 239/562/418
f 244/565/421 243/566/422 242/567/423
f 244/565/421 245/568/424 243/566/422
f 248/569/425 247/570/426 246/571/427
f 248/569/425 249/572/428 247/570/426
f 252/573/429 251/574/430 250/575/431
f 252/573/429 253/576/432 251/574/430
f 256/577/433 255/578/434 254/579/435
f 256/577/433 257/580/436 255/578/434
f 260/581/437 259/582/438 258/583/439
f 260/581/437 261/584/440 259/582/438
f 1735/585/441 262/586/442 1734/587/443
f 1735/585/441 263/588/444 262/586/442
f 1737/589/445 264/590/446 1736/591/447
f 1737/589/445 265/592/446 264/590/446
f 268/593/448 267/594/449 266/595/450
f 268/593/448 269/596/451 267/594/449
f 1738/597/452 269/596/451 268/593/448
f 1738/597/452 270/598/453 269/596/451
f 1740/599/454 271/600/455 1739/601/456
f 1740/599/454 272/602/454 271/600/455
f 273/603/457 1742/604/458 1741/605/459
f 273/603/457 1743/606/460 1742/604/458
f 1744/607/415 1743/606/460 273/603/457
f 1744/607/415 1745/608/415 1743/606/460
f 1747/609/461 274/610/461 1746/611/461
f 1747/609/461 275/612/461 274/610/461
f 1750/613/462 1749/614/463 1748/615/463
f 1750/613/462 276/616/464 1749/614/463
f 1751/617/461 276/616/464 1750/613/462
f 1751/617/461 277/618/461 276/616/464
f 1754/619/465 1753/620/466 1752/621/467
f 1754/619/465 1755/622/468 1753/620/466
f 1756/623/469 1755/622/468 1754/619/465
f 1756/623/469 1757/624/470 1755/622/468
f 280/625/471 279/626/471 278/627/471
f 280/625/471 281/628/471 279/626/471
f 284/629/472 283/630/472 282/631/472
f 284/629/472 285/632/472 283/630/472
f 1758/633/473 287/634/474 286/635/475
f 1758/633/473 1759/636/476 287/634/474
f 289/637/477 1760/638/478 288/639/479
f 289/637/477 1761/640/480 1760/638/478
f 228/535/406 1762/641/481 1717/536/407
f 228/535/406 1763/642/482 1762/641/481
f 292/643/483 291/644/483 290/645/483
f 292/643/483 293/646/483 291/644/483
f 294/647/483 293/646/483 292/643/483
f 294/647/483 295/648/483 293/646/483
f 298/649/483 297/650/483 296/651/483
f 298/649/483 299/652/483 297/650/483
f 300/653/483 299/652/483 298/649/483
f 1764/654/484 1721/542/409 1722/541/412
f 1764/654/484 1765/655/485 1721/542/409
f 303/656/483 302/657/483 301/658/483
f 303/656/483 292/643/483 302/657/483
f 294/647/483 292/643/483 303/656/483
f 306/659/486 305/660/487 304/661/488
f 306/659/486 307/662/489 305/660/487
f 308/663/490 307/662/489 306/659/486
f 308/663/490 309/664/491 307/662/489
f 312/665/486 311/666/487 310/667/488
f 312/665/486 313/668/489 311/666/487
f 314/669/492 313/668/489 312/665/486
f 314/669/492 315/670/493 313/668/489
f 318/671/483 317/672/483 316/673/483
f 318/671/483 298/649/483 317/672/483
f 300/653/483 298/649/483 318/671/483
f 1768/674/461 1767/675/461 1766/676/461
f 1770/677/461 1769/678/461 1767/675/461
f 1772/679/494 74/134/127 1771/680/495
f 1772/679/494 72/132/125 74/134/127
f 1773/681/496 72/132/125 1772/679/494
f 1773/681/496 1774/682/497 72/132/125
f 1775/683/498 5/5/5 1600/363/294
f 1775/683/498 1776/684/499 5/5/5
f 7/7/7 5/5/5 1776/684/499
f 1600/363/294 5/5/5 82/150/143
f 1474/142/135 72/132/125 1774/682/497
f 1771/680/495 74/134/127 76/136/129
f 1777/685/202 117/226/202 118/225/202
f 1778/686/301 172/353/284 1591/352/283
f 1779/687/500 88/163/156 89/165/158
f 319/688/483 296/651/483 297/650/483
f 317/672/483 320/689/483 316/673/483
f 1781/690/201 1780/691/201 191/468/201
f 194/471/201 1782/692/201 196/473/201
f 65/116/111 1783/693/501 64/117/112
f 1786/694/502 1785/695/503 1784/696/504
f 1470/129/122 1787/697/505 73/133/126
f 1790/698/506 1789/699/507 1788/700/508
f 1793/701/509 1792/702/510 1791/703/511
f 5/5/5 3/1/1 1438/66/66
f 1796/704/512 1795/705/513 1794/706/514
f 1796/704/512 321/707/515 1795/705/513
f 1797/708/516 321/707/515 1796/704/512
f 1797/708/516 322/709/517 321/707/515
f 1798/710/518 322/709/517 1797/708/516
f 1798/710/518 323/711/519 322/709/517
f 1799/712/520 323/711/519 1798/710/518
f 1799/712/520 324/713/521 323/711/519
f 1800/714/522 324/713/521 1799/712/520
f 1800/714/522 325/715/523 324/713/521
f 1801/716/524 325/715/523 1800/714/522
f 1801/716/524 326/717/525 325/715/523
f 1802/718/526 326/717/525 1801/716/524
f 1802/718/526 1803/719/527 326/717/525
f 321/707/515 2/2/528 1795/705/513
f 321/707/515 327/720/529 2/2/528
f 322/709/517 327/720/529 321/707/515
f 322/709/517 328/721/530 327/720/529
f 323/711/519 328/721/530 322/709/517
f 323/711/519 329/722/531 328/721/530
f 324/713/521 329/722/531 323/711/519
f 324/713/521 330/723/532 329/722/531
f 325/715/523 330/723/532 324/713/521
f 325/715/523 331/724/533 330/723/532
f 326/717/525 331/724/533 325/715/523
f 326/717/525 332/725/534 331/724/533
f 1803/719/527 332/725/534 326/717/525
f 1803/719/527 1804/726/535 332/725/534
f 333/727/536 1804/726/535 1803/719/527
f 333/727/536 334/728/537 1804/726/535
f 335/729/538 334/728/537 333/727/536
f 335/729/538 336/730/539 334/728/537
f 337/731/540 336/730/539 335/729/538
f 337/731/540 338/732/541 336/730/539
f 339/733/542 338/732/541 337/731/540
f 339/733/542 340/734/543 338/732/541
f 1807/735/544 1806/736/545 1805/737/546
f 1807/735/544 341/738/547 1806/736/545
f 1808/739/548 341/738/547 1807/735/544
f 1808/739/548 342/740/549 341/738/547
f 1809/741/550 342/740/549 1808/739/548
f 1809/741/550 343/742/551 342/740/549
f 1810/743/552 343/742/551 1809/741/550
f 1810/743/552 344/744/553 343/742/551
f 1811/745/554 344/744/553 1810/743/552
f 1811/745/554 345/746/555 344/744/553
f 1812/747/556 345/746/555 1811/745/554
f 1812/747/556 346/748/557 345/746/555
f 1813/749/558 346/748/557 1812/747/556
f 1813/749/558 1814/750/559 346/748/557
f 341/738/547 1815/751/560 1806/736/545
f 341/738/547 347/752/561 1815/751/560
f 342/740/549 347/752/561 341/738/547
f 342/740/549 348/753/562 347/752/561
f 343/742/551 348/753/562 342/740/549
f 343/742/551 349/754/563 348/753/562
f 344/744/553 349/754/563 343/742/551
f 344/744/553 350/755/564 349/754/563
f 345/746/555 350/755/564 344/744/553
f 345/746/555 351/756/565 350/755/564
f 346/748/557 351/756/565 345/746/555
f 346/748/557 352/757/566 351/756/565
f 1814/750/559 352/757/566 346/748/557
f 1814/750/559 1816/758/567 352/757/566
f 353/759/568 1816/758/567 1814/750/559
f 353/759/568 354/760/569 1816/758/567
f 355/761/570 354/760/569 353/759/568
f 355/761/570 356/762/571 354/760/569
f 357/763/572 356/762/571 355/761/570
f 357/763/572 358/764/573 356/762/571
f 359/765/574 358/764/573 357/763/572
f 359/765/574 360/766/575 358/764/573
f 361/767/576 1818/768/577 1817/769/578
f 361/767/576 362/770/579 1818/768/577
f 363/771/580 362/770/579 361/767/576
f 363/771/580 364/772/581 362/770/579
f 365/773/582 364/772/581 363/771/580
f 365/773/582 366/774/582 364/772/581
f 367/775/583 1820/776/584 1819/777/585
f 367/775/583 368/778/586 1820/776/584
f 369/779/587 368/778/586 367/775/583
f 369/779/587 370/780/588 368/778/586
f 371/781/589 370/780/588 369/779/587
f 371/781/589 372/782/589 370/780/588
f 1822/783/590 1821/784/591 1820/776/592
f 1822/783/590 1823/785/593 1821/784/591
f 1824/786/594 1823/785/593 1822/783/590
f 1824/786/594 1825/787/595 1823/785/593
f 1826/788/596 1825/787/595 1824/786/594
f 1826/788/596 1827/789/596 1825/787/595
f 1830/790/597 1829/791/598 1828/792/599
f 1830/790/597 1831/793/600 1829/791/598
f 1832/794/601 1831/793/600 1830/790/597
f 1832/794/601 1833/795/602 1831/793/600
f 1834/796/603 1833/795/602 1832/794/601
f 1834/796/603 1835/797/603 1833/795/602
f 375/798/604 374/799/605 373/800/606
f 375/798/604 376/801/607 374/799/605
f 377/802/604 376/801/607 375/798/604
f 380/803/202 379/804/202 378/805/202
f 380/803/202 381/806/202 379/804/202
f 382/807/202 381/806/202 380/803/202
f 385/808/608 384/809/608 383/810/608
f 385/808/608 386/811/608 384/809/608
f 1837/812/202 387/813/202 1836/814/202
f 1837/812/202 388/815/202 387/813/202
f 1838/816/202 388/815/202 1837/812/202
f 1838/816/202 389/817/202 388/815/202
f 392/818/607 391/819/607 390/820/607
f 392/818/607 393/821/607 391/819/607
f 394/822/605 393/821/607 392/818/607
f 394/822/605 395/823/609 393/821/607
f 398/824/610 397/825/611 396/826/611
f 398/824/610 399/827/612 397/825/611
f 400/828/613 399/827/612 398/824/610
f 400/828/613 401/829/614 399/827/612
f 402/830/615 401/829/614 400/828/613
f 402/830/615 403/831/616 401/829/614
f 406/832/617 405/833/618 404/834/619
f 406/832/617 1839/835/620 405/833/618
f 1840/836/621 1839/835/620 406/832/617
f 1842/837/622 407/838/623 1841/839/623
f 1842/837/622 408/840/624 407/838/623
f 409/841/625 408/840/624 1842/837/622
f 409/841/625 410/842/626 408/840/624
f 411/843/627 410/842/626 409/841/625
f 411/843/627 412/844/628 410/842/626
f 1844/845/629 413/846/630 1843/847/631
f 1844/845/629 1845/848/632 413/846/630
f 1846/849/633 1845/848/632 1844/845/629
f 1849/850/634 1848/851/635 1847/852/635
f 1849/850/634 414/853/636 1848/851/635
f 415/854/637 414/853/636 1849/850/634
f 415/854/637 416/855/638 414/853/636
f 417/856/639 416/855/638 415/854/637
f 418/857/640 1851/858/641 1850/859/641
f 418/857/640 1852/860/642 1851/858/641
f 419/861/643 1852/860/642 418/857/640
f 419/861/643 420/862/644 1852/860/642
f 421/863/645 420/862/644 419/861/643
f 421/863/645 422/864/646 420/862/644
f 423/865/647 1854/866/648 1853/867/649
f 423/865/647 424/868/650 1854/866/648
f 1857/869/651 1856/870/201 1855/871/201
f 1857/869/651 1858/872/652 1856/870/201
f 1859/873/653 1858/872/652 1857/869/651
f 1859/873/653 425/874/654 1858/872/652
f 426/875/655 425/874/654 1859/873/653
f 426/875/655 427/876/655 425/874/654
f 428/877/656 1861/878/657 1860/879/658
f 428/877/656 429/880/659 1861/878/657
f 430/881/660 1863/882/660 1862/883/660
f 430/881/660 431/884/660 1863/882/660
f 432/885/661 1865/886/661 1864/887/661
f 432/885/661 433/888/661 1865/886/661
f 1868/889/660 1867/890/660 1866/891/660
f 1868/889/660 434/892/660 1867/890/660
f 435/893/661 1870/894/661 1869/895/661
f 435/893/661 1871/896/661 1870/894/661
f 1874/897/662 1873/898/663 1872/899/664
f 1874/897/662 1875/900/665 1873/898/663
f 1878/901/666 1877/902/667 1876/903/668
f 1878/901/666 1879/904/669 1877/902/667
f 1882/905/670 1881/906/671 1880/907/672
f 1882/905/670 1883/908/673 1881/906/671
f 436/909/674 1885/910/674 1884/911/674
f 436/909/674 1886/912/674 1885/910/674
f 1889/913/675 1888/914/676 1887/915/677
f 1889/913/675 1890/916/678 1888/914/676
f 1891/917/679 1890/916/678 1889/913/675
f 438/918/680 1892/919/681 437/920/682
f 438/918/680 1893/921/683 1892/919/681
f 439/922/684 1893/921/683 438/918/680
f 439/922/684 1894/923/685 1893/921/683
f 440/924/686 1894/923/685 439/922/684
f 440/924/686 1895/925/687 1894/923/685
f 1891/917/679 1895/925/687 440/924/686
f 1891/917/679 1889/913/675 1895/925/687
f 441/926/202 1897/927/202 1896/928/202
f 441/926/202 442/929/202 1897/927/202
f 443/930/202 442/929/202 441/926/202
f 443/930/202 444/931/202 442/929/202
f 1900/932/688 1899/933/689 1898/934/690
f 1900/932/688 445/935/691 1899/933/689
f 1901/936/692 445/935/691 1900/932/688
f 1901/936/692 446/937/693 445/935/691
f 447/938/694 1903/939/695 1902/940/201
f 447/938/694 448/941/696 1903/939/695
f 449/942/697 448/941/696 447/938/694
f 449/942/697 450/943/698 448/941/696
f 451/944/699 1905/945/700 1904/946/701
f 451/944/699 1906/947/702 1905/945/700
f 452/948/703 1906/947/702 451/944/699
f 452/948/703 1907/949/704 1906/947/702
f 1910/950/705 1909/951/706 1908/952/707
f 1910/950/705 453/953/708 1909/951/706
f 1911/954/709 453/953/708 1910/950/705
f 1911/954/709 454/955/710 453/953/708
f 455/956/711 1913/957/712 1912/958/713
f 455/956/711 456/959/714 1913/957/712
f 457/960/715 456/959/714 455/956/711
f 457/960/715 458/961/716 456/959/714
f 459/962/717 1915/963/718 1914/964/719
f 459/962/717 1916/965/720 1915/963/718
f 460/966/721 1916/965/720 459/962/717
f 460/966/721 1917/967/722 1916/965/720
f 1920/968/723 1919/969/724 1918/970/725
f 1920/968/723 1921/971/726 1919/969/724
f 1922/972/727 1921/971/726 1920/968/723
f 461/973/728 1924/974/729 1923/975/730
f 461/973/728 462/976/731 1924/974/729
f 463/977/732 462/976/731 461/973/728
f 463/977/732 464/978/733 462/976/731
f 465/979/734 1802/718/526 1925/980/735
f 465/979/734 1926/981/736 1802/718/526
f 466/982/737 1926/981/736 465/979/734
f 466/982/737 1927/983/738 1926/981/736
f 467/984/739 1927/983/738 466/982/737
f 467/984/739 468/985/740 1927/983/738
f 469/986/741 468/985/740 467/984/739
f 469/986/741 470/987/742 468/985/740
f 471/988/743 1929/989/744 1928/990/745
f 471/988/743 472/991/746 1929/989/744
f 473/992/747 472/991/746 471/988/743
f 473/992/747 474/993/748 472/991/746
f 1931/994/749 1813/749/558 1930/995/750
f 1931/994/749 1932/996/751 1813/749/558
f 1933/997/752 1932/996/751 1931/994/749
f 1933/997/752 1934/998/753 1932/996/751
f 475/999/754 1934/998/753 1933/997/752
f 475/999/754 476/1000/755 1934/998/753
f 477/1001/756 476/1000/755 475/999/754
f 477/1001/756 478/1002/757 476/1000/755
f 479/1003/758 1936/1004/759 1935/1005/760
f 479/1003/758 1937/1006/761 1936/1004/759
f 480/1007/762 1937/1006/761 479/1003/758
f 480/1007/762 1938/1008/763 1937/1006/761
f 1941/1009/764 1940/1010/765 1939/1011/765
f 1941/1009/764 481/1012/766 1940/1010/765
f 1942/1013/767 481/1012/766 1941/1009/764
f 1942/1013/767 482/1014/768 481/1012/766
f 1945/1015/769 1944/1016/770 1943/1017/771
f 1945/1015/769 483/1018/772 1944/1016/770
f 1948/1019/773 1947/1020/774 1946/1021/775
f 1950/1022/776 484/1023/777 1949/1024/778
f 1953/1025/779 1952/1026/202 1951/1027/202
f 1953/1025/779 1954/1028/780 1952/1026/202
f 1955/1029/781 1954/1028/780 1953/1025/779
f 1957/1030/782 485/1031/782 1956/1032/782
f 1957/1030/782 1958/1033/782 485/1031/782
f 1961/1034/783 1960/1035/784 1959/1036/785
f 1961/1034/783 486/1037/786 1960/1035/784
f 1962/1038/787 486/1037/786 1961/1034/783
f 1962/1038/787 487/1039/788 486/1037/786
f 488/1040/789 1964/1041/790 1963/1042/790
f 488/1040/789 489/1043/791 1964/1041/790
f 490/1044/792 489/1043/791 488/1040/789
f 490/1044/792 491/1045/792 489/1043/791
f 492/1046/793 1966/1047/794 1965/1048/795
f 492/1046/793 1967/1049/796 1966/1047/794
f 493/1050/797 1967/1049/796 492/1046/793
f 493/1050/797 1968/1051/798 1967/1049/796
f 1971/1052/202 1970/1053/202 1969/1054/202
f 1971/1052/202 494/1055/202 1970/1053/202
f 1974/1056/799 1973/1057/799 1972/1058/799
f 1974/1056/799 495/1059/799 1973/1057/799
f 496/1060/800 1976/1061/801 1975/1062/801
f 496/1060/800 497/1063/802 1976/1061/801
f 498/1064/803 497/1063/802 496/1060/800
f 498/1064/803 499/1065/804 497/1063/802
f 1979/1066/805 1978/1067/806 1977/1068/806
f 1979/1066/805 500/1069/807 1978/1067/806
f 501/1070/808 500/1069/807 1979/1066/805
f 501/1070/808 502/1071/809 500/1069/807
f 1982/1072/810 1981/1073/811 1980/1074/812
f 1982/1072/810 1983/1075/813 1981/1073/811
f 1986/1076/814 1985/1077/476 1984/1078/815
f 1989/1079/816 1988/1080/817 1987/1081/817
f 1989/1079/816 503/1082/818 1988/1080/817
f 504/1083/819 503/1082/818 1989/1079/816
f 504/1083/819 505/1084/820 503/1082/818
f 1992/1085/821 1991/1086/822 1990/1087/822
f 1992/1085/821 1993/1088/823 1991/1086/822
f 1994/1089/824 1993/1088/823 1992/1085/821
f 1996/1090/825 506/1091/826 1995/1092/827
f 1996/1090/825 507/1093/828 506/1091/826
f 508/1094/829 507/1093/828 1996/1090/825
f 508/1094/829 509/1095/830 507/1093/828
f 1998/1096/831 510/1097/832 1997/1098/833
f 1998/1096/831 511/1099/834 510/1097/832
f 1999/1100/835 511/1099/834 1998/1096/831
f 1999/1100/835 512/1101/836 511/1099/834
f 2000/1102/837 512/1101/836 1999/1100/835
f 2000/1102/837 513/1103/838 512/1101/836
f 2001/1104/839 513/1103/838 2000/1102/837
f 2001/1104/839 514/1105/840 513/1103/838
f 2002/1106/841 514/1105/840 2001/1104/839
f 2002/1106/841 515/1107/842 514/1105/840
f 2003/1108/843 515/1107/842 2002/1106/841
f 2003/1108/843 516/1109/844 515/1107/842
f 2004/1110/845 516/1109/844 2003/1108/843
f 2004/1110/845 517/1111/846 516/1109/844
f 2005/1112/847 517/1111/846 2004/1110/845
f 2005/1112/847 518/1113/848 517/1111/846
f 2006/1114/849 518/1113/848 2005/1112/847
f 2006/1114/849 519/1115/850 518/1113/848
f 2007/1116/851 519/1115/850 2006/1114/849
f 2007/1116/851 2008/1117/852 519/1115/850
f 2010/1118/660 520/1119/660 2009/1120/660
f 2010/1118/660 521/1121/660 520/1119/660
f 522/1122/660 521/1121/660 2010/1118/660
f 523/1123/853 2012/1124/853 2011/1125/853
f 523/1123/853 2013/1126/853 2012/1124/853
f 524/1127/853 2013/1126/853 523/1123/853
f 2016/1128/854 2015/1129/855 2014/1130/856
f 2016/1128/854 2017/1131/857 2015/1129/855
f 2018/1132/858 2017/1131/857 2016/1128/854
f 2018/1132/858 525/1133/859 2017/1131/857
f 526/1134/860 2020/1135/855 2019/1136/856
f 526/1134/860 527/1137/857 2020/1135/855
f 528/1138/858 527/1137/857 526/1134/860
f 528/1138/858 529/1139/859 527/1137/857
f 2023/1140/660 2022/1141/660 2021/1142/660
f 2023/1140/660 2024/1143/660 2022/1141/660
f 530/1144/660 2024/1143/660 2023/1140/660
f 2027/1145/853 2026/1146/853 2025/1147/853
f 2027/1145/853 2028/1148/853 2026/1146/853
f 531/1149/853 2028/1148/853 2027/1145/853
f 2031/1150/861 2030/1151/862 2029/1152/863
f 2031/1150/861 532/1153/864 2030/1151/862
f 2032/1154/865 532/1153/864 2031/1150/861
f 2032/1154/865 533/1155/866 532/1153/864
f 2035/1156/867 2034/1157/868 2033/1158/869
f 2035/1156/867 534/1159/870 2034/1157/868
f 2036/1160/871 534/1159/870 2035/1156/867
f 2036/1160/871 535/1161/872 534/1159/870
f 2037/1162/873 535/1161/872 2036/1160/871
f 2037/1162/873 536/1163/874 535/1161/872
f 2038/1164/875 536/1163/874 2037/1162/873
f 2038/1164/875 537/1165/876 536/1163/874
f 2039/1166/877 537/1165/876 2038/1164/875
f 2039/1166/877 538/1167/878 537/1165/876
f 2040/1168/879 538/1167/878 2039/1166/877
f 2040/1168/879 2041/1169/880 538/1167/878
f 2042/1170/881 1846/849/633 1844/845/629
f 2042/1170/881 2043/1171/882 1846/849/633
f 2044/1172/883 2043/1171/882 2042/1170/881
f 2044/1172/883 2045/1173/884 2043/1171/882
f 539/1174/885 2045/1173/884 2044/1172/883
f 539/1174/885 2046/1175/886 2045/1173/884
f 2047/1176/887 2046/1175/886 539/1174/885
f 437/920/682 1888/914/676 1890/916/678
f 437/920/682 1892/919/681 1888/914/676
f 2048/1177/888 1840/836/621 406/832/617
f 2048/1177/888 2049/1178/889 1840/836/621
f 2050/1179/890 2049/1178/889 2048/1177/888
f 2050/1179/890 2051/1180/891 2049/1178/889
f 540/1181/892 2051/1180/891 2050/1179/890
f 540/1181/892 2052/1182/893 2051/1180/891
f 2053/1183/894 2052/1182/893 540/1181/892
f 2053/1183/894 2054/1184/895 2052/1182/893
f 405/833/618 2054/1184/895 2053/1183/894
f 405/833/618 1839/835/620 2054/1184/895
f 543/1185/607 542/1186/607 541/1187/201
f 543/1185/607 2055/1188/607 542/1186/607
f 2058/1189/607 2057/1190/607 2056/1191/607
f 544/1192/202 382/807/202 380/803/202
f 544/1192/202 545/1193/202 382/807/202
f 546/1194/202 545/1193/202 544/1192/202
f 546/1194/202 547/1195/202 545/1193/202
f 548/1196/202 547/1195/202 546/1194/202
f 548/1196/202 549/1197/202 547/1195/202
f 2059/1198/896 1919/969/724 1921/971/726
f 2059/1198/896 2060/1199/897 1919/969/724
f 2061/1200/898 2060/1199/897 2059/1198/896
f 2061/1200/898 2062/1201/899 2060/1199/897
f 2063/1202/900 2062/1201/899 2061/1200/898
f 2063/1202/900 550/1203/901 2062/1201/899
f 551/1204/902 550/1203/901 2063/1202/900
f 2064/1205/853 524/1127/853 523/1123/853
f 2064/1205/853 552/1206/853 524/1127/853
f 553/1207/853 552/1206/853 2064/1205/853
f 553/1207/853 554/1208/853 552/1206/853
f 555/1209/853 554/1208/853 553/1207/853
f 2067/1210/903 2066/1211/904 2065/1212/905
f 2067/1210/903 2068/1213/906 2066/1211/904
f 556/1214/907 2068/1213/906 2067/1210/903
f 556/1214/907 2069/1215/908 2068/1213/906
f 2072/1216/909 2071/1217/910 2070/1218/911
f 2072/1216/909 557/1219/912 2071/1217/910
f 2073/1220/913 557/1219/912 2072/1216/909
f 2073/1220/913 558/1221/914 557/1219/912
f 2074/1222/660 522/1122/660 2010/1118/660
f 2074/1222/660 2075/1223/660 522/1122/660
f 2076/1224/660 2075/1223/660 2074/1222/660
f 2076/1224/660 559/1225/660 2075/1223/660
f 2077/1226/660 559/1225/660 2076/1224/660
f 2078/1227/853 531/1149/853 2027/1145/853
f 2078/1227/853 560/1228/853 531/1149/853
f 561/1229/853 560/1228/853 2078/1227/853
f 561/1229/853 562/1230/853 560/1228/853
f 563/1231/853 562/1230/853 561/1229/853
f 2081/1232/909 2080/1233/910 2079/1234/911
f 2081/1232/909 564/1235/915 2080/1233/910
f 2082/1236/913 564/1235/915 2081/1232/909
f 2082/1236/913 565/1237/916 564/1235/915
f 2083/1238/660 530/1144/660 2023/1140/660
f 2083/1238/660 566/1239/660 530/1144/660
f 2084/1240/660 566/1239/660 2083/1238/660
f 2084/1240/660 567/1241/660 566/1239/660
f 2085/1242/660 567/1241/660 2084/1240/660
f 2087/1243/903 2086/1244/904 528/1138/905
f 2087/1243/903 2088/1245/917 2086/1244/904
f 2089/1246/907 2088/1245/917 2087/1243/903
f 2089/1246/907 2090/1247/918 2088/1245/917
f 2047/1176/887 413/846/630 1845/848/632
f 2047/1176/887 2091/1248/919 413/846/630
f 568/1249/920 2091/1248/919 2047/1176/887
f 568/1249/920 569/1250/921 2091/1248/919
f 539/1174/885 569/1250/921 568/1249/920
f 2092/1251/922 551/1204/902 2063/1202/900
f 2092/1251/922 2093/1252/923 551/1204/902
f 1922/972/727 2093/1252/923 2092/1251/922
f 1922/972/727 1920/968/723 2093/1252/923
f 2096/1253/924 2095/1254/925 2094/1255/926
f 2096/1253/924 2097/1256/927 2095/1254/925
f 2099/1257/928 570/1258/929 2098/1259/930
f 2099/1257/928 571/1260/931 570/1258/929
f 572/1261/932 2101/1262/931 2100/1263/933
f 2103/1264/934 2102/1265/935 573/1266/936
f 2103/1264/934 2104/1267/937 2102/1265/935
f 2107/1268/938 2106/1269/939 2105/1270/940
f 2107/1268/938 2108/1271/941 2106/1269/939
f 2111/1272/942 2110/1273/943 2109/1274/942
f 2114/1275/944 2113/1276/945 2112/1277/945
f 2114/1275/944 2115/1278/946 2113/1276/945
f 2118/1279/947 2117/1280/948 2116/1281/948
f 2118/1279/947 2119/1282/949 2117/1280/948
f 2122/1283/950 2121/1284/951 2120/1285/952
f 2122/1283/950 2123/1286/953 2121/1284/951
f 2125/1287/954 1992/1085/821 2124/1288/955
f 2125/1287/954 1994/1089/824 1992/1085/821
f 575/1289/956 574/1290/956 2126/1291/956
f 575/1289/956 576/1292/956 574/1290/956
f 2127/1293/957 1955/1029/781 1953/1025/779
f 2127/1293/957 2128/1294/958 1955/1029/781
f 2129/1295/958 2128/1294/958 2127/1293/957
f 2131/1296/415 577/1297/415 2130/1298/415
f 2131/1296/415 578/1299/415 577/1297/415
f 579/1300/415 578/1299/415 2131/1296/415
f 580/1301/959 2133/1302/959 2132/1303/959
f 580/1301/959 581/1304/959 2133/1302/959
f 2135/1305/956 582/1306/956 2134/1307/956
f 2135/1305/956 2136/1308/956 582/1306/956
f 2139/1309/202 2138/1310/202 2137/1311/202
f 2139/1309/202 2140/1312/202 2138/1310/202
f 2143/1313/201 2142/1314/201 2141/1315/201
f 2143/1313/201 2144/1316/201 2142/1314/201
f 2147/1317/960 2146/1318/961 2145/1319/962
f 2147/1317/960 2148/1320/963 2146/1318/961
f 2151/1321/964 2150/1322/965 2149/1323/966
f 2151/1321/964 2152/1324/967 2150/1322/965
f 2154/1325/968 583/1326/969 2153/1327/970
f 2154/1325/968 584/1328/971 583/1326/969
f 2155/1329/972 584/1328/971 2154/1325/968
f 2155/1329/972 585/1330/973 584/1328/971
f 586/1331/974 585/1330/973 2155/1329/972
f 586/1331/974 587/1332/975 585/1330/973
f 590/1333/976 589/1334/977 588/1335/977
f 590/1333/976 591/1336/976 589/1334/977
f 592/1337/201 2157/1338/201 2156/1339/201
f 592/1337/201 593/1340/201 2157/1338/201
f 2160/1341/978 2159/1342/979 2158/1343/978
f 2160/1341/978 594/1344/980 2159/1342/979
f 2163/1345/981 2162/1346/982 2161/1347/982
f 2163/1345/981 595/1348/853 2162/1346/982
f 2166/1349/202 2165/1350/202 2164/1351/202
f 2166/1349/202 2167/1352/202 2165/1350/202
f 598/1353/983 597/1354/984 596/1355/983
f 598/1353/983 599/1356/985 597/1354/984
f 600/1357/986 2169/1358/986 2168/1359/986
f 600/1357/986 601/1360/986 2169/1358/986
f 2172/1361/201 2171/1362/201 2170/1363/201
f 2172/1361/201 602/1364/201 2171/1362/201
f 2175/1365/202 2174/1366/202 2173/1367/202
f 2175/1365/202 603/1368/202 2174/1366/202
f 2178/1369/987 2177/1370/988 2176/1371/987
f 2178/1369/987 2179/1372/989 2177/1370/988
f 2182/1373/990 2181/1374/991 2180/1375/992
f 2182/1373/990 2183/1376/993 2181/1374/991
f 2184/1377/994 2183/1376/993 2182/1373/990
f 2184/1377/994 2185/1378/995 2183/1376/993
f 2188/1379/990 2187/1380/991 2186/1381/992
f 2188/1379/990 2189/1382/996 2187/1380/991
f 2190/1383/994 2189/1382/996 2188/1379/990
f 2190/1383/994 2191/1384/995 2189/1382/996
f 2193/1385/997 604/1386/998 2192/1387/997
f 2193/1385/997 605/1388/999 604/1386/998
f 2194/1389/201 607/1390/201 606/1391/201
f 2194/1389/201 608/1392/201 607/1390/201
f 2195/1393/201 608/1392/201 2194/1389/201
f 2197/1394/1000 609/1395/1001 2196/1396/1002
f 2197/1394/1000 610/1397/1003 609/1395/1001
f 2198/1398/1004 610/1397/1003 2197/1394/1000
f 2198/1398/1004 583/1326/1005 610/1397/1003
f 2199/1399/970 583/1326/1005 2198/1398/1004
f 2201/1400/1006 611/1401/1007 2200/1402/1008
f 2201/1400/1006 2202/1403/1009 611/1401/1007
f 2205/1404/1010 2204/1405/1011 2203/1406/1012
f 2205/1404/1010 415/854/637 2204/1405/1011
f 417/856/639 415/854/637 2205/1404/1010
f 2208/1407/1013 2207/1408/1014 2206/1409/1013
f 2208/1407/1013 2209/1410/1015 2207/1408/1014
f 390/820/607 374/799/605 376/801/607
f 390/820/607 391/819/607 374/799/605
f 613/1411/202 2210/1412/202 612/1413/202
f 613/1411/202 2211/1414/202 2210/1412/202
f 614/1415/202 2211/1414/202 613/1411/202
f 2214/1416/1016 2213/1417/1016 2212/1418/1016
f 2214/1416/1016 2215/1419/1016 2213/1417/1016
f 2216/1420/1016 2215/1419/1016 2214/1416/1016
f 2219/1421/1016 2218/1422/1016 2217/1423/1016
f 2219/1421/1016 2220/1424/1016 2218/1422/1016
f 2221/1425/1016 2220/1424/1016 2219/1421/1016
f 2221/1425/1016 2222/1426/1016 2220/1424/1016
f 2223/1427/1017 2222/1426/1016 2221/1425/1016
f 2220/1424/1016 2225/1428/1016 2224/1429/1016
f 2220/1424/1016 2222/1426/1016 2225/1428/1016
f 615/1430/1018 2227/1431/1019 2226/1432/1020
f 615/1430/1018 2228/1433/1021 2227/1431/1019
f 616/1434/1022 2228/1433/1021 615/1430/1018
f 616/1434/1022 2229/1435/1023 2228/1433/1021
f 2232/1436/1024 2231/1437/1025 2230/1438/1026
f 2232/1436/1024 617/1439/1027 2231/1437/1025
f 2233/1440/1028 617/1439/1027 2232/1436/1024
f 2233/1440/1028 618/1441/1029 617/1439/1027
f 619/1442/1030 2235/1443/1031 2234/1444/1032
f 619/1442/1030 2236/1445/1033 2235/1443/1031
f 620/1446/1034 2236/1445/1033 619/1442/1030
f 620/1446/1034 2237/1447/1035 2236/1445/1033
f 621/1448/1036 2239/1449/1037 2238/1450/1038
f 621/1448/1036 2240/1451/1039 2239/1449/1037
f 622/1452/1040 2240/1451/1039 621/1448/1036
f 622/1452/1040 2241/1453/1041 2240/1451/1039
f 2244/1454/461 2243/1455/1042 2242/1456/461
f 2244/1454/461 2245/1457/1043 2243/1455/1042
f 2246/1458/461 2245/1457/1043 2244/1454/461
f 2246/1458/461 2247/1459/461 2245/1457/1043
f 2250/1460/1044 2249/1461/1045 2248/1462/1046
f 2250/1460/1044 2251/1463/1044 2249/1461/1045
f 2254/1464/1047 2253/1465/1048 2252/1466/1049
f 2254/1464/1047 623/1467/1050 2253/1465/1048
f 2255/1468/1051 623/1467/1050 2254/1464/1047
f 2255/1468/1051 624/1469/1052 623/1467/1050
f 2258/1470/1016 2257/1471/1016 2256/1472/1016
f 2258/1470/1016 2214/1416/1016 2257/1471/1016
f 2216/1420/1016 2214/1416/1016 2258/1470/1016
f 2261/1473/1053 2260/1474/1054 2259/1475/1055
f 2261/1473/1053 625/1476/1056 2260/1474/1054
f 2262/1477/1057 625/1476/1056 2261/1473/1053
f 2262/1477/1057 626/1478/1058 625/1476/1056
f 627/1479/1059 2264/1480/1060 2263/1481/1061
f 627/1479/1059 2265/1482/1062 2264/1480/1060
f 628/1483/1063 2265/1482/1062 627/1479/1059
f 628/1483/1063 2266/1484/1063 2265/1482/1062
f 629/1485/1064 2268/1486/1065 2267/1487/1066
f 629/1485/1064 630/1488/607 2268/1486/1065
f 631/1489/1067 630/1488/607 629/1485/1064
f 631/1489/1067 632/1490/1068 630/1488/607
f 2271/1491/1069 2270/1492/1070 2269/1493/1071
f 2271/1491/1069 633/1494/1072 2270/1492/1070
f 2272/1495/1073 633/1494/1072 2271/1491/1069
f 2272/1495/1073 634/1496/1074 633/1494/1072
f 635/1497/202 2274/1498/202 2273/1499/202
f 635/1497/202 636/1500/202 2274/1498/202
f 637/1501/202 636/1500/202 635/1497/202
f 637/1501/202 638/1502/202 636/1500/202
f 2275/1503/1075 640/1504/1076 639/1505/1077
f 2275/1503/1075 641/1506/1076 640/1504/1076
f 2278/1507/1078 2277/1508/1079 2276/1509/1079
f 2278/1507/1078 642/1510/1080 2277/1508/1079
f 643/1511/1077 2280/1512/979 2279/1513/980
f 643/1511/1077 641/1506/1077 2280/1512/979
f 644/1514/1077 641/1506/1077 643/1511/1077
f 644/1514/1077 645/1515/1077 641/1506/1077
f 2281/1516/1081 647/1517/1082 646/1518/1082
f 2281/1516/1081 648/1519/1083 647/1517/1082
f 649/1520/1083 648/1519/1083 2281/1516/1081
f 649/1520/1083 650/1521/1083 648/1519/1083
f 2163/1345/1084 649/1520/1083 2281/1516/1081
f 2163/1345/1084 651/1522/1083 649/1520/1083
f 2282/1523/1083 651/1522/1083 2163/1345/1084
f 2284/1524/1085 652/1525/1086 2283/1526/1085
f 2284/1524/1085 2285/1527/1087 652/1525/1086
f 653/1528/1088 597/1354/984 2286/1529/985
f 653/1528/1088 654/1530/1088 597/1354/984
f 655/1531/1088 654/1530/1088 653/1528/1088
f 655/1531/1088 656/1532/1088 654/1530/1088
f 657/1533/1089 2288/1534/1090 2287/1535/1090
f 657/1533/1089 658/1536/1091 2288/1534/1090
f 2290/1537/1092 659/1538/1088 2289/1539/1088
f 2290/1537/1092 2291/1540/1088 659/1538/1088
f 2292/1541/1093 661/1542/1094 660/1543/1094
f 2292/1541/1093 662/1544/1094 661/1542/1094
f 2294/1545/1095 663/1546/1096 2293/1547/1095
f 2294/1545/1095 2295/1548/1097 663/1546/1096
f 664/1549/1094 2297/1550/1098 2296/1551/1099
f 664/1549/1094 2298/1552/1094 2297/1550/1098
f 665/1553/1094 2298/1552/1094 664/1549/1094
f 665/1553/1094 666/1554/1094 2298/1552/1094
f 669/1555/1100 668/1556/1100 667/1557/1100
f 669/1555/1100 670/1558/1100 668/1556/1100
f 671/1559/1101 2300/1560/1102 2299/1561/1103
f 671/1559/1101 672/1562/1104 2300/1560/1102
f 2303/1563/1105 2302/1564/1105 2301/1565/1105
f 2303/1563/1105 673/1566/1105 2302/1564/1105
f 676/1567/1106 675/1568/1107 674/1569/1108
f 676/1567/1106 677/1570/1109 675/1568/1107
f 2304/1571/1110 679/1572/1110 678/1573/1110
f 2304/1571/1110 2305/1574/1110 679/1572/1110
f 680/1575/1111 2307/1576/1111 2306/1577/1111
f 680/1575/1111 2308/1578/1111 2307/1576/1111
f 2311/1579/1112 2310/1580/1113 2309/1581/1114
f 2311/1579/1112 2312/1582/1112 2310/1580/1113
f 681/1583/1076 2314/1584/615 2313/1585/1076
f 681/1583/1076 2315/1586/1077 2314/1584/615
f 2318/1587/1115 2317/1588/1116 2316/1589/1117
f 2318/1587/1115 2319/1590/1116 2317/1588/1116
f 2322/1591/1112 2321/1592/1118 2320/1593/1119
f 2322/1591/1112 682/1594/1112 2321/1592/1118
f 683/1595/1088 2324/1596/1120 2323/1597/1088
f 683/1595/1088 2325/1598/1088 2324/1596/1120
f 2328/1599/1094 2327/1600/1121 2326/1601/1094
f 2328/1599/1094 2329/1602/1094 2327/1600/1121
f 2332/1603/1122 2331/1604/1123 2330/1605/1124
f 2332/1603/1122 2333/1606/1123 2331/1604/1123
f 2336/1607/1125 2335/1608/1126 2334/1609/1127
f 2336/1607/1125 684/1610/1128 2335/1608/1126
f 2339/1611/1129 2338/1612/1129 2337/1613/1129
f 2339/1611/1129 2340/1614/1129 2338/1612/1129
f 2343/1615/1125 2342/1616/1130 2341/1617/1131
f 2343/1615/1125 685/1618/1132 2342/1616/1130
f 2346/1619/1133 2345/1620/1133 2344/1621/1133
f 2346/1619/1133 2347/1622/1133 2345/1620/1133
f 2350/1623/461 2349/1624/461 2348/1625/461
f 2350/1623/461 2351/1626/461 2349/1624/461
f 2354/1627/461 2353/1628/461 2352/1629/461
f 2354/1627/461 2355/1630/461 2353/1628/461
f 2358/1631/1134 2357/1632/1135 2356/1633/1136
f 2358/1631/1134 2359/1634/1137 2357/1632/1135
f 2360/1635/1138 2359/1634/1137 2358/1631/1134
f 2360/1635/1138 2361/1636/1139 2359/1634/1137
f 2362/1637/1140 2361/1636/1139 2360/1635/1138
f 2362/1637/1140 2363/1638/1141 2361/1636/1139
f 2364/1639/1142 2363/1638/1141 2362/1637/1140
f 2364/1639/1142 2365/1640/1143 2363/1638/1141
f 2366/1641/1144 2365/1640/1143 2364/1639/1142
f 2366/1641/1144 686/1642/1145 2365/1640/1143
f 2367/1643/1146 686/1642/1145 2366/1641/1144
f 2367/1643/1146 687/1644/1147 686/1642/1145
f 2368/1645/1148 687/1644/1147 2367/1643/1146
f 2368/1645/1148 688/1646/1149 687/1644/1147
f 2369/1647/1150 688/1646/1149 2368/1645/1148
f 2369/1647/1150 689/1648/1151 688/1646/1149
f 2370/1649/1152 689/1648/1151 2369/1647/1150
f 2370/1649/1152 690/1650/1153 689/1648/1151
f 2371/1651/1154 690/1650/1153 2370/1649/1152
f 2371/1651/1154 691/1652/1155 690/1650/1153
f 2372/1653/1156 691/1652/1155 2371/1651/1154
f 2372/1653/1156 2373/1654/1157 691/1652/1155
f 686/1642/1145 2374/1655/1158 2365/1640/1143
f 686/1642/1145 2375/1656/1159 2374/1655/1158
f 352/757/566 2375/1656/1159 686/1642/1145
f 352/757/566 2376/1657/1160 2375/1656/1159
f 692/1658/1161 2376/1657/1160 352/757/566
f 692/1658/1161 693/1659/1162 2376/1657/1160
f 2377/1660/1163 693/1659/1162 692/1658/1161
f 2377/1660/1163 2378/1661/1164 693/1659/1162
f 694/1662/1165 2379/1663/1166 693/1659/1162
f 694/1662/1165 2380/1664/1167 2379/1663/1166
f 695/1665/1168 2380/1664/1167 694/1662/1165
f 695/1665/1168 2381/1666/1169 2380/1664/1167
f 696/1667/1170 2381/1666/1169 695/1665/1168
f 696/1667/1170 2382/1668/1171 2381/1666/1169
f 2385/1669/1172 2384/1670/1173 2383/1671/1174
f 2385/1669/1172 2386/1672/1175 2384/1670/1173
f 2387/1673/1176 2386/1672/1175 2385/1669/1172
f 2387/1673/1176 2388/1674/1177 2386/1672/1175
f 2389/1675/1178 2388/1674/1177 2387/1673/1176
f 2389/1675/1178 2390/1676/1179 2388/1674/1177
f 2383/1671/1174 2374/1655/1158 2375/1656/1159
f 2383/1671/1174 2384/1670/1173 2374/1655/1158
f 352/757/566 2391/1677/1180 692/1658/1161
f 352/757/566 1816/758/567 2391/1677/1180
f 2394/1678/1181 2393/1679/1182 2392/1680/1183
f 2394/1678/1181 2395/1681/1184 2393/1679/1182
f 2396/1682/1185 2395/1681/1184 2394/1678/1181
f 2396/1682/1185 2397/1683/1186 2395/1681/1184
f 2398/1684/1187 2397/1683/1186 2396/1682/1185
f 2398/1684/1187 2399/1685/1188 2397/1683/1186
f 2400/1686/1189 2399/1685/1188 2398/1684/1187
f 2400/1686/1189 2401/1687/1190 2399/1685/1188
f 2402/1688/1191 2401/1687/1190 2400/1686/1189
f 2402/1688/1191 697/1689/1192 2401/1687/1190
f 2403/1690/1193 697/1689/1192 2402/1688/1191
f 2403/1690/1193 698/1691/1194 697/1689/1192
f 2404/1692/1195 698/1691/1194 2403/1690/1193
f 2404/1692/1195 699/1693/1196 698/1691/1194
f 2405/1694/1197 699/1693/1196 2404/1692/1195
f 2405/1694/1197 700/1695/1198 699/1693/1196
f 2406/1696/1199 700/1695/1198 2405/1694/1197
f 2406/1696/1199 701/1697/1200 700/1695/1198
f 2407/1698/1201 701/1697/1200 2406/1696/1199
f 2407/1698/1201 702/1699/1202 701/1697/1200
f 2408/1700/1203 702/1699/1202 2407/1698/1201
f 2408/1700/1203 2409/1701/1204 702/1699/1202
f 697/1689/1192 2410/1702/1205 2401/1687/1190
f 697/1689/1192 2411/1703/1206 2410/1702/1205
f 332/725/534 2411/1703/1206 697/1689/1192
f 332/725/534 2412/1704/1207 2411/1703/1206
f 703/1705/1208 2412/1704/1207 332/725/534
f 703/1705/1208 704/1706/1209 2412/1704/1207
f 2413/1707/1210 704/1706/1209 703/1705/1208
f 2413/1707/1210 2414/1708/1211 704/1706/1209
f 705/1709/1212 2415/1710/1213 704/1706/1209
f 705/1709/1212 2416/1711/1214 2415/1710/1213
f 706/1712/1215 2416/1711/1214 705/1709/1212
f 706/1712/1215 2417/1713/1216 2416/1711/1214
f 707/1714/1217 2417/1713/1216 706/1712/1215
f 707/1714/1217 2418/1715/1218 2417/1713/1216
f 2421/1716/1219 2420/1717/1220 2419/1718/1221
f 2421/1716/1219 2422/1719/1222 2420/1717/1220
f 2423/1720/1223 2422/1719/1222 2421/1716/1219
f 2423/1720/1223 2424/1721/1224 2422/1719/1222
f 2425/1722/1225 2424/1721/1224 2423/1720/1223
f 2425/1722/1225 2426/1723/1226 2424/1721/1224
f 2419/1718/1221 2410/1702/1205 2411/1703/1206
f 2419/1718/1221 2420/1717/1220 2410/1702/1205
f 332/725/534 2427/1724/1227 703/1705/1208
f 332/725/534 1804/726/535 2427/1724/1227
f 710/1725/1228 709/1726/1228 708/1727/1228
f 2429/1728/1105 711/1729/1105 2428/1730/1105
f 2431/1731/1229 712/1732/1229 2430/1733/1229
f 2433/1734/1229 713/1735/1229 2432/1736/1229
f 716/1737/1229 715/1738/1229 714/1739/1229
f 2435/1740/1229 717/1741/1229 2434/1742/1229
f 719/1743/1230 2436/1744/1230 718/1745/1230
f 2439/1746/1230 2438/1747/1230 2437/1748/1230
f 2440/1749/1231 721/1750/1231 720/1751/1231
f 2440/1749/1231 2441/1752/1231 721/1750/1231
f 2444/1753/1232 2443/1754/1232 2442/1755/1232
f 2444/1753/1232 2445/1756/1232 2443/1754/1232
f 2447/1757/1233 722/1758/1233 2446/1759/1233
f 2449/1760/1233 723/1761/1233 2448/1762/1233
f 2452/1763/1232 2451/1764/1232 2450/1765/1232
f 2452/1763/1232 2453/1766/1232 2451/1764/1232
f 2456/1767/1234 2455/1768/1235 2454/1769/1235
f 2456/1767/1234 2457/1770/1236 2455/1768/1235
f 2460/1771/1237 2459/1772/1238 2458/1773/1237
f 2460/1771/1237 2461/1774/1239 2459/1772/1238
f 2464/1775/1240 2463/1776/1241 2462/1777/1242
f 2464/1775/1240 2465/1778/1243 2463/1776/1241
f 2468/1779/1244 2467/1780/1245 2466/1781/1246
f 2468/1779/1244 2469/1782/1247 2467/1780/1245
f 2472/1783/1248 2471/1784/1249 2470/1785/1250
f 2472/1783/1248 2473/1786/1248 2471/1784/1249
f 2476/1787/1251 2475/1788/1252 2474/1789/1253
f 2476/1787/1251 724/1790/1252 2475/1788/1252
f 2479/1791/1254 2478/1792/1255 2477/1793/1256
f 2479/1791/1254 2480/1794/1254 2478/1792/1255
f 2483/1795/1257 2482/1796/1258 2481/1797/1259
f 2483/1795/1257 2484/1798/1258 2482/1796/1258
f 2487/1799/1260 2486/1800/1260 2485/1801/1260
f 2487/1799/1260 2488/1802/1260 2486/1800/1260
f 2491/1803/1261 2490/1804/1261 2489/1805/1261
f 2491/1803/1261 2492/1806/1261 2490/1804/1261
f 2495/1807/1262 2494/1808/1263 2493/1809/1264
f 2495/1807/1262 2496/1810/1265 2494/1808/1263
f 2499/1811/1266 2498/1812/1267 2497/1813/1268
f 2499/1811/1266 2500/1814/1269 2498/1812/1267
f 2503/1815/1270 2502/1816/1271 2501/1817/1272
f 2503/1815/1270 2504/1818/1273 2502/1816/1271
f 2507/1819/1274 2506/1820/1275 2505/1821/1276
f 2507/1819/1274 2508/1822/1277 2506/1820/1275
f 2511/1823/1278 2510/1824/1279 2509/1825/1280
f 2511/1823/1278 2512/1826/1281 2510/1824/1279
f 2515/1827/1282 2514/1828/1283 2513/1829/1284
f 2515/1827/1282 2516/1830/1285 2514/1828/1283
f 695/1665/1168 2517/1831/1286 696/1667/1170
f 695/1665/1168 2518/1832/1287 2517/1831/1286
f 694/1662/1165 2518/1832/1287 695/1665/1168
f 694/1662/1165 2378/1661/1164 2518/1832/1287
f 693/1659/1162 2378/1661/1164 694/1662/1165
f 727/1833/1288 726/1834/1289 725/1835/1290
f 727/1833/1288 728/1836/1291 726/1834/1289
f 729/1837/1292 728/1836/1291 727/1833/1288
f 729/1837/1292 730/1838/1292 728/1836/1291
f 706/1712/1215 2519/1839/1293 707/1714/1217
f 706/1712/1215 2520/1840/1294 2519/1839/1293
f 705/1709/1212 2520/1840/1294 706/1712/1215
f 705/1709/1212 2414/1708/1211 2520/1840/1294
f 704/1706/1209 2414/1708/1211 705/1709/1212
f 733/1841/1295 732/1842/1296 731/1843/1297
f 733/1841/1295 734/1844/1298 732/1842/1296
f 735/1845/1299 734/1844/1298 733/1841/1295
f 735/1845/1299 736/1846/1300 734/1844/1298
f 737/1847/1301 736/1846/1300 735/1845/1299
f 737/1847/1301 738/1848/1302 736/1846/1300
f 739/1849/1303 738/1848/1302 737/1847/1301
f 739/1849/1303 740/1850/1304 738/1848/1302
f 734/1844/1298 741/1851/1305 732/1842/1296
f 734/1844/1298 742/1852/1306 741/1851/1305
f 736/1846/1300 742/1852/1306 734/1844/1298
f 736/1846/1300 743/1853/1307 742/1852/1306
f 738/1848/1302 743/1853/1307 736/1846/1300
f 738/1848/1302 744/1854/1308 743/1853/1307
f 740/1850/1304 744/1854/1308 738/1848/1302
f 740/1850/1304 745/1855/1309 744/1854/1308
f 746/1856/1310 745/1855/1309 740/1850/1304
f 746/1856/1310 747/1857/1311 745/1855/1309
f 748/1858/1312 747/1857/1311 746/1856/1310
f 748/1858/1312 749/1859/1313 747/1857/1311
f 752/1860/1314 751/1861/1296 750/1862/1297
f 752/1860/1314 753/1863/1298 751/1861/1296
f 754/1864/1299 753/1863/1298 752/1860/1314
f 754/1864/1299 755/1865/1300 753/1863/1298
f 756/1866/1301 755/1865/1300 754/1864/1299
f 756/1866/1301 757/1867/1302 755/1865/1300
f 758/1868/1303 757/1867/1302 756/1866/1301
f 758/1868/1303 759/1869/1304 757/1867/1302
f 753/1863/1298 760/1870/1305 751/1861/1296
f 753/1863/1298 761/1871/1306 760/1870/1305
f 755/1865/1300 761/1871/1306 753/1863/1298
f 755/1865/1300 762/1872/1307 761/1871/1306
f 757/1867/1302 762/1872/1307 755/1865/1300
f 757/1867/1302 763/1873/1308 762/1872/1307
f 759/1869/1304 763/1873/1308 757/1867/1302
f 759/1869/1304 764/1874/1309 763/1873/1308
f 765/1875/1310 764/1874/1309 759/1869/1304
f 765/1875/1310 766/1876/1311 764/1874/1309
f 767/1877/1315 766/1876/1311 765/1875/1310
f 767/1877/1315 768/1878/1316 766/1876/1311
f 771/1879/201 770/1880/201 769/1881/201
f 771/1879/201 772/1882/201 770/1880/201
f 773/1883/201 772/1882/201 771/1879/201
f 773/1883/201 774/1884/201 772/1882/201
f 775/1885/201 774/1884/201 773/1883/201
f 778/1886/201 777/1887/201 776/1888/201
f 778/1886/201 779/1889/201 777/1887/201
f 780/1890/201 779/1889/201 778/1886/201
f 780/1890/201 781/1891/201 779/1889/201
f 782/1892/201 781/1891/201 780/1890/201
f 783/1893/1317 2522/1894/1318 2521/1895/1319
f 783/1893/1317 784/1896/1320 2522/1894/1318
f 785/1897/1321 784/1896/1320 783/1893/1317
f 785/1897/1321 786/1898/1322 784/1896/1320
f 787/1899/1323 786/1898/1322 785/1897/1321
f 787/1899/1323 788/1900/1324 786/1898/1322
f 789/1901/1325 788/1900/1324 787/1899/1323
f 789/1901/1325 790/1902/1326 788/1900/1324
f 784/1896/1320 2523/1903/1327 2522/1894/1318
f 784/1896/1320 791/1904/1328 2523/1903/1327
f 786/1898/1322 791/1904/1328 784/1896/1320
f 786/1898/1322 792/1905/1329 791/1904/1328
f 788/1900/1324 792/1905/1329 786/1898/1322
f 788/1900/1324 793/1906/1330 792/1905/1329
f 790/1902/1326 793/1906/1330 788/1900/1324
f 790/1902/1326 794/1907/1331 793/1906/1330
f 2524/1908/1332 794/1907/1331 790/1902/1326
f 2524/1908/1332 795/1909/1333 794/1907/1331
f 2525/1910/1334 795/1909/1333 2524/1908/1332
f 2525/1910/1334 796/1911/1335 795/1909/1333
f 2526/1912/1336 796/1911/1335 2525/1910/1334
f 2526/1912/1336 2527/1913/1337 796/1911/1335
f 797/1914/1317 2529/1915/1318 2528/1916/1319
f 797/1914/1317 798/1917/1320 2529/1915/1318
f 799/1918/1321 798/1917/1320 797/1914/1317
f 799/1918/1321 800/1919/1322 798/1917/1320
f 801/1920/1323 800/1919/1322 799/1918/1321
f 801/1920/1323 802/1921/1324 800/1919/1322
f 803/1922/1338 802/1921/1324 801/1920/1323
f 803/1922/1338 804/1923/1339 802/1921/1324
f 798/1917/1320 2530/1924/1327 2529/1915/1318
f 798/1917/1320 805/1925/1328 2530/1924/1327
f 800/1919/1322 805/1925/1328 798/1917/1320
f 800/1919/1322 806/1926/1329 805/1925/1328
f 802/1921/1324 806/1926/1329 800/1919/1322
f 802/1921/1324 807/1927/1330 806/1926/1329
f 804/1923/1339 807/1927/1330 802/1921/1324
f 804/1923/1339 808/1928/1340 807/1927/1330
f 809/1929/1341 808/1928/1340 804/1923/1339
f 809/1929/1341 2531/1930/1342 808/1928/1340
f 2534/1931/202 2533/1932/202 2532/1933/202
f 2534/1931/202 2535/1934/202 2533/1932/202
f 2536/1935/202 2535/1934/202 2534/1931/202
f 2536/1935/202 2537/1936/202 2535/1934/202
f 2538/1937/202 2537/1936/202 2536/1935/202
f 2538/1937/202 2539/1938/1343 2537/1936/202
f 2540/1939/202 2539/1938/1343 2538/1937/202
f 810/1940/1344 2530/1924/1327 2541/1941/1345
f 810/1940/1344 2542/1942/1346 2530/1924/1327
f 2543/1943/1347 2542/1942/1346 810/1940/1344
f 2543/1943/1347 2544/1944/1348 2542/1942/1346
f 2545/1945/1349 2544/1944/1348 2543/1943/1347
f 2545/1945/1349 2546/1946/1350 2544/1944/1348
f 2547/1947/1351 2546/1946/1350 2545/1945/1349
f 2547/1947/1351 2548/1948/1352 2546/1946/1350
f 2549/1949/1353 2548/1948/1352 2547/1947/1351
f 2549/1949/1353 811/1950/1354 2548/1948/1352
f 812/1951/1355 811/1950/1354 2549/1949/1353
f 812/1951/1355 813/1952/1356 811/1950/1354
f 2552/1953/202 2551/1954/202 2550/1955/202
f 2552/1953/202 2553/1956/202 2551/1954/202
f 2554/1957/202 2553/1956/202 2552/1953/202
f 2554/1957/202 2555/1958/202 2553/1956/202
f 2556/1959/202 2555/1958/202 2554/1957/202
f 2556/1959/202 2557/1960/1343 2555/1958/202
f 2558/1961/202 2557/1960/1343 2556/1959/202
f 814/1962/1344 2523/1903/1327 2559/1963/1357
f 814/1962/1344 2560/1964/1346 2523/1903/1327
f 2561/1965/1347 2560/1964/1346 814/1962/1344
f 2561/1965/1347 2562/1966/1348 2560/1964/1346
f 2563/1967/1349 2562/1966/1348 2561/1965/1347
f 2563/1967/1349 2564/1968/1350 2562/1966/1348
f 2565/1969/1351 2564/1968/1350 2563/1967/1349
f 2565/1969/1351 2527/1913/1352 2564/1968/1350
f 2566/1970/1353 2527/1913/1352 2565/1969/1351
f 2566/1970/1353 2567/1971/1354 2527/1913/1352
f 815/1972/1355 2567/1971/1354 2566/1970/1353
f 815/1972/1355 2568/1973/1358 2567/1971/1354
f 816/1974/1359 2570/1975/1360 2569/1976/1360
f 816/1974/1359 817/1977/1361 2570/1975/1360
f 820/1978/1362 819/1979/1363 818/1980/1363
f 820/1978/1362 821/1981/1364 819/1979/1363
f 822/1982/1365 2572/1983/1366 2571/1984/1366
f 822/1982/1365 823/1985/1367 2572/1983/1366
f 824/1986/1368 823/1985/1367 822/1982/1365
f 824/1986/1368 825/1987/1369 823/1985/1367
f 2575/1988/1370 2574/1989/1371 2573/1990/1371
f 2575/1988/1370 2576/1991/1370 2574/1989/1371
f 2579/1992/1372 2578/1993/1372 2577/1994/1372
f 2579/1992/1372 2580/1995/1372 2578/1993/1372
f 828/1996/1100 827/1997/1100 826/1998/1100
f 828/1996/1100 829/1999/1100 827/1997/1100
f 832/2000/1373 831/2001/1373 830/2002/1373
f 832/2000/1373 833/2003/1373 831/2001/1373
f 2537/1936/202 834/2004/1374 2581/2005/202
f 2537/1936/202 2539/1938/1343 834/2004/1374
f 836/2006/1375 794/1907/1331 835/2007/1376
f 836/2006/1375 793/1906/1330 794/1907/1331
f 2582/2008/1377 793/1906/1330 836/2006/1375
f 2582/2008/1377 792/1905/1329 793/1906/1330
f 2583/2009/1378 792/1905/1329 2582/2008/1377
f 2583/2009/1378 791/1904/1328 792/1905/1329
f 2559/1963/1357 791/1904/1328 2583/2009/1378
f 2559/1963/1357 2523/1903/1327 791/1904/1328
f 2555/1958/202 837/2010/1379 2584/2011/202
f 2555/1958/202 2557/1960/1343 837/2010/1379
f 839/2012/1375 808/1928/1340 838/2013/1380
f 839/2012/1375 807/1927/1330 808/1928/1340
f 2585/2014/1377 807/1927/1330 839/2012/1375
f 2585/2014/1377 806/1926/1329 807/1927/1330
f 2586/2015/1378 806/1926/1329 2585/2014/1377
f 2586/2015/1378 805/1925/1328 806/1926/1329
f 2541/1941/1345 805/1925/1328 2586/2015/1378
f 2541/1941/1345 2530/1924/1327 805/1925/1328
f 2588/2016/1381 2587/2017/201 840/2018/1382
f 2588/2016/1381 773/1883/201 2587/2017/201
f 775/1885/201 773/1883/201 2588/2016/1381
f 2590/2019/1383 2589/2020/201 841/2021/1382
f 2590/2019/1383 780/1890/201 2589/2020/201
f 782/1892/201 780/1890/201 2590/2019/1383
f 2592/2022/1334 2591/2023/1333 2531/1930/1342
f 2592/2022/1334 2593/2024/1335 2591/2023/1333
f 2594/2025/1336 2593/2024/1335 2592/2022/1334
f 2594/2025/1336 2548/1948/1337 2593/2024/1335
f 687/1644/1147 352/757/566 686/1642/1145
f 687/1644/1147 351/756/565 352/757/566
f 688/1646/1149 351/756/565 687/1644/1147
f 688/1646/1149 350/755/564 351/756/565
f 689/1648/1151 350/755/564 688/1646/1149
f 689/1648/1151 349/754/563 350/755/564
f 690/1650/1153 349/754/563 689/1648/1151
f 690/1650/1153 348/753/562 349/754/563
f 691/1652/1155 348/753/562 690/1650/1153
f 691/1652/1155 347/752/561 348/753/562
f 2373/1654/1157 347/752/561 691/1652/1155
f 2373/1654/1157 1815/751/560 347/752/561
f 698/1691/1194 332/725/534 697/1689/1192
f 698/1691/1194 331/724/533 332/725/534
f 699/1693/1196 331/724/533 698/1691/1194
f 699/1693/1196 330/723/532 331/724/533
f 700/1695/1198 330/723/532 699/1693/1196
f 700/1695/1198 329/722/531 330/723/532
f 701/1697/1200 329/722/531 700/1695/1198
f 701/1697/1200 328/721/530 329/722/531
f 702/1699/1202 328/721/530 701/1697/1200
f 702/1699/1202 327/720/529 328/721/530
f 2409/1701/1204 327/720/529 702/1699/1202
f 2409/1701/1204 2/2/528 327/720/529
f 2597/2026/1384 2596/2027/1385 2595/2028/1386
f 2597/2026/1384 2598/2029/1387 2596/2027/1385
f 2599/2030/1388 2598/2029/1387 2597/2026/1384
f 2599/2030/1388 2600/2031/1389 2598/2029/1387
f 2601/2032/1390 2600/2031/1389 2599/2030/1388
f 2601/2032/1390 2602/2033/1391 2600/2031/1389
f 2603/2034/1392 2602/2033/1391 2601/2032/1390
f 2603/2034/1392 2604/2035/1393 2602/2033/1391
f 2605/2036/1394 2604/2035/1393 2603/2034/1392
f 2605/2036/1394 842/2037/1395 2604/2035/1393
f 2606/2038/1396 842/2037/1395 2605/2036/1394
f 2606/2038/1396 2607/2039/1397 842/2037/1395
f 2608/2040/1398 2607/2039/1397 2606/2038/1396
f 2608/2040/1398 2609/2041/1399 2607/2039/1397
f 2610/2042/1400 2609/2041/1399 2608/2040/1398
f 2610/2042/1400 2611/2043/1401 2609/2041/1399
f 2612/2044/1402 2611/2043/1401 2610/2042/1400
f 2612/2044/1402 2613/2045/1403 2611/2043/1401
f 2614/2046/1404 2613/2045/1403 2612/2044/1402
f 2614/2046/1404 2615/2047/1405 2613/2045/1403
f 2616/2048/1406 2615/2047/1405 2614/2046/1404
f 2616/2048/1406 2617/2049/1407 2615/2047/1405
f 2595/2028/1386 2617/2049/1407 2616/2048/1406
f 2595/2028/1386 2596/2027/1385 2617/2049/1407
f 2620/2050/1408 2619/2051/1409 2618/2052/1410
f 2620/2050/1408 2621/2053/1411 2619/2051/1409
f 2622/2054/1412 2621/2053/1411 2620/2050/1408
f 2622/2054/1412 2623/2055/1413 2621/2053/1411
f 2624/2056/1414 2623/2055/1413 2622/2054/1412
f 2624/2056/1414 2625/2057/1415 2623/2055/1413
f 2628/2058/1416 2627/2059/1417 2626/2060/1418
f 2628/2058/1416 2629/2061/1393 2627/2059/1417
f 843/2062/1419 2629/2061/1393 2628/2058/1416
f 843/2062/1419 2630/2063/1420 2629/2061/1393
f 2631/2064/1396 2630/2063/1420 843/2062/1419
f 2631/2064/1396 2632/2065/1397 2630/2063/1420
f 2633/2066/1421 2632/2065/1397 2631/2064/1396
f 2633/2066/1421 2634/2067/1399 2632/2065/1397
f 2635/2068/1400 2634/2067/1399 2633/2066/1421
f 2635/2068/1400 2636/2069/1401 2634/2067/1399
f 2637/2070/1402 2636/2069/1401 2635/2068/1400
f 2637/2070/1402 2638/2071/1422 2636/2069/1401
f 2639/2072/1423 2638/2071/1422 2637/2070/1402
f 2639/2072/1423 2640/2073/1424 2638/2071/1422
f 2641/2074/1425 2640/2073/1424 2639/2072/1423
f 2641/2074/1425 2642/2075/1426 2640/2073/1424
f 2618/2052/1410 2642/2075/1426 2641/2074/1425
f 2618/2052/1410 2619/2051/1409 2642/2075/1426
f 2413/1707/1210 703/1705/1208 2427/1724/1227
f 2377/1660/1163 692/1658/1161 2391/1677/1180
f 2379/1663/1166 2376/1657/1160 693/1659/1162
f 2415/1710/1213 2412/1704/1207 704/1706/1209
f 2643/2076/1427 481/1012/766 482/1014/768
f 2644/2077/1428 1949/1024/778 484/1023/777
f 2645/2078/415 2130/1298/415 577/1297/415
f 2646/2079/1429 573/1266/936 2102/1265/935
f 2647/2080/201 391/819/607 393/821/607
f 2648/2081/1430 410/842/626 412/844/628
f 587/1332/1431 2196/1396/1002 609/1395/1001
f 2649/2082/1016 2212/1418/1016 2213/1417/1016
f 568/1249/920 2047/1176/887 539/1174/885
f 2650/2083/1016 2224/1429/1016 2225/1428/1016
f 539/1174/885 2044/1172/883 2651/2084/1432
f 2652/2085/1433 2200/1402/1008 611/1401/1007
f 2653/2086/1083 648/1519/1083 650/1521/1083
f 2654/2087/201 769/1881/201 770/1880/201
f 2655/2088/201 776/1888/201 777/1887/201
f 2656/2089/1434 2581/2005/202 834/2004/1374
f 2657/2090/1434 2584/2011/202 837/2010/1379
f 2591/2023/1333 808/1928/1340 2531/1930/1342
f 2589/2020/201 2658/2091/1435 841/2021/1382
f 2587/2017/201 2659/2092/1435 840/2018/1382
f 409/841/625 2660/2093/1436 411/843/627
f 2663/2094/1437 2662/2095/1438 2661/2096/1438
f 2257/1471/1016 2664/2097/1016 2256/1472/1016
f 2058/1189/607 2056/1191/607 2665/2098/607
f 544/1192/202 2666/2099/202 546/1194/202
f 570/1258/929 2667/2100/1439 2098/1259/930
f 2668/2101/1440 290/645/483 291/644/483
f 1813/749/558 1812/747/556 1930/995/750
f 1802/718/526 1801/716/524 1925/980/735
f 844/2102/1441 2670/2103/1442 2669/2104/1443
f 844/2102/1441 2671/2105/1444 2670/2103/1442
f 2672/2106/1445 2671/2105/1444 844/2102/1441
f 2675/2107/1446 2674/2108/1447 2673/2109/1447
f 2675/2107/1446 2676/2110/1448 2674/2108/1447
f 845/2111/1449 2676/2110/1448 2675/2107/1446
f 845/2111/1449 846/2112/1450 2676/2110/1448
f 847/2113/1451 846/2112/1450 845/2111/1449
f 847/2113/1451 848/2114/1452 846/2112/1450
f 849/2115/1453 848/2114/1452 847/2113/1451
f 849/2115/1453 850/2116/1454 848/2114/1452
f 851/2117/1455 2678/2118/1456 2677/2119/999
f 851/2117/1455 852/2120/1457 2678/2118/1456
f 853/2121/1458 852/2120/1457 851/2117/1455
f 853/2121/1458 854/2122/1459 852/2120/1457
f 855/2123/1460 854/2122/1459 853/2121/1458
f 855/2123/1460 856/2124/1461 854/2122/1459
f 2679/2125/1462 611/1401/1007 2202/1403/1009
f 2679/2125/1462 2680/2126/1463 611/1401/1007
f 2681/2127/1464 2680/2126/1463 2679/2125/1462
f 2681/2127/1464 2682/2128/1465 2680/2126/1463
f 2685/2129/1466 2684/2130/1467 2683/2131/1468
f 2685/2129/1466 857/2132/1469 2684/2130/1467
f 2686/2133/1470 857/2132/1469 2685/2129/1466
f 2686/2133/1470 858/2134/1471 857/2132/1469
f 2688/2135/1472 859/2136/1473 2687/2137/1474
f 2688/2135/1472 860/2138/1475 859/2136/1473
f 2689/2139/1476 860/2138/1475 2688/2135/1472
f 2689/2139/1476 2690/2140/1477 860/2138/1475
f 2691/2141/1478 2672/2106/1445 844/2102/1441
f 2691/2141/1478 2692/2142/1479 2672/2106/1445
f 2693/2143/1480 2692/2142/1479 2691/2141/1478
f 2693/2143/1480 2694/2144/1481 2692/2142/1479
f 2695/2145/1482 2694/2144/1481 2693/2143/1480
f 2695/2145/1482 2696/2146/1483 2694/2144/1481
f 2698/2147/1484 861/2148/1485 2697/2149/1486
f 2698/2147/1484 2699/2150/1487 861/2148/1485
f 2702/2151/1488 2701/2152/1489 2700/2153/1490
f 2702/2151/1488 862/2154/1491 2701/2152/1489
f 2703/2155/1492 862/2154/1491 2702/2151/1488
f 863/2156/1493 2705/2157/1494 2704/2158/1495
f 863/2156/1493 864/2159/1496 2705/2157/1494
f 865/2160/1230 2707/2161/1105 2706/2162/1105
f 865/2160/1230 2708/2163/1230 2707/2161/1105
f 866/2164/1493 2710/2165/1497 2709/2166/1498
f 866/2164/1493 867/2167/1496 2710/2165/1497
f 2713/2168/1499 2712/2169/1499 2711/2170/1499
f 2713/2168/1499 868/2171/1499 2712/2169/1499
f 2716/2172/1500 2715/2173/1500 2714/2174/1500
f 2716/2172/1500 869/2175/1500 2715/2173/1500
f 2719/2176/1501 2718/2177/1501 2717/2178/1369
f 2719/2176/1501 870/2179/1501 2718/2177/1501
f 2722/2180/1502 2721/2181/1503 2720/2182/1504
f 2722/2180/1502 871/2183/1505 2721/2181/1503
f 2725/2184/1506 2724/2185/1506 2723/2186/1506
f 2725/2184/1506 2726/2187/1506 2724/2185/1506
f 2729/2188/1502 2728/2189/1503 2727/2190/1504
f 2729/2188/1502 872/2191/1507 2728/2189/1503
f 2732/2192/1506 2731/2193/1506 2730/2194/1506
f 2732/2192/1506 2733/2195/1506 2731/2193/1506
f 873/2196/1508 2735/2197/1509 2734/2198/1435
f 873/2196/1508 2736/2199/1510 2735/2197/1509
f 874/2200/1511 2736/2199/1510 873/2196/1508
f 2738/2201/1512 875/2202/1513 2737/2203/1514
f 2738/2201/1512 876/2204/1515 875/2202/1513
f 2740/2205/1516 877/2206/1517 2739/2207/1518
f 2740/2205/1516 878/2208/1519 877/2206/1517
f 879/2209/1520 2742/2210/1521 2741/2211/1435
f 879/2209/1520 2743/2212/1522 2742/2210/1521
f 880/2213/1511 2743/2212/1522 879/2209/1520
f 2746/2214/1523 2745/2215/1524 2744/2216/1380
f 2746/2214/1523 881/2217/1525 2745/2215/1524
f 2749/2218/1526 2748/2219/1527 2747/2220/1380
f 2749/2218/1526 882/2221/1528 2748/2219/1527
f 2752/2222/1529 2751/2223/1530 2750/2224/1531
f 2752/2222/1529 2753/2225/1532 2751/2223/1530
f 883/2226/1533 2753/2225/1532 2752/2222/1529
f 2756/2227/1534 2755/2228/1534 2754/2229/1534
f 2756/2227/1534 884/2230/1534 2755/2228/1534
f 2759/2231/1535 2758/2232/1536 2757/2233/1537
f 2759/2231/1535 885/2234/1538 2758/2232/1536
f 2762/2235/1535 2761/2236/1539 2760/2237/1540
f 2762/2235/1535 886/2238/1541 2761/2236/1539
f 2764/2239/1542 887/2240/1543 2763/2241/1544
f 2764/2239/1542 2765/2242/1545 887/2240/1543
f 2767/2243/1546 888/2244/1547 2766/2245/1356
f 2767/2243/1546 2768/2246/1545 888/2244/1547
f 2771/2247/1548 2770/2248/1548 2769/2249/1548
f 2771/2247/1548 2772/2250/1548 2770/2248/1548
f 2775/2251/1549 2774/2252/1550 2773/2253/1313
f 2775/2251/1549 2776/2254/1551 2774/2252/1550
f 2779/2255/1552 2778/2256/1553 2777/2257/1554
f 2779/2255/1552 2780/2258/1545 2778/2256/1553
f 2783/2259/1555 2782/2260/1555 2781/2261/1555
f 2783/2259/1555 2784/2262/1555 2782/2260/1555
f 891/2263/1556 890/2264/1557 889/2265/1558
f 891/2263/1556 892/2266/1559 890/2264/1557
f 893/2267/1560 892/2266/1559 891/2263/1556
f 893/2267/1560 894/2268/1561 892/2266/1559
f 895/2269/1562 894/2268/1561 893/2267/1560
f 895/2269/1562 896/2270/1563 894/2268/1561
f 897/2271/1564 896/2270/1563 895/2269/1562
f 897/2271/1564 898/2272/1565 896/2270/1563
f 899/2273/1566 898/2272/1565 897/2271/1564
f 899/2273/1566 900/2274/1567 898/2272/1565
f 901/2275/1568 900/2274/1567 899/2273/1566
f 901/2275/1568 902/2276/1569 900/2274/1567
f 903/2277/1570 902/2276/1569 901/2275/1568
f 903/2277/1570 904/2278/1571 902/2276/1569
f 905/2279/1572 904/2278/1571 903/2277/1570
f 905/2279/1572 906/2280/1573 904/2278/1571
f 2785/2281/1574 908/2282/1575 907/2283/1576
f 2785/2281/1574 909/2284/1577 908/2282/1575
f 2786/2285/1578 909/2284/1577 2785/2281/1574
f 2786/2285/1578 910/2286/1579 909/2284/1577
f 911/2287/1580 910/2286/1579 2786/2285/1578
f 911/2287/1580 912/2288/1581 910/2286/1579
f 913/2289/1582 912/2288/1581 911/2287/1580
f 913/2289/1582 914/2290/1583 912/2288/1581
f 2789/2291/1584 2788/2292/1585 2787/2293/1586
f 2789/2291/1584 2790/2294/1587 2788/2292/1585
f 2791/2295/1588 2790/2294/1587 2789/2291/1584
f 2791/2295/1588 2792/2296/1589 2790/2294/1587
f 2795/2297/1590 2794/2298/1591 2793/2299/1592
f 2795/2297/1590 2796/2300/1593 2794/2298/1591
f 894/2268/1561 2797/2301/1594 892/2266/1559
f 894/2268/1561 2798/2302/1595 2797/2301/1594
f 896/2270/1563 2798/2302/1595 894/2268/1561
f 896/2270/1563 915/2303/1596 2798/2302/1595
f 898/2272/1565 915/2303/1596 896/2270/1563
f 898/2272/1565 900/2274/1567 915/2303/1596
f 918/2304/1597 917/2305/1598 916/2306/1599
f 918/2304/1597 919/2307/1600 917/2305/1598
f 920/2308/1601 919/2307/1600 918/2304/1597
f 920/2308/1601 921/2309/1602 919/2307/1600
f 924/2310/1603 923/2311/1604 922/2312/1605
f 924/2310/1603 925/2313/1606 923/2311/1604
f 905/2279/1572 925/2313/1606 924/2310/1603
f 905/2279/1572 903/2277/1570 925/2313/1606
f 2801/2314/1607 2800/2315/1608 2799/2316/1465
f 2801/2314/1607 2802/2317/1609 2800/2315/1608
f 2805/2318/1610 2804/2319/1610 2803/2320/1610
f 2805/2318/1610 2806/2321/1610 2804/2319/1610
f 2809/2322/1611 2808/2323/1611 2807/2324/1611
f 2809/2322/1611 2810/2325/1610 2808/2323/1611
f 928/2326/1612 927/2327/1613 926/2328/1614
f 928/2326/1612 929/2329/1615 927/2327/1613
f 930/2330/1616 929/2329/1615 928/2326/1612
f 930/2330/1616 931/2331/1617 929/2329/1615
f 932/2332/1618 931/2331/1617 930/2330/1616
f 932/2332/1618 933/2333/1619 931/2331/1617
f 934/2334/1620 933/2333/1619 932/2332/1618
f 934/2334/1620 935/2335/1621 933/2333/1619
f 936/2336/1622 935/2335/1621 934/2334/1620
f 936/2336/1622 937/2337/1623 935/2335/1621
f 938/2338/1624 937/2337/1623 936/2336/1622
f 938/2338/1624 939/2339/1625 937/2337/1623
f 940/2340/1626 939/2339/1625 938/2338/1624
f 940/2340/1626 941/2341/1627 939/2339/1625
f 2813/2342/1628 2812/2343/1629 2811/2344/1630
f 2813/2342/1628 2814/2345/1631 2812/2343/1629
f 2815/2346/1632 2814/2345/1631 2813/2342/1628
f 2815/2346/1632 2816/2347/1629 2814/2345/1631
f 2817/2348/1633 2816/2347/1629 2815/2346/1632
f 944/2349/1634 943/2350/1635 942/2351/1636
f 944/2349/1634 945/2352/1637 943/2350/1635
f 946/2353/1638 945/2352/1637 944/2349/1634
f 946/2353/1638 947/2354/1639 945/2352/1637
f 950/2355/1640 949/2356/1641 948/2357/1639
f 950/2355/1640 951/2358/1642 949/2356/1641
f 952/2359/1643 951/2358/1642 950/2355/1640
f 952/2359/1643 953/2360/1644 951/2358/1642
f 954/2361/1645 953/2360/1644 952/2359/1643
f 954/2361/1645 955/2362/853 953/2360/1644
f 2819/2363/1646 956/2364/1647 2818/2365/1648
f 2819/2363/1646 957/2366/1649 956/2364/1647
f 2820/2367/1650 957/2366/1649 2819/2363/1646
f 2820/2367/1650 958/2368/1651 957/2366/1649
f 2821/2369/1652 958/2368/1651 2820/2367/1650
f 2821/2369/1652 959/2370/1653 958/2368/1651
f 2822/2371/1654 959/2370/1653 2821/2369/1652
f 2822/2371/1654 960/2372/1655 959/2370/1653
f 2823/2373/1656 960/2372/1655 2822/2371/1654
f 2823/2373/1656 961/2374/1657 960/2372/1655
f 2824/2375/1658 961/2374/1657 2823/2373/1656
f 2824/2375/1658 962/2376/1659 961/2374/1657
f 2825/2377/1660 962/2376/1659 2824/2375/1658
f 2825/2377/1660 963/2378/1661 962/2376/1659
f 966/2379/1662 965/2380/1662 964/2381/1662
f 966/2379/1662 967/2382/1662 965/2380/1662
f 968/2383/1663 2827/2384/1664 2826/2385/1664
f 968/2383/1663 969/2386/1665 2827/2384/1664
f 2828/2387/1666 969/2386/1665 968/2383/1663
f 2828/2387/1666 970/2388/1667 969/2386/1665
f 2829/2389/1668 970/2388/1667 2828/2387/1666
f 2829/2389/1668 971/2390/1669 970/2388/1667
f 972/2391/1670 971/2390/1669 2829/2389/1668
f 972/2391/1670 973/2392/1671 971/2390/1669
f 974/2393/1672 973/2392/1671 972/2391/1670
f 974/2393/1672 975/2394/1672 973/2392/1671
f 978/2395/1662 977/2396/1662 976/2397/1662
f 978/2395/1662 979/2398/1662 977/2396/1662
f 980/2399/1673 2831/2400/1664 2830/2401/1664
f 980/2399/1673 981/2402/1674 2831/2400/1664
f 2832/2403/1675 981/2402/1674 980/2399/1673
f 2832/2403/1675 982/2404/1676 981/2402/1674
f 2833/2405/1677 982/2404/1676 2832/2403/1675
f 2833/2405/1677 983/2406/1678 982/2404/1676
f 984/2407/1679 983/2406/1678 2833/2405/1677
f 984/2407/1679 985/2408/1680 983/2406/1678
f 986/2409/1664 985/2408/1680 984/2407/1679
f 986/2409/1664 987/2410/1664 985/2408/1680
f 2836/2411/202 2835/2412/202 2834/2413/202
f 2836/2411/202 988/2414/202 2835/2412/202
f 2837/2415/202 988/2414/202 2836/2411/202
f 2837/2415/202 2838/2416/202 988/2414/202
f 2841/2417/202 2840/2418/202 2839/2419/202
f 2841/2417/202 989/2420/202 2840/2418/202
f 2842/2421/202 989/2420/202 2841/2417/202
f 2842/2421/202 2843/2422/202 989/2420/202
f 2846/2423/201 2845/2424/201 2844/2425/201
f 2846/2423/201 990/2426/201 2845/2424/201
f 2847/2427/201 990/2426/201 2846/2423/201
f 2847/2427/201 991/2428/201 990/2426/201
f 2850/2429/201 2849/2430/201 2848/2431/201
f 2850/2429/201 992/2432/201 2849/2430/201
f 2851/2433/201 992/2432/201 2850/2429/201
f 2851/2433/201 2852/2434/201 992/2432/201
f 2854/2435/1681 993/2436/1682 2853/2437/1683
f 2854/2435/1681 994/2438/1684 993/2436/1682
f 995/2439/1685 994/2438/1684 2854/2435/1681
f 995/2439/1685 996/2440/1686 994/2438/1684
f 997/2441/1687 996/2440/1686 995/2439/1685
f 997/2441/1687 998/2442/1688 996/2440/1686
f 2856/2443/1689 999/2444/1690 2855/2445/1691
f 2858/2446/1692 1000/2447/1693 2857/2448/1694
f 1001/2449/1695 2860/2450/1693 2859/2451/1696
f 1001/2449/1695 1002/2452/1697 2860/2450/1693
f 1003/2453/1690 2862/2454/1698 2861/2455/1693
f 2864/2456/1690 1004/2457/1699 2863/2458/1698
f 1007/2459/1700 1006/2460/1701 1005/2461/1702
f 1007/2459/1700 1008/2462/1703 1006/2460/1701
f 2867/2463/1704 2866/2464/1705 2865/2465/1706
f 2867/2463/1704 1009/2466/1707 2866/2464/1705
f 2868/2467/1708 1009/2466/1707 2867/2463/1704
f 2870/2468/1709 1010/2469/1710 2869/2470/1711
f 1011/2471/1712 2872/2472/1713 2871/2473/1714
f 1011/2471/1712 1012/2474/1715 2872/2472/1713
f 1013/2475/1716 1012/2474/1715 1011/2471/1712
f 1013/2475/1716 1014/2476/1717 1012/2474/1715
f 1015/2477/1718 2874/2478/1719 2873/2479/1720
f 1015/2477/1718 2875/2480/1721 2874/2478/1719
f 2878/2481/1722 2877/2482/1723 2876/2483/1724
f 2878/2481/1722 1016/2484/1725 2877/2482/1723
f 2879/2485/1726 1016/2484/1725 2878/2481/1722
f 2879/2485/1726 1017/2486/1727 1016/2484/1725
f 2880/2487/1728 1017/2486/1727 2879/2485/1726
f 2880/2487/1728 1018/2488/1729 1017/2486/1727
f 2883/2489/1730 2882/2490/1731 2881/2491/1732
f 2883/2489/1730 1019/2492/1733 2882/2490/1731
f 1020/2493/1734 1019/2492/1733 2883/2489/1730
f 1020/2493/1734 2884/2494/1735 1019/2492/1733
f 1021/2495/1736 2884/2494/1735 1020/2493/1734
f 1021/2495/1736 1022/2496/1737 2884/2494/1735
f 1023/2497/1738 1022/2496/1737 1021/2495/1736
f 1023/2497/1738 2885/2498/1739 1022/2496/1737
f 1026/2499/1740 1025/2500/1741 1024/2501/1742
f 1026/2499/1740 1027/2502/1743 1025/2500/1741
f 1028/2503/1744 1027/2502/1743 1026/2499/1740
f 1028/2503/1744 1029/2504/1745 1027/2502/1743
f 1032/2505/1746 1031/2506/1747 1030/2507/1748
f 1032/2505/1746 1033/2508/1749 1031/2506/1747
f 1034/2509/1750 1033/2508/1749 1032/2505/1746
f 1034/2509/1750 1035/2510/1751 1033/2508/1749
f 1038/2511/1752 1037/2512/1753 1036/2513/1754
f 1038/2511/1752 1039/2514/1755 1037/2512/1753
f 1030/2507/1756 1039/2514/1755 1038/2511/1752
f 1030/2507/1756 2886/2515/1757 1039/2514/1755
f 1042/2516/1758 1041/2517/1759 1040/2518/1760
f 1042/2516/1758 1043/2519/1761 1041/2517/1759
f 1044/2520/1762 1043/2519/1761 1042/2516/1758
f 1044/2520/1762 1045/2521/1763 1043/2519/1761
f 1048/2522/1764 1047/2523/1765 1046/2524/1766
f 1048/2522/1764 1049/2525/1767 1047/2523/1765
f 1040/2518/1768 1049/2525/1767 1048/2522/1764
f 1040/2518/1768 2887/2526/1769 1049/2525/1767
f 1052/2527/1770 1051/2528/1771 1050/2529/1772
f 1052/2527/1770 1053/2530/1773 1051/2528/1771
f 1054/2531/1774 1053/2530/1773 1052/2527/1770
f 1054/2531/1774 1055/2532/1775 1053/2530/1773
f 1058/2533/1776 1057/2534/1777 1056/2535/1778
f 1058/2533/1776 1059/2536/1779 1057/2534/1777
f 1050/2529/1780 1059/2536/1779 1058/2533/1776
f 1050/2529/1780 2888/2537/1781 1059/2536/1779
f 1060/2538/1782 1024/2501/1783 2889/2539/1784
f 1060/2538/1782 1061/2540/1785 1024/2501/1783
f 1062/2541/1786 1061/2540/1785 1060/2538/1782
f 1062/2541/1786 1063/2542/1787 1061/2540/1785
f 1064/2543/1788 1063/2542/1787 1062/2541/1786
f 1064/2543/1788 1065/2544/1789 1063/2542/1787
f 1066/2545/1790 1065/2544/1789 1064/2543/1788
f 1066/2545/1790 1067/2546/1791 1065/2544/1789
f 2892/2547/1792 2891/2548/1792 2890/2549/1793
f 2892/2547/1792 2893/2550/1792 2891/2548/1792
f 2895/2551/1794 1068/2552/1795 2894/2553/1796
f 2895/2551/1794 1069/2554/1793 1068/2552/1795
f 2896/2555/1793 1069/2554/1793 2895/2551/1794
f 2896/2555/1793 1070/2556/1793 1069/2554/1793
f 2897/2557/1793 1070/2556/1793 2896/2555/1793
f 2900/2558/1792 2899/2559/1792 2898/2560/1793
f 2900/2558/1792 2901/2561/1792 2899/2559/1792
f 2904/2562/1792 2903/2563/1792 2902/2564/1793
f 2904/2562/1792 2905/2565/1792 2903/2563/1792
f 1072/2566/1797 1071/2567/1798 925/2313/1606
f 1072/2566/1797 1073/2568/1799 1071/2567/1798
f 1074/2569/1800 1073/2568/1799 1072/2566/1797
f 1074/2569/1800 1075/2570/1801 1073/2568/1799
f 899/2273/1566 1075/2570/1801 1074/2569/1800
f 2906/2571/1802 924/2310/1603 922/2312/1605
f 2906/2571/1802 905/2279/1572 924/2310/1603
f 2909/2572/1803 2908/2573/1803 2907/2574/1803
f 2909/2572/1803 2910/2575/1803 2908/2573/1803
f 2913/2576/1803 2912/2577/1803 2911/2578/1803
f 2913/2576/1803 2914/2579/1803 2912/2577/1803
f 2917/2580/1804 2916/2581/1804 2915/2582/1804
f 2917/2580/1804 2918/2583/1804 2916/2581/1804
f 2921/2584/1804 2920/2585/1804 2919/2586/1804
f 2921/2584/1804 2922/2587/1804 2920/2585/1804
f 2924/2588/1805 1036/2513/1806 2923/2589/1807
f 2924/2588/1805 1076/2590/1808 1036/2513/1806
f 2925/2591/1809 1076/2590/1808 2924/2588/1805
f 2925/2591/1809 1077/2592/1810 1076/2590/1808
f 2901/2561/1792 1078/2593/1792 2899/2559/1792
f 2901/2561/1792 1079/2594/1793 1078/2593/1792
f 1080/2595/1793 1079/2594/1793 2901/2561/1792
f 2927/2596/1811 1046/2524/1812 2926/2597/1813
f 2927/2596/1811 1081/2598/1814 1046/2524/1812
f 2928/2599/1815 1081/2598/1814 2927/2596/1811
f 2928/2599/1815 1082/2600/1816 1081/2598/1814
f 1083/2601/1817 1056/2535/1818 2929/2602/1819
f 1083/2601/1817 1084/2603/1820 1056/2535/1818
f 1085/2604/1821 1084/2603/1820 1083/2601/1817
f 1085/2604/1821 1086/2605/1822 1084/2603/1820
f 2931/2606/1792 1087/2607/1793 2930/2608/1793
f 2931/2606/1792 2905/2565/1792 1087/2607/1793
f 2903/2563/1792 2905/2565/1792 2931/2606/1792
f 1088/2609/1823 2932/2610/1824 1044/2520/1825
f 1088/2609/1823 2933/2611/1826 2932/2610/1824
f 1082/2600/1827 2933/2611/1826 1088/2609/1823
f 1082/2600/1827 2934/2612/1828 2933/2611/1826
f 1089/2613/1829 2935/2614/1830 1054/2531/1831
f 1089/2613/1829 2936/2615/1832 2935/2614/1830
f 1086/2605/1833 2936/2615/1832 1089/2613/1829
f 1086/2605/1833 2937/2616/1834 2936/2615/1832
f 1090/2617/1835 2938/2618/1836 1028/2503/1837
f 1090/2617/1835 1091/2619/1838 2938/2618/1836
f 1092/2620/1839 1091/2619/1838 1090/2617/1835
f 1092/2620/1839 2939/2621/1840 1091/2619/1838
f 2940/2622/1841 2939/2621/1840 1092/2620/1839
f 1093/2623/1842 2941/2624/1843 1034/2509/1844
f 1093/2623/1842 2942/2625/1845 2941/2624/1843
f 1077/2592/1846 2942/2625/1845 1093/2623/1842
f 1077/2592/1846 2943/2626/1847 2942/2625/1845
f 2945/2627/1792 2893/2550/1792 2944/2628/1793
f 2945/2627/1792 2891/2548/1792 2893/2550/1792
f 1096/2629/1848 1095/2630/1848 1094/2631/1848
f 2947/2632/1848 1097/2633/1848 2946/2634/1848
f 1100/2635/1849 1099/2636/1849 1098/2637/1850
f 2949/2638/1851 1101/2639/1852 2948/2640/1851
f 1104/2641/1853 1103/2642/1853 1102/2643/1854
f 2951/2644/1855 1105/2645/1856 2950/2646/1855
f 2953/2647/1857 1106/2648/1857 2952/2649/1858
f 2955/2650/1857 1107/2651/1859 2954/2652/1857
f 2956/2653/1860 1109/2654/1861 1108/2655/1862
f 2956/2653/1860 2957/2656/1863 1109/2654/1861
f 2959/2657/1864 1110/2658/1865 2958/2659/1866
f 2961/2660/1865 1111/2661/1867 2960/2662/1865
f 1113/2663/1868 1112/2664/1869 2962/2665/1870
f 1113/2663/1868 2963/2666/1871 1112/2664/1869
f 2964/2667/1872 2963/2666/1871 1113/2663/1868
f 2967/2668/1873 2966/2669/1873 2965/2670/1873
f 2967/2668/1873 2968/2671/1874 2966/2669/1873
f 2969/2672/1875 2968/2671/1874 2967/2668/1873
f 2969/2672/1875 2970/2673/1876 2968/2671/1874
f 2973/2674/1877 2972/2675/1878 2971/2676/1878
f 2973/2674/1877 2974/2677/1879 2972/2675/1878
f 2975/2678/1880 2974/2677/1879 2973/2674/1877
f 2975/2678/1880 2976/2679/1881 2974/2677/1879
f 2979/2680/1882 2978/2681/1883 2977/2682/1884
f 2979/2680/1882 1114/2683/1885 2978/2681/1883
f 2980/2684/1886 1114/2683/1885 2979/2680/1882
f 2980/2684/1886 1115/2685/1887 1114/2683/1885
f 2981/2686/1888 1115/2685/1887 2980/2684/1886
f 2981/2686/1888 2982/2687/1889 1115/2685/1887
f 1114/2683/1885 1116/2688/1890 2983/2689/1891
f 1114/2683/1885 1117/2690/1892 1116/2688/1890
f 1115/2685/1887 1117/2690/1892 1114/2683/1885
f 1115/2685/1887 2984/2691/1893 1117/2690/1892
f 2982/2687/1889 2984/2691/1893 1115/2685/1887
f 1119/2692/1894 2985/2693/1895 1118/2694/1896
f 1119/2692/1894 2986/2695/1897 2985/2693/1895
f 1120/2696/1898 2986/2695/1897 1119/2692/1894
f 1120/2696/1898 2987/2697/1899 2986/2695/1897
f 1121/2698/1900 2987/2697/1899 1120/2696/1898
f 1121/2698/1900 935/2335/1621 2987/2697/1899
f 1122/2699/1901 935/2335/1621 1121/2698/1900
f 1122/2699/1901 933/2333/1619 935/2335/1621
f 1123/2700/1902 933/2333/1619 1122/2699/1901
f 1123/2700/1902 931/2331/1617 933/2333/1619
f 1124/2701/1903 931/2331/1617 1123/2700/1902
f 1124/2701/1903 929/2329/1615 931/2331/1617
f 2988/2702/1904 929/2329/1615 1124/2701/1903
f 2988/2702/1904 927/2327/1613 929/2329/1615
f 2991/2703/1905 2990/2704/1873 2989/2705/1873
f 2991/2703/1905 1125/2706/1906 2990/2704/1873
f 2992/2707/1907 1125/2706/1906 2991/2703/1905
f 2992/2707/1907 1126/2708/1908 1125/2706/1906
f 2993/2709/1909 1126/2708/1908 2992/2707/1907
f 2993/2709/1909 2994/2710/1910 1126/2708/1908
f 1129/2711/1911 1128/2712/1912 1127/2713/1913
f 1129/2711/1911 1130/2714/1912 1128/2712/1912
f 1131/2715/1914 2996/2716/1915 2995/2717/1913
f 1131/2715/1914 1132/2718/1916 2996/2716/1915
f 1133/2719/1917 1132/2718/1916 1131/2715/1914
f 1133/2719/1917 1134/2720/1917 1132/2718/1916
f 2998/2721/1918 1135/2722/1919 2997/2723/1920
f 2998/2721/1918 1136/2724/1921 1135/2722/1919
f 2999/2725/1922 1136/2724/1921 2998/2721/1918
f 2999/2725/1922 1137/2726/1923 1136/2724/1921
f 3000/2727/1924 1137/2726/1923 2999/2725/1922
f 3000/2727/1924 1138/2728/1925 1137/2726/1923
f 3001/2729/1926 1140/2730/202 1139/2731/202
f 3001/2729/1926 1141/2732/202 1140/2730/202
f 3002/2733/1927 1141/2732/202 3001/2729/1926
f 3002/2733/1927 1142/2734/202 1141/2732/202
f 1143/2735/1928 1142/2734/202 3002/2733/1927
f 1146/2736/202 1145/2737/202 1144/2738/202
f 1146/2736/202 1147/2739/202 1145/2737/202
f 1148/2740/202 1147/2739/202 1146/2736/202
f 3004/2741/1929 1149/2742/1929 3003/2743/1929
f 3004/2741/1929 3005/2744/1929 1149/2742/1929
f 3008/2745/1930 3007/2746/1931 3006/2747/1932
f 3008/2745/1930 1150/2748/1933 3007/2746/1931
f 1152/2749/1934 3009/2750/1935 1151/2751/1936
f 1152/2749/1934 3010/2752/1937 3009/2750/1935
f 1153/2753/1938 3010/2752/1937 1152/2749/1934
f 1153/2753/1938 3011/2754/1939 3010/2752/1937
f 1154/2755/1940 3011/2754/1939 1153/2753/1938
f 1154/2755/1940 3012/2756/1941 3011/2754/1939
f 3013/2757/1942 3012/2756/1941 1154/2755/1940
f 3013/2757/1942 3014/2758/1942 3012/2756/1941
f 3017/2759/1943 3016/2760/1944 3015/2761/1945
f 3017/2759/1943 1155/2762/1946 3016/2760/1944
f 3018/2763/1947 1155/2762/1946 3017/2759/1943
f 3018/2763/1947 1156/2764/1948 1155/2762/1946
f 3021/2765/1949 3020/2766/1950 3019/2767/1950
f 3021/2765/1949 1157/2768/1951 3020/2766/1950
f 3022/2769/1952 1157/2768/1951 3021/2765/1949
f 3022/2769/1952 3023/2770/1953 1157/2768/1951
f 3024/2771/1954 1157/2768/1951 3023/2770/1953
f 3024/2771/1954 3020/2766/1950 1157/2768/1951
f 1160/2772/1955 1159/2773/1955 1158/2774/1956
f 1160/2772/1955 1161/2775/1955 1159/2773/1955
f 1162/2776/1955 1161/2775/1955 1160/2772/1955
f 1165/2777/1957 1164/2778/1957 1163/2779/1957
f 1165/2777/1957 1166/2780/1957 1164/2778/1957
f 1167/2781/1957 1166/2780/1957 1165/2777/1957
f 1167/2781/1957 1168/2782/1957 1166/2780/1957
f 1169/2783/1958 1168/2782/1957 1167/2781/1957
f 1169/2783/1958 1170/2784/1959 1168/2782/1957
f 1171/2785/1960 2964/2667/1872 1113/2663/1868
f 1171/2785/1960 3025/2786/1961 2964/2667/1872
f 1172/2787/1962 3025/2786/1961 1171/2785/1960
f 1172/2787/1962 960/2372/1655 3025/2786/1961
f 1173/2788/1963 960/2372/1655 1172/2787/1962
f 1173/2788/1963 959/2370/1653 960/2372/1655
f 1174/2789/1964 959/2370/1653 1173/2788/1963
f 1174/2789/1964 958/2368/1651 959/2370/1653
f 1175/2790/1965 958/2368/1651 1174/2789/1964
f 1175/2790/1965 957/2366/1649 958/2368/1651
f 3026/2791/1966 957/2366/1649 1175/2790/1965
f 3026/2791/1966 956/2364/1647 957/2366/1649
f 3027/2792/1967 1126/2708/1908 2994/2710/1910
f 3027/2792/1967 1176/2793/1968 1126/2708/1908
f 3028/2794/1969 1176/2793/1968 3027/2792/1967
f 3028/2794/1969 1177/2795/1970 1176/2793/1968
f 3029/2796/1971 1177/2795/1970 3028/2794/1969
f 3029/2796/1971 1178/2797/1972 1177/2795/1970
f 3030/2798/1973 1178/2797/1972 3029/2796/1971
f 3030/2798/1973 1179/2799/1974 1178/2797/1972
f 3031/2800/1975 1179/2799/1974 3030/2798/1973
f 3031/2800/1975 1180/2801/1976 1179/2799/1974
f 3032/2802/1977 1180/2801/1976 3031/2800/1975
f 3032/2802/1977 1181/2803/1978 1180/2801/1976
f 982/2404/1676 1181/2803/1978 3032/2802/1977
f 982/2404/1676 983/2406/1678 1181/2803/1978
f 1177/2795/1970 1182/2804/1979 1176/2793/1968
f 1177/2795/1970 1183/2805/1980 1182/2804/1979
f 1178/2797/1972 1183/2805/1980 1177/2795/1970
f 1178/2797/1972 1184/2806/1981 1183/2805/1980
f 1179/2799/1974 1184/2806/1981 1178/2797/1972
f 1179/2799/1974 1185/2807/1982 1184/2806/1981
f 1180/2801/1976 1185/2807/1982 1179/2799/1974
f 1180/2801/1976 1186/2808/1983 1185/2807/1982
f 1181/2803/1978 1186/2808/1983 1180/2801/1976
f 1181/2803/1978 1187/2809/1984 1186/2808/1983
f 983/2406/1678 1187/2809/1984 1181/2803/1978
f 983/2406/1678 985/2408/1680 1187/2809/1984
f 1188/2810/1985 3034/2811/1986 3033/2812/1987
f 1188/2810/1985 1189/2813/1988 3034/2811/1986
f 1190/2814/1989 3036/2815/1990 3035/2816/1991
f 1190/2814/1989 1191/2817/1992 3036/2815/1990
f 3039/2818/1993 3038/2819/1993 3037/2820/1993
f 3039/2818/1993 3040/2821/1993 3038/2819/1993
f 3043/2822/1994 3042/2823/1994 3041/2824/1994
f 3043/2822/1994 3044/2825/1994 3042/2823/1994
f 1194/2826/1995 1193/2827/1996 1192/2828/1997
f 1194/2826/1995 1195/2829/1998 1193/2827/1996
f 3046/2830/1999 1196/2831/2000 3045/2832/2001
f 3046/2830/1999 1197/2833/2002 1196/2831/2000
f 1198/2834/2003 1197/2833/2002 3046/2830/1999
f 1198/2834/2003 1199/2835/2004 1197/2833/2002
f 1200/2836/2005 1199/2835/2004 1198/2834/2003
f 1200/2836/2005 1201/2837/2006 1199/2835/2004
f 1202/2838/2007 3048/2839/2008 3047/2840/1997
f 1202/2838/2007 3049/2841/2009 3048/2839/2008
f 1203/2842/2010 3049/2841/2009 1202/2838/2007
f 1203/2842/2010 3050/2843/2010 3049/2841/2009
f 1206/2844/2011 1205/2845/2012 1204/2846/2013
f 1206/2844/2011 3051/2847/2014 1205/2845/2012
f 1207/2848/2015 3053/2849/2016 3052/2850/2013
f 1207/2848/2015 1208/2851/2017 3053/2849/2016
f 1209/2852/2018 1208/2851/2017 1207/2848/2015
f 1209/2852/2018 1210/2853/2018 1208/2851/2017
f 3056/2854/2019 3055/2855/2020 3054/2856/2021
f 3056/2854/2019 1211/2857/2022 3055/2855/2020
f 3057/2858/2023 1211/2857/2022 3056/2854/2019
f 3057/2858/2023 1212/2859/2024 1211/2857/2022
f 3058/2860/2025 1212/2859/2024 3057/2858/2023
f 3058/2860/2025 1213/2861/2026 1212/2859/2024
f 1215/2862/2027 1214/2863/2028 3059/2864/2029
f 1215/2862/2027 1216/2865/2030 1214/2863/2028
f 1217/2866/2027 1216/2865/2030 1215/2862/2027
f 1217/2866/2027 1218/2867/2027 1216/2865/2030
f 1219/2868/2027 1218/2867/2027 1217/2866/2027
f 1220/2869/2027 1219/2868/2027 1217/2866/2027
f 1220/2869/2027 1221/2870/2027 1219/2868/2027
f 1222/2871/2031 1221/2870/2027 1220/2869/2027
f 1222/2871/2031 1223/2872/2027 1221/2870/2027
f 1224/2873/2027 1223/2872/2027 1222/2871/2031
f 1225/2874/2032 3061/2875/2033 3060/2876/2033
f 1225/2874/2032 3062/2877/2034 3061/2875/2033
f 3063/2878/2035 3062/2877/2034 1225/2874/2032
f 3063/2878/2035 3064/2879/2036 3062/2877/2034
f 3065/2880/2037 3064/2879/2036 3063/2878/2035
f 3065/2880/2037 3066/2881/2038 3064/2879/2036
f 3067/2882/2039 3066/2881/2038 3065/2880/2037
f 3067/2882/2039 3068/2883/2040 3066/2881/2038
f 3069/2884/2041 3068/2883/2040 3067/2882/2039
f 3069/2884/2041 3070/2885/2042 3068/2883/2040
f 1226/2886/2043 3070/2885/2042 3069/2884/2041
f 1226/2886/2043 3071/2887/2044 3070/2885/2042
f 1229/2888/2045 1228/2889/2046 1227/2890/2047
f 1229/2888/2045 1230/2891/2048 1228/2889/2046
f 1231/2892/2049 1230/2891/2048 1229/2888/2045
f 1233/2893/2050 3072/2894/2051 1232/2895/2052
f 1233/2893/2050 3073/2896/2053 3072/2894/2051
f 1234/2897/2054 3073/2896/2053 1233/2893/2050
f 1234/2897/2054 3074/2898/2055 3073/2896/2053
f 1235/2899/2056 3074/2898/2055 1234/2897/2054
f 3077/2900/201 3076/2901/201 3075/2902/201
f 3077/2900/201 3078/2903/201 3076/2901/201
f 1236/2904/201 3078/2903/201 3077/2900/201
f 1236/2904/201 3079/2905/201 3078/2903/201
f 1237/2906/201 3079/2905/201 1236/2904/201
f 1237/2906/201 3080/2907/201 3079/2905/201
f 3081/2908/2057 3080/2907/201 1237/2906/201
f 3084/2909/2058 3083/2910/2059 3082/2911/2060
f 3084/2909/2058 3085/2912/2061 3083/2910/2059
f 1228/2889/2062 3087/2913/2063 3086/2914/2064
f 1228/2889/2062 1238/2915/2065 3087/2913/2063
f 3088/2916/2066 1238/2915/2065 1228/2889/2062
f 1240/2917/2067 3089/2918/2068 1239/2919/2069
f 1240/2917/2067 3090/2920/2070 3089/2918/2068
f 1241/2921/2071 3092/2922/2072 3091/2923/2073
f 1241/2921/2071 3093/2924/2074 3092/2922/2072
f 3094/2925/2075 3093/2924/2074 1241/2921/2071
f 3094/2925/2075 3095/2926/2076 3093/2924/2074
f 3096/2927/2077 3095/2926/2076 3094/2925/2075
f 3096/2927/2077 1242/2928/2078 3095/2926/2076
f 3097/2929/2079 1242/2928/2078 3096/2927/2077
f 3097/2929/2079 1243/2930/2080 1242/2928/2078
f 3098/2931/2081 1243/2930/2080 3097/2929/2079
f 3098/2931/2081 1244/2932/2082 1243/2930/2080
f 3099/2933/2083 1244/2932/2082 3098/2931/2081
f 3099/2933/2083 1245/2934/2084 1244/2932/2082
f 1246/2935/2085 3100/2936/1955 1196/2831/2086
f 1246/2935/2085 1160/2772/1955 3100/2936/1955
f 1247/2937/1955 1160/2772/1955 1246/2935/2085
f 1247/2937/1955 1248/2938/1955 1160/2772/1955
f 1249/2939/2087 3102/2940/2088 3101/2941/2089
f 1249/2939/2087 3103/2942/2090 3102/2940/2088
f 1250/2943/2091 3103/2942/2090 1249/2939/2087
f 1250/2943/2091 3104/2944/2092 3103/2942/2090
f 1251/2945/2093 3104/2944/2092 1250/2943/2091
f 3107/2946/2094 3106/2947/2095 3105/2948/2096
f 3107/2946/2094 3108/2949/2097 3106/2947/2095
f 3109/2950/2098 3108/2949/2097 3107/2946/2094
f 3111/2951/2099 3110/2952/2100 1252/2953/415
f 3111/2951/2099 3112/2954/2101 3110/2952/2100
f 3113/2955/2101 3112/2954/2101 3111/2951/2099
f 915/2303/1596 906/2280/1573 2798/2302/1595
f 915/2303/1596 904/2278/1571 906/2280/1573
f 900/2274/1567 904/2278/1571 915/2303/1596
f 900/2274/1567 902/2276/1569 904/2278/1571
f 3081/2908/2057 1253/2956/201 3114/2957/2102
f 3081/2908/2057 1237/2906/201 1253/2956/201
f 3117/2958/2103 3116/2959/2104 3115/2960/2105
f 3117/2958/2103 3118/2961/2106 3116/2959/2104
f 3119/2962/2107 3118/2961/2106 3117/2958/2103
f 3119/2962/2107 3120/2963/2108 3118/2961/2106
f 3121/2964/2109 3120/2963/2108 3119/2962/2107
f 3121/2964/2109 3122/2965/2110 3120/2963/2108
f 3123/2966/2111 3122/2965/2110 3121/2964/2109
f 3123/2966/2111 1254/2967/2111 3122/2965/2110
f 3126/2968/461 3125/2969/461 3124/2970/461
f 3126/2968/461 3127/2971/461 3125/2969/461
f 1255/2972/2112 3129/2973/2112 3128/2974/2113
f 1255/2972/2112 3130/2975/2112 3129/2973/2112
f 3131/2976/2112 3130/2975/2112 1255/2972/2112
f 3134/2977/2114 3133/2978/2115 3132/2979/2116
f 3134/2977/2114 3135/2980/2117 3133/2978/2115
f 3136/2981/2118 3135/2980/2117 3134/2977/2114
f 3136/2981/2118 3137/2982/2119 3135/2980/2117
f 1256/2983/2120 3137/2982/2119 3136/2981/2118
f 1256/2983/2120 3138/2984/2121 3137/2982/2119
f 1257/2985/2122 3138/2984/2121 1256/2983/2120
f 1257/2985/2122 3139/2986/2122 3138/2984/2121
f 1162/2776/1955 1248/2938/1955 1258/2987/1955
f 1162/2776/1955 1160/2772/1955 1248/2938/1955
f 3142/2988/2123 3141/2989/2124 3140/2990/2125
f 3142/2988/2123 3143/2991/2126 3141/2989/2124
f 3144/2992/2127 3143/2991/2126 3142/2988/2123
f 3144/2992/2127 1259/2993/2128 3143/2991/2126
f 3145/2994/2129 1259/2993/2128 3144/2992/2127
f 3145/2994/2129 3146/2995/2130 1259/2993/2128
f 3147/2996/2131 3146/2995/2130 3145/2994/2129
f 3147/2996/2131 3148/2997/2132 3146/2995/2130
f 3151/2998/2133 3150/2999/2133 3149/3000/2133
f 3151/2998/2133 3152/3001/2133 3150/2999/2133
f 3155/3002/2134 3154/3003/2134 3153/3004/2135
f 3158/3005/2136 3157/3006/2137 3156/3007/2136
f 3161/3008/2138 3160/3009/2139 3159/3010/2140
f 3161/3008/2138 3162/3011/2141 3160/3009/2139
f 3165/3012/2142 3164/3013/2142 3163/3014/2143
f 3168/3015/2144 3167/3016/2145 3166/3017/2144
f 3171/3018/2146 3170/3019/2147 3169/3020/2148
f 3171/3018/2146 3172/3021/2149 3170/3019/2147
f 3175/3022/2150 3174/3023/2151 3173/3024/2152
f 3175/3022/2150 3176/3025/2153 3174/3023/2151
f 3178/3026/1957 1170/2784/1959 3177/3027/2154
f 3178/3026/1957 1168/2782/1957 1170/2784/1959
f 3179/3028/2112 3131/2976/2112 1255/2972/2112
f 3179/3028/2112 1229/2888/2045 3131/2976/2112
f 1231/2892/2049 1229/2888/2045 3179/3028/2112
f 3182/3029/2155 3181/3030/2156 3180/3031/2156
f 3182/3029/2155 3183/3032/2157 3181/3030/2156
f 3184/3033/2158 3183/3032/2157 3182/3029/2155
f 3184/3033/2158 3185/3034/2158 3183/3032/2157
f 3188/3035/2159 3187/3036/2160 3186/3037/2160
f 3188/3035/2159 3189/3038/2161 3187/3036/2160
f 3190/3039/2162 3189/3038/2161 3188/3035/2159
f 3190/3039/2162 3191/3040/2162 3189/3038/2161
f 3194/3041/2163 3193/3042/2164 3192/3043/2164
f 3194/3041/2163 3195/3044/2165 3193/3042/2164
f 3196/3045/2166 3195/3044/2165 3194/3041/2163
f 3196/3045/2166 3197/3046/2166 3195/3044/2165
f 3200/3047/2167 3199/3048/2167 3198/3049/2167
f 3200/3047/2167 3201/3050/2167 3199/3048/2167
f 1239/2919/2069 3087/2913/2063 1238/2915/2065
f 1239/2919/2069 3089/2918/2068 3087/2913/2063
f 1262/3051/2168 1261/3052/2169 1260/3053/2170
f 1262/3051/2168 1263/3054/2169 1261/3052/2169
f 1264/3055/2171 3203/3056/2172 3202/3057/2170
f 1264/3055/2171 1265/3058/2173 3203/3056/2172
f 1266/3059/2174 1265/3058/2173 1264/3055/2171
f 1266/3059/2174 1267/3060/2175 1265/3058/2173
f 1268/3061/2176 1267/3060/2175 1266/3059/2174
f 1268/3061/2176 1269/3062/2177 1267/3060/2175
f 1270/3063/2178 1269/3062/2177 1268/3061/2176
f 1270/3063/2178 1271/3064/2179 1269/3062/2177
f 1272/3065/2180 3205/3066/201 3204/3067/201
f 1272/3065/2180 3206/3068/2181 3205/3066/201
f 1273/3069/2182 3206/3068/2181 1272/3065/2180
f 1273/3069/2182 3207/3070/2183 3206/3068/2181
f 1274/3071/2184 3207/3070/2183 1273/3069/2182
f 1274/3071/2184 3208/3072/2185 3207/3070/2183
f 3211/3073/2186 3210/3074/2186 3209/3075/2186
f 3211/3073/2186 3212/3076/2186 3210/3074/2186
f 3215/3077/2187 3214/3078/2187 3213/3079/2187
f 3215/3077/2187 3216/3080/2187 3214/3078/2187
f 3219/3081/2188 3218/3082/202 3217/3083/202
f 3219/3081/2188 1275/3084/2189 3218/3082/202
f 1276/3085/2190 1275/3084/2189 3219/3081/2188
f 1279/3086/2191 1278/3087/2192 1277/3088/2192
f 1279/3086/2191 1280/3089/2193 1278/3087/2192
f 1281/3090/2194 1280/3089/2193 1279/3086/2191
f 1281/3090/2194 1282/3091/2195 1280/3089/2193
f 1283/3092/2196 1282/3091/2195 1281/3090/2194
f 1283/3092/2196 1284/3093/2197 1282/3091/2195
f 1286/3094/2198 3220/3095/2199 1285/3096/2200
f 1286/3094/2198 1287/3097/2199 3220/3095/2199
f 3223/3098/2201 3222/3099/2202 3221/3100/2200
f 3223/3098/2201 1288/3101/2203 3222/3099/2202
f 3224/3102/2204 1288/3101/2203 3223/3098/2201
f 3224/3102/2204 1289/3103/2205 1288/3101/2203
f 3225/3104/2206 1289/3103/2205 3224/3102/2204
f 3225/3104/2206 1290/3105/2207 1289/3103/2205
f 3226/3106/2208 1290/3105/2207 3225/3104/2206
f 3226/3106/2208 1291/3107/2209 1290/3105/2207
f 1294/3108/2210 1293/3109/2211 1292/3110/2212
f 1294/3108/2210 1295/3111/2213 1293/3109/2211
f 1296/3112/2214 1295/3111/2213 1294/3108/2210
f 1296/3112/2214 1297/3113/2215 1295/3111/2213
f 1298/3114/2216 1297/3113/2215 1296/3112/2214
f 1298/3114/2216 1299/3115/2217 1297/3113/2215
f 1300/3116/2218 1299/3115/2217 1298/3114/2216
f 1300/3116/2218 1301/3117/2219 1299/3115/2217
f 1303/3118/2220 3227/3119/2221 1302/3120/2221
f 1303/3118/2220 3228/3121/2222 3227/3119/2221
f 1304/3122/2223 3228/3121/2222 1303/3118/2220
f 1304/3122/2223 3229/3123/2224 3228/3121/2222
f 1305/3124/2225 3229/3123/2224 1304/3122/2223
f 1305/3124/2225 3230/3125/2226 3229/3123/2224
f 1306/3126/2227 3232/3127/2228 3231/3128/2229
f 1306/3126/2227 3233/3129/2227 3232/3127/2228
f 3236/3130/2230 3235/3131/2231 3234/3132/2231
f 3236/3130/2230 3237/3133/2232 3235/3131/2231
f 3238/3134/2233 3237/3133/2232 3236/3130/2230
f 3238/3134/2233 3239/3135/2234 3237/3133/2232
f 1307/3136/2235 3239/3135/2234 3238/3134/2233
f 1307/3136/2235 3240/3137/2236 3239/3135/2234
f 3243/3138/2237 3242/3139/2238 3241/3140/2238
f 3243/3138/2237 1308/3141/2239 3242/3139/2238
f 1309/3142/2240 1308/3141/2239 3243/3138/2237
f 3246/3143/2241 3245/3144/2242 3244/3145/2242
f 3246/3143/2241 1310/3146/2243 3245/3144/2242
f 1311/3147/2244 1310/3146/2243 3246/3143/2241
f 3249/3148/2245 3248/3149/2246 3247/3150/2246
f 3249/3148/2245 3250/3151/2247 3248/3149/2246
f 3251/3152/2248 3250/3151/2247 3249/3148/2245
f 3251/3152/2248 3252/3153/2249 3250/3151/2247
f 1312/3154/2250 3252/3153/2249 3251/3152/2248
f 1312/3154/2250 3253/3155/2251 3252/3153/2249
f 3256/3156/2252 3255/3157/2253 3254/3158/2253
f 3256/3156/2252 3257/3159/2254 3255/3157/2253
f 3258/3160/2255 3257/3159/2254 3256/3156/2252
f 3258/3160/2255 3259/3161/2256 3257/3159/2254
f 1313/3162/2257 3259/3161/2256 3258/3160/2255
f 1313/3162/2257 3260/3163/2258 3259/3161/2256
f 3261/3164/2259 1276/3085/2190 3219/3081/2188
f 3261/3164/2259 3262/3165/2260 1276/3085/2190
f 3263/3166/2261 3262/3165/2260 3261/3164/2259
f 3264/3167/2262 1309/3142/2240 3243/3138/2237
f 3264/3167/2262 3265/3168/2263 1309/3142/2240
f 3266/3169/2264 3265/3168/2263 3264/3167/2262
f 3267/3170/2265 1311/3147/2244 3246/3143/2241
f 3267/3170/2265 3268/3171/2266 1311/3147/2244
f 3269/3172/2267 3268/3171/2266 3267/3170/2265
f 1316/3173/2268 1315/3174/2269 1314/3175/2268
f 1316/3173/2268 1317/3176/2270 1315/3174/2269
f 1320/3177/2271 1319/3178/2272 1318/3179/2273
f 1320/3177/2271 1321/3180/2274 1319/3178/2272
f 3270/3181/2275 1323/3182/2276 1322/3183/2277
f 3270/3181/2275 3271/3184/2278 1323/3182/2276
f 1325/3185/2279 3272/3186/2279 1324/3187/2279
f 3275/3188/2279 3274/3189/2279 3273/3190/2279
f 1327/3191/2280 3276/3192/2280 1326/3193/2281
f 3279/3194/2282 3278/3195/2283 3277/3196/2282
f 3280/3197/2284 1329/3198/2284 1328/3199/2285
f 3280/3197/2284 3281/3200/2286 1329/3198/2284
f 3284/3201/2287 3283/3202/2288 3282/3203/2289
f 3284/3201/2287 3285/3204/2288 3283/3202/2288
f 3288/3205/2290 3287/3206/2290 3286/3207/2291
f 3291/3208/2290 3290/3209/2292 3289/3210/2290
f 1332/3211/2293 1331/3212/2293 1330/3213/2293
f 3293/3214/2293 1333/3215/2293 3292/3216/2293
f 3296/3217/2294 3295/3218/2294 3294/3219/2294
f 3296/3217/2294 3297/3220/2294 3295/3218/2294
f 3298/3221/2295 1335/3222/2296 1334/3223/2297
f 3298/3221/2295 3299/3224/2298 1335/3222/2296
f 3302/3225/2299 3301/3226/2299 3300/3227/2299
f 3302/3225/2299 3303/3228/2299 3301/3226/2299
f 1337/3229/2300 3304/3230/2300 1336/3231/2301
f 3307/3232/2300 3306/3233/2302 3305/3234/2300
f 3310/3235/2303 3309/3236/2303 3308/3237/2303
f 3313/3238/2304 3312/3239/2304 3311/3240/2304
f 3316/3241/2305 3315/3242/2305 3314/3243/2305
f 3316/3241/2305 3317/3244/2305 3315/3242/2305
f 1340/3245/2306 1339/3246/2306 1338/3247/2307
f 3319/3248/2308 1341/3249/2309 3318/3250/2308
f 1344/3251/2310 1343/3252/2311 1342/3253/2310
f 1344/3251/2310 1345/3254/2311 1343/3252/2311
f 1346/3255/2312 3321/3256/2313 3320/3257/2312
f 1346/3255/2312 1347/3258/2313 3321/3256/2313
f 3323/3259/2314 1348/3260/2314 3322/3261/2315
f 3325/3262/2314 1349/3263/2316 3324/3264/2314
f 3327/3265/2317 1350/3266/2317 3326/3267/2317
f 3329/3268/2318 1351/3269/2318 3328/3270/2318
f 1352/3271/2319 3331/3272/2320 3330/3273/2321
f 1352/3271/2319 1353/3274/2322 3331/3272/2320
f 1356/3275/2323 1355/3276/2323 1354/3277/2323
f 3333/3278/2323 1357/3279/2323 3332/3280/2323
f 3335/3281/2324 1358/3282/2324 3334/3283/2325
f 3337/3284/2324 1359/3285/2326 3336/3286/2324
f 3340/3287/2327 3339/3288/2328 3338/3289/2329
f 3340/3287/2327 3341/3290/2330 3339/3288/2328
f 3344/3291/2331 3343/3292/2331 3342/3293/2331
f 3347/3294/2331 3346/3295/2331 3345/3296/2331
f 1360/3297/2332 3349/3298/2333 3348/3299/2334
f 1360/3297/2332 1361/3300/2335 3349/3298/2333
f 3352/3301/2336 3351/3302/2336 3350/3303/2336
f 3355/3304/2337 3354/3305/2337 3353/3306/2337
f 1364/3307/2338 1363/3308/2339 1362/3309/2340
f 1364/3307/2338 1365/3310/2341 1363/3308/2339
f 3357/3311/2342 1366/3312/2342 3356/3313/2342
f 3357/3311/2342 1367/3314/2342 1366/3312/2342
f 1368/3315/2343 3359/3316/2344 3358/3317/2345
f 1368/3315/2343 3360/3318/2346 3359/3316/2344
f 1371/3319/2347 1370/3320/2348 1369/3321/2347
f 1371/3319/2347 1372/3322/2349 1370/3320/2348
f 3362/3323/2350 1373/3324/2350 3361/3325/2350
f 3362/3323/2350 1374/3326/2350 1373/3324/2350
f 3365/3327/2351 3364/3328/2352 3363/3329/2353
f 3365/3327/2351 1375/3330/2354 3364/3328/2352
f 1378/3331/2355 1377/3332/2356 1376/3333/2357
f 1378/3331/2355 1379/3334/2358 1377/3332/2356
f 1381/3335/2359 3366/3336/2360 1380/3337/2360
f 1381/3335/2359 3367/3338/2361 3366/3336/2360
f 3370/3339/2362 3369/3340/2362 3368/3341/2362
f 3370/3339/2362 1382/3342/2362 3369/3340/2362
f 3373/3343/2363 3372/3344/2364 3371/3345/2365
f 3373/3343/2363 1383/3346/2366 3372/3344/2364
f 3376/3347/2367 3375/3348/2367 3374/3349/2367
f 3376/3347/2367 3377/3350/2367 3375/3348/2367
f 3380/3351/2368 3379/3352/2368 3378/3353/2368
f 3380/3351/2368 1384/3354/2368 3379/3352/2368
f 3383/3355/2369 3382/3356/2370 3381/3357/2371
f 3383/3355/2369 3384/3358/2372 3382/3356/2370
f 3387/3359/2373 3386/3360/2374 3385/3361/2375
f 3387/3359/2373 1385/3362/2376 3386/3360/2374
f 3390/3363/2377 3389/3364/2377 3388/3365/2377
f 3390/3363/2377 3391/3366/2377 3389/3364/2377
f 3393/3367/2378 3360/3318/2379 3392/3368/2380
f 3393/3367/2378 3394/3369/2378 3360/3318/2379
f 1372/3322/2381 3396/3370/2382 3395/3371/2383
f 1372/3322/2381 3397/3372/2382 3396/3370/2382
f 3399/3373/2384 3398/3374/2385 3367/3338/2361
f 3399/3373/2384 3400/3375/2385 3398/3374/2385
f 1074/2569/1800 901/2275/1568 899/2273/1566
f 1074/2569/1800 1072/2566/1797 901/2275/1568
f 903/2277/1570 1072/2566/1797 925/2313/1606
f 903/2277/1570 901/2275/1568 1072/2566/1797
f 1144/2738/202 1140/2730/202 1141/2732/202
f 1144/2738/202 1145/2737/202 1140/2730/202
f 3402/3376/2386 1017/2486/1727 3401/3377/2387
f 3402/3376/2386 1016/2484/1725 1017/2486/1727
f 3403/3378/2388 1016/2484/1725 3402/3376/2386
f 3403/3378/2388 2877/2482/1723 1016/2484/1725
f 1176/2793/1968 1125/2706/1906 1126/2708/1908
f 1176/2793/1968 1182/2804/1979 1125/2706/1906
f 1386/3379/2389 1116/2688/1890 1117/2690/1892
f 1386/3379/2389 1387/3380/2390 1116/2688/1890
f 1388/3381/2391 1387/3380/2390 1386/3379/2389
f 1388/3381/2391 1389/3382/2392 1387/3380/2390
f 1390/3383/2393 1389/3382/2392 1388/3381/2391
f 1390/3383/2393 1391/3384/2394 1389/3382/2392
f 1392/3385/2395 1391/3384/2394 1390/3383/2393
f 1392/3385/2395 1393/3386/2396 1391/3384/2394
f 1394/3387/2397 1393/3386/2396 1392/3385/2395
f 1394/3387/2397 1395/3388/2398 1393/3386/2396
f 971/2390/1669 1395/3388/2398 1394/3387/2397
f 971/2390/1669 973/2392/1671 1395/3388/2398
f 1389/3382/2392 3404/3389/2399 1387/3380/2390
f 1389/3382/2392 3405/3390/2400 3404/3389/2399
f 1391/3384/2394 3405/3390/2400 1389/3382/2392
f 1391/3384/2394 3406/3391/2401 3405/3390/2400
f 1393/3386/2396 3406/3391/2401 1391/3384/2394
f 1393/3386/2396 3407/3392/2402 3406/3391/2401
f 1395/3388/2398 3407/3392/2402 1393/3386/2396
f 1395/3388/2398 3408/3393/2403 3407/3392/2402
f 3409/3394/2404 3408/3393/2403 1395/3388/2398
f 3409/3394/2404 3410/3395/2405 3408/3393/2403
f 3411/3396/2406 3410/3395/2405 3409/3394/2404
f 3411/3396/2406 3412/3397/2407 3410/3395/2405
f 1116/2688/1890 3412/3397/2407 3411/3396/2406
f 1116/2688/1890 3413/3398/2408 3412/3397/2407
f 1387/3380/2390 3413/3398/2408 1116/2688/1890
f 1387/3380/2390 3404/3389/2399 3413/3398/2408
f 1117/2690/1892 3414/3399/2409 1386/3379/2389
f 1117/2690/1892 2984/2691/1893 3414/3399/2409
f 3415/3400/2410 1386/3379/2389 3414/3399/2409
f 3415/3400/2410 1388/3381/2391 1386/3379/2389
f 1396/3401/2411 1388/3381/2391 3415/3400/2410
f 1396/3401/2411 1390/3383/2393 1388/3381/2391
f 3416/3402/2412 1390/3383/2393 1396/3401/2411
f 3416/3402/2412 1392/3385/2395 1390/3383/2393
f 3417/3403/2413 1392/3385/2395 3416/3402/2412
f 3417/3403/2413 1394/3387/2397 1392/3385/2395
f 970/2388/1667 1394/3387/2397 3417/3403/2413
f 970/2388/1667 971/2390/1669 1394/3387/2397
f 3419/3404/2414 1397/3405/2415 3418/3406/2416
f 3419/3404/2414 3420/3407/2417 1397/3405/2415
f 3422/3408/2418 1397/3405/2415 3421/3409/2419
f 3422/3408/2418 1398/3410/2420 1397/3405/2415
f 1399/3411/2421 1398/3410/2420 3422/3408/2418
f 1399/3411/2421 1400/3412/2422 1398/3410/2420
f 1401/3413/2423 1400/3412/2422 1399/3411/2421
f 1401/3413/2423 1402/3414/2424 1400/3412/2422
f 1403/3415/2425 1402/3414/2424 1401/3413/2423
f 1403/3415/2425 899/2273/2426 1402/3414/2424
f 1404/3416/2427 899/2273/2426 1403/3415/2425
f 1404/3416/2427 1405/3417/2428 899/2273/2426
f 1406/3418/2429 1405/3417/2428 1404/3416/2427
f 1406/3418/2429 1407/3419/2430 1405/3417/2428
f 3423/3420/2431 1407/3419/2430 1406/3418/2429
f 3423/3420/2431 1408/3421/2432 1407/3419/2430
f 3424/3422/2433 1408/3421/2432 3423/3420/2431
f 3424/3422/2433 1409/3423/2434 1408/3421/2432
f 3425/3424/2435 1409/3423/2434 3424/3422/2433
f 3425/3424/2435 3426/3425/2436 1409/3423/2434
f 3428/3426/2437 1409/3423/2434 3427/3427/2438
f 3428/3426/2437 1408/3421/2432 1409/3423/2434
f 3429/3428/2439 1408/3421/2432 3428/3426/2437
f 3429/3428/2439 1407/3419/2430 1408/3421/2432
f 3430/3429/2440 1407/3419/2430 3429/3428/2439
f 3430/3429/2440 1405/3417/2428 1407/3419/2430
f 899/2273/2426 1405/3417/2428 3430/3429/2440
f 1406/3418/2429 3431/3430/2441 3423/3420/2431
f 1406/3418/2429 1410/3431/2442 3431/3430/2441
f 1404/3416/2427 1410/3431/2442 1406/3418/2429
f 1404/3416/2427 1403/3415/2425 1410/3431/2442
f 1410/3431/2442 3422/3408/2418 3431/3430/2441
f 1410/3431/2442 1399/3411/2421 3422/3408/2418
f 1403/3415/2425 1399/3411/2421 1410/3431/2442
f 1403/3415/2425 1401/3413/2423 1399/3411/2421
f 3433/3432/2443 1402/3414/2424 3432/3433/2444
f 3433/3432/2443 1400/3412/2422 1402/3414/2424
f 3434/3434/2445 1400/3412/2422 3433/3432/2443
f 3434/3434/2445 1398/3410/2420 1400/3412/2422
f 3418/3406/2416 1398/3410/2420 3434/3434/2445
f 3418/3406/2416 1397/3405/2415 1398/3410/2420
f 1175/2790/1965 3436/3435/2446 3435/3436/2447
f 1175/2790/1965 3437/3437/2448 3436/3435/2446
f 1174/2789/1964 3437/3437/2448 1175/2790/1965
f 1174/2789/1964 3438/3438/2449 3437/3437/2448
f 1173/2788/1963 3438/3438/2449 1174/2789/1964
f 1173/2788/1963 3439/3439/2450 3438/3438/2449
f 1172/2787/1962 3439/3439/2450 1173/2788/1963
f 1172/2787/1962 3440/3440/2451 3439/3439/2450
f 3441/3441/2452 3440/3440/2451 1172/2787/1962
f 3441/3441/2452 3442/3442/2453 3440/3440/2451
f 3443/3443/2454 3442/3442/2453 3441/3441/2452
f 3443/3443/2454 3444/3444/2455 3442/3442/2453
f 3445/3445/2456 3444/3444/2455 3443/3443/2454
f 3445/3445/2456 3446/3446/2457 3444/3444/2455
f 3447/3447/2458 3446/3446/2457 3445/3445/2456
f 3447/3447/2458 3436/3435/2459 3446/3446/2457
f 1124/2701/1903 3449/3448/2460 3448/3449/2461
f 1124/2701/1903 3450/3450/2462 3449/3448/2460
f 1123/2700/1902 3450/3450/2462 1124/2701/1903
f 1123/2700/1902 3451/3451/2463 3450/3450/2462
f 1122/2699/1901 3451/3451/2463 1123/2700/1902
f 1122/2699/1901 3452/3452/2464 3451/3451/2463
f 1121/2698/1900 3452/3452/2464 1122/2699/1901
f 1121/2698/1900 3453/3453/2465 3452/3452/2464
f 3454/3454/2466 3453/3453/2465 1121/2698/1900
f 3454/3454/2466 3455/3455/2467 3453/3453/2465
f 3456/3456/2468 3455/3455/2467 3454/3454/2466
f 3456/3456/2468 3457/3457/2469 3455/3455/2467
f 3458/3458/2470 3457/3457/2469 3456/3456/2468
f 3458/3458/2470 3459/3459/2471 3457/3457/2469
f 3460/3460/2472 3459/3459/2471 3458/3458/2470
f 3460/3460/2472 3449/3448/1778 3459/3459/2471
f 3462/3461/2473 3461/3462/2474 1187/2809/1984
f 3462/3461/2473 3463/3463/2475 3461/3462/2474
f 3464/3464/2476 3463/3463/2475 3462/3461/2473
f 3464/3464/2476 3465/3465/1844 3463/3463/2475
f 1182/2804/1979 3465/3465/2477 3466/3466/2478
f 1182/2804/1979 3467/3467/2479 3465/3465/2477
f 1183/2805/1980 3467/3467/2479 1182/2804/1979
f 1183/2805/1980 3468/3468/2480 3467/3467/2479
f 1184/2806/1981 3468/3468/2480 1183/2805/1980
f 1184/2806/1981 3469/3469/2481 3468/3468/2480
f 1185/2807/1982 3469/3469/2481 1184/2806/1981
f 1185/2807/1982 3470/3470/2482 3469/3469/2481
f 1186/2808/1983 3470/3470/2482 1185/2807/1982
f 1186/2808/1983 3471/3471/2483 3470/3470/2482
f 1187/2809/1984 3471/3471/2483 1186/2808/1983
f 1187/2809/1984 3461/3462/2474 3471/3471/2483
f 3472/3472/2484 922/2312/1605 923/2311/1604
f 2797/2301/1594 890/2264/1557 892/2266/1559
f 3426/3425/2436 3427/3427/2438 1409/3423/2434
f 3473/3473/1434 2757/2233/1537 2758/2232/1536
f 3474/3474/1434 2760/2237/1540 2761/2236/1539
f 3475/3475/1793 2890/2549/1793 2891/2548/1792
f 3476/3476/1793 2898/2560/1793 2899/2559/1792
f 3477/3477/1793 2902/2564/1793 2903/2563/1792
f 3478/3478/2485 2811/2344/1630 2812/2343/1629
f 3479/3479/1633 942/2351/1636 943/2350/1635
f 3480/3480/2486 2701/2152/1489 862/2154/1491
f 3481/3481/2487 2697/2149/1486 861/2148/1485
f 1071/2567/1798 923/2311/1604 925/2313/1606
f 3482/3482/2064 1227/2890/2047 1228/2889/2046
f 3401/3377/2387 1017/2486/1727 1018/2488/1729
f 3483/3483/2488 3114/2957/2102 1253/2956/201
f 3484/3484/1957 1164/2778/1957 1166/2780/1957
f 3485/3485/1928 1135/2722/1919 1136/2724/1921
f 3486/3486/2489 1196/2831/2000 1197/2833/2002
f 3487/3487/2154 3055/2855/2020 1211/2857/2022
f 3488/3488/202 3217/3083/202 3218/3082/202
f 899/2273/2426 3432/3433/2444 1402/3414/2424
f 3489/3489/2242 3244/3145/2242 3245/3144/2242
f 3490/3490/2238 3241/3140/2238 3242/3139/2238
f 3227/3119/2221 3491/3491/2221 1302/3120/2221
f 1278/3087/2192 3492/3492/2192 1277/3088/2192
f 3205/3066/201 3493/3493/201 3204/3067/201
f 3101/2941/2089 3494/3494/2490 1249/2939/2087
f 1232/2895/2052 3495/3495/2488 1233/2893/2050
f 3107/2946/2094 3496/3496/2491 3109/2950/2098
f 3100/2936/1955 3497/3497/2492 1196/2831/2086
f 3102/2940/2088 3498/3498/2029 3101/2941/2089
f 3072/2894/2051 3499/3499/2493 1232/2895/2052
f 1167/2781/1957 3500/3500/1957 1169/2783/1958
f 2699/2150/1487 3501/3501/2494 861/2148/1485
f 1114/2683/2495 3503/3502/2496 3502/3503/2497
f 3504/3504/2498 1112/2664/2499 2977/2682/1884
f 944/2349/1634 3505/3505/1688 946/2353/1638
f 1065/2544/2500 3506/3506/1791 1092/2620/2501
f 2893/2550/1792 3507/3507/1793 2944/2628/1793
f 2896/2555/1793 3508/3508/2502 2897/2557/1793
f 1397/3405/2415 3420/3407/2417 3421/3409/2419
