# Blender 3.6.9
# www.blender.org
mtllib Wookie.mtl
o Wookie
v 0.742320 4.929707 -0.078287
v 0.598706 4.541397 -0.315424
v 0.677998 4.549697 -0.067765
v 0.664807 4.972096 -0.349215
v 0.670735 5.316980 -0.406424
v 0.712678 5.182998 -0.084512
v 0.485918 4.970316 -0.568269
v 0.531419 4.543026 -0.415762
v 0.490956 5.312830 -0.578940
v 0.630125 5.534700 -0.568861
v 0.473171 5.593094 -0.635259
v 0.676663 5.784139 -0.543961
v 0.490363 5.923010 -0.617177
v 0.711639 6.125612 -0.412795
v 0.502960 6.192453 -0.465410
v 0.623602 6.306725 -0.112374
v 0.740984 6.238695 -0.117709
v 0.198538 5.576199 -0.693951
v 0.212469 5.905077 -0.674534
v -0.110480 5.883586 -0.701953
v -0.110479 5.564045 -0.713218
v 0.313105 5.283189 -0.633037
v 0.195723 5.263623 -0.668755
v 0.313105 5.283189 -0.633037
v -0.110479 5.244504 -0.691135
v 0.206542 4.961868 -0.649489
v 0.201949 4.516943 -0.662383
v 0.444123 4.533541 -0.548262
v -0.110478 4.961573 -0.645042
v -0.110477 4.516200 -0.643709
v 0.205655 4.051713 -0.719000
v 0.345713 4.078392 -0.666385
v -0.110477 4.024740 -0.674834
v 0.152152 3.613603 -0.691730
v -0.110476 3.567361 -0.600137
v 0.092127 3.283838 -0.570347
v 0.331782 3.419895 -0.529589
v 0.452425 3.697194 -0.620885
v 0.060707 3.126883 -0.551673
v -0.002875 3.143483 -0.536555
v -0.110476 3.227221 -0.503208
v 0.077158 3.018542 -0.528404
v 0.017875 2.985639 -0.531072
v -0.064827 3.028323 -0.518178
v -0.110475 2.936434 -0.503653
v -0.067346 2.933766 -0.511360
v 0.503705 3.616569 -0.501132
v 0.569658 3.765224 -0.490609
v 0.682890 3.821691 -0.364482
v 0.657694 4.151014 -0.355885
v 0.749732 3.959823 -0.068211
v 0.715051 3.829693 -0.069693
v 0.738913 4.168204 -0.070285
v 0.598706 4.541397 -0.315424
v 0.677998 4.549697 -0.067765
v 0.695783 4.183767 0.248514
v 0.661546 4.549398 0.084891
v 0.696080 3.986056 0.257703
v 0.459685 4.126409 0.539301
v 0.448717 4.481224 0.549825
v 0.180606 4.046226 0.696848
v 0.185348 4.446394 0.701443
v 0.645688 4.549104 0.246736
v 0.471688 4.888652 0.543156
v 0.690002 4.954903 0.270005
v 0.686148 5.377449 0.332847
v 0.472725 5.335802 0.512181
v 0.638276 5.651635 0.352559
v 0.448122 5.684391 0.467125
v 0.489620 6.023197 0.336849
v 0.643462 5.911151 0.324993
v 0.708378 6.128426 0.164778
v 0.580028 6.218094 0.159294
v 0.338744 4.885242 0.614148
v 0.395507 6.106342 0.357450
v 0.423519 6.281528 0.163296
v 0.413737 6.316357 0.160035
v 0.334296 6.202827 0.435557
v 0.513186 6.371786 -0.110299
v 0.428261 6.429147 -0.080805
v 0.426186 6.390760 0.149809
v 0.255004 6.253664 0.456899
v 0.432263 6.491691 -0.065688
v 0.387355 6.475980 0.153811
v 0.407215 6.565498 -0.035453
v 0.373868 6.571870 0.188788
v 0.371496 6.638415 0.005157
v 0.263600 6.738459 -0.209748
v 0.292056 6.615592 -0.255248
v 0.108128 6.639456 -0.420651
v 0.117317 6.518366 -0.412054
v 0.329257 6.511254 -0.283704
v 0.109165 6.791518 -0.379448
v 0.359639 6.710889 0.256817
v 0.372237 6.869920 0.251926
v 0.259746 6.718450 0.400432
v 0.242701 6.858657 0.390947
v 0.374164 6.906824 0.035540
v 0.257819 6.945210 -0.193592
v 0.112574 6.975447 -0.320756
v 0.355341 7.093865 0.034355
v 0.253521 7.147665 -0.158022
v 0.093306 7.187088 -0.271106
v 0.263451 6.607144 0.368567
v 0.079671 7.351306 -0.176252
v 0.215134 7.332630 -0.066724
v 0.058180 7.486620 0.015236
v 0.204907 7.405403 0.100012
v 0.282570 7.295580 0.049769
v 0.289091 7.277348 0.197385
v 0.332072 7.152259 0.238588
v 0.348523 7.088085 0.126096
v 0.060403 7.499961 0.193828
v 0.186974 7.352788 0.334628
v -0.110482 7.000642 -0.390267
v -0.110481 6.807375 -0.456369
v -0.037562 6.648349 -0.466003
v -0.110483 7.522191 -0.017074
v -0.110483 7.532861 0.225101
v 0.053733 7.395916 0.406954
v 0.050621 7.253340 0.545234
v 0.200016 7.213619 0.455567
v 0.260338 7.172119 0.382203
v -0.110483 7.406587 0.454381
v 0.203425 7.102018 0.475575
v 0.055364 7.123210 0.574134
v 0.123096 7.026282 0.578136
v -0.008663 7.047177 0.636086
v 0.051214 6.976038 0.622895
v -0.021261 6.972627 0.654316
v -0.110483 7.048214 0.651055
v -0.110483 6.959437 0.679659
v 0.110350 6.972034 0.589696
v 0.218839 6.978261 0.516777
v 0.169782 6.959734 0.556349
v 0.153479 6.886814 0.513516
v 0.277827 7.016055 0.391540
v 0.178823 6.842056 0.481058
v 0.198535 6.681249 0.493211
v 0.129766 6.719635 0.567168
v 0.124430 6.808857 0.546567
v 0.062034 6.745423 0.613261
v 0.057736 6.815527 0.586732
v 0.048250 6.674728 0.635048
v 0.112129 6.637674 0.583026
v 0.164447 6.562385 0.544936
v 0.008234 6.688510 0.674323
v 0.009567 6.764838 0.634455
v -0.021260 6.758613 0.650610
v -0.032969 6.741570 0.692850
v -0.035192 6.800557 0.640087
v -0.026151 6.788256 0.694925
v -0.069280 6.812562 0.728716
v -0.070911 6.844428 0.694035
v -0.071504 6.868583 0.674175
v -0.110483 6.872733 0.690775
v -0.110483 6.848281 0.709894
v -0.052681 6.837905 0.630009
v -0.017259 6.825752 0.609408
v -0.032080 6.768988 0.712562
v -0.074616 6.786626 0.754357
v -0.053570 6.757133 0.722195
v -0.082026 6.755054 0.746057
v -0.110483 6.787959 0.766065
v -0.110483 6.747497 0.753764
v -0.088399 6.730749 0.730198
v -0.055348 6.745422 0.699815
v -0.065130 6.694736 0.739239
v -0.032080 6.691177 0.720713
v -0.110482 6.691475 0.756283
v -0.110483 6.726157 0.737313
v -0.110483 6.815527 0.740573
v -0.132566 6.730749 0.730198
v -0.155686 6.694736 0.739239
v -0.165617 6.745422 0.699815
v -0.188737 6.691177 0.720713
v -0.187848 6.741570 0.692850
v -0.167395 6.757133 0.722195
v -0.138791 6.755054 0.746057
v -0.146201 6.786626 0.754357
v -0.188885 6.768988 0.712562
v -0.199705 6.758613 0.650610
v -0.229198 6.688510 0.674323
v -0.230384 6.764837 0.634455
v -0.185773 6.800557 0.640087
v -0.194814 6.788256 0.694924
v -0.151685 6.812562 0.728716
v -0.149906 6.844428 0.694035
v -0.149462 6.868583 0.674175
v -0.168284 6.837905 0.630009
v -0.203558 6.825752 0.609407
v -0.282999 6.745422 0.613261
v -0.269067 6.674727 0.635047
v -0.350582 6.719634 0.567168
v -0.345247 6.808856 0.546566
v -0.399640 6.842055 0.481058
v -0.419351 6.681248 0.493211
v -0.278552 6.815527 0.586731
v -0.332945 6.637673 0.583026
v -0.385411 6.562384 0.544935
v -0.463518 6.858656 0.390946
v -0.374296 6.886814 0.513516
v -0.480710 6.718449 0.400431
v -0.593053 6.869918 0.251925
v -0.580603 6.710888 0.256816
v -0.595128 6.906822 0.035539
v -0.592312 6.638413 0.005156
v -0.594683 6.571869 0.188787
v -0.627882 6.565496 -0.035454
v -0.484563 6.738457 -0.209748
v -0.512871 6.615591 -0.255249
v -0.608318 6.475978 0.153810
v -0.652929 6.491689 -0.065689
v -0.647001 6.390759 0.149808
v -0.329091 6.639455 -0.420651
v -0.338279 6.518365 -0.412055
v -0.550219 6.513920 -0.295414
v -0.330128 6.791517 -0.379448
v -0.576158 7.093863 0.034354
v -0.577640 7.081710 0.126985
v -0.478635 6.945209 -0.193593
v -0.333389 6.975446 -0.320757
v -0.474486 7.147663 -0.158023
v -0.314122 7.187088 -0.271106
v -0.649224 6.429145 -0.080806
v -0.634699 6.316355 0.160034
v -0.734148 6.371784 -0.110300
v -0.644481 6.281527 0.163295
v -0.616469 6.106340 0.357449
v -0.555111 6.202826 0.435556
v -0.476263 6.253512 0.457491
v -0.844564 6.306723 -0.112376
v -0.800842 6.218091 0.159293
v -0.710582 6.023195 0.336848
v -0.929192 6.128423 0.164776
v -0.864424 5.911149 0.324991
v -0.859088 5.651632 0.352558
v -0.668935 5.684389 0.467124
v -0.693685 5.335801 0.512179
v -0.906959 5.377446 0.332845
v -0.692499 4.888650 0.543155
v -0.910812 4.954900 0.270004
v -0.866645 4.549101 0.246734
v -0.669674 4.481222 0.549823
v -0.559555 4.885240 0.615926
v -0.916739 4.183764 0.248512
v -0.680641 4.126408 0.539300
v -0.401562 4.046225 0.696847
v -0.406157 4.446393 0.701442
v -0.416533 5.318607 0.662019
v -0.695906 3.914616 0.515141
v -0.351467 3.677926 0.643788
v -0.688496 3.778411 0.494392
v -0.369103 3.369795 0.549377
v -0.236603 3.290653 0.585985
v -0.110478 3.637315 0.693586
v -0.110477 3.286651 0.588801
v 0.015650 3.290654 0.585986
v 0.130660 3.677927 0.643788
v 0.148149 3.369796 0.549378
v 0.467541 3.778413 0.494393
v 0.474951 3.914618 0.515143
v 0.675924 3.815910 0.261111
v -0.110478 4.029628 0.761467
v -0.031335 4.244679 0.749907
v -0.110479 4.250312 0.771397
v 0.050627 3.210620 0.569979
v 0.043217 3.090126 0.545969
v -0.008953 3.030545 0.563013
v -0.110479 4.457064 0.781031
v 0.182679 4.884799 0.700258
v -0.110480 4.883610 0.762802
v -0.110479 4.250312 0.771397
v -0.403490 4.884798 0.701294
v -0.189474 4.244679 0.749610
v 0.195573 5.318608 0.662020
v 0.184753 5.648672 0.609851
v 0.333259 5.942572 0.460308
v 0.143254 5.820742 0.670172
v 0.118058 5.981697 0.646311
v 0.187865 6.211128 0.510847
v -0.110481 5.952501 0.741017
v -0.110481 6.113309 0.647645
v 0.102496 6.156586 0.581395
v -0.110481 5.775685 0.755393
v -0.047640 5.589534 0.714190
v 0.073150 6.257962 0.514701
v -0.049271 6.232468 0.547603
v 0.209503 6.301091 0.458233
v 0.036246 6.369117 0.549382
v -0.110482 6.222095 0.566574
v -0.110482 6.339179 0.594586
v 0.157037 6.398464 0.469794
v 0.255004 6.253664 0.456899
v -0.044825 6.380677 0.699519
v 0.015052 6.415064 0.672693
v 0.086785 6.506657 0.616077
v 0.110351 6.443373 0.513516
v 0.290426 6.371344 0.359674
v 0.254411 6.454489 0.373606
v 0.263451 6.607144 0.368567
v 0.241072 6.522961 0.468756
v 0.078189 6.558234 0.631935
v 0.327775 6.530817 0.286903
v 0.274123 6.478055 0.370049
v 0.314732 6.427512 0.349448
v 0.383057 6.466495 0.282753
v 0.364679 6.348963 0.355376
v 0.428409 6.374012 0.288681
v 0.390320 6.253514 0.331366
v 0.048102 6.606256 0.638457
v 0.056699 6.524590 0.652833
v 0.008530 6.489018 0.731680
v -0.048975 6.465158 0.771400
v -0.110482 6.456563 0.777181
v -0.110482 6.369860 0.697592
v -0.176139 6.380677 0.699519
v -0.257061 6.369117 0.549382
v -0.171544 6.232467 0.547603
v -0.235867 6.415064 0.672692
v -0.307601 6.506657 0.616076
v -0.331314 6.443373 0.513515
v -0.377852 6.398463 0.469793
v -0.430318 6.301090 0.458232
v -0.293965 6.257961 0.514700
v -0.511389 6.371343 0.359673
v -0.475374 6.454488 0.373605
v -0.484267 6.606995 0.368566
v -0.442175 6.506509 0.468756
v -0.476263 6.253512 0.457491
v -0.409272 6.211127 0.511736
v -0.484415 6.607143 0.368566
v -0.548738 6.530815 0.286902
v -0.494049 6.477163 0.370048
v -0.534510 6.426772 0.349447
v -0.604020 6.466493 0.282752
v -0.584456 6.348071 0.355375
v -0.649224 6.374010 0.288680
v -0.611282 6.253512 0.331365
v -0.339021 5.981696 0.646310
v -0.364216 5.820741 0.670172
v -0.554073 5.942570 0.460307
v -0.405566 5.648671 0.609850
v -0.323311 6.156585 0.581395
v -0.110480 5.327648 0.731678
v 0.182679 4.884799 0.700258
v 0.345710 4.754077 0.660241
v 0.209506 4.748444 0.767545
v 0.347637 4.561403 0.700702
v 0.239592 4.554290 0.800299
v 0.318440 4.355541 0.691217
v 0.233961 4.345313 0.771249
v 0.294283 4.151012 0.766803
v -0.110481 5.578124 0.738348
v -0.110481 5.578124 0.738348
v -0.093585 5.485343 0.774067
v -0.144865 5.467115 0.793334
v -0.094325 5.340986 0.781329
v -0.144865 5.319347 0.798966
v -0.075799 5.211896 0.751390
v -0.110480 5.186848 0.767249
v -0.110480 5.071542 0.819715
v -0.145013 5.211896 0.751390
v -0.195256 5.340985 0.781329
v -0.195998 5.485343 0.774067
v -0.173322 5.589534 0.714042
v 0.478953 4.103883 -0.616439
v 0.452425 3.697194 -0.620885
v 0.345713 4.078392 -0.666385
v 0.267607 3.897279 -0.791178
v 0.345713 4.078392 -0.666385
v 0.343045 3.922475 -0.723150
v 0.347196 3.769224 -0.725818
v 0.300213 3.742843 -0.766280
v 0.350605 3.588260 -0.700474
v 0.189348 6.221947 -0.536106
v 0.456718 6.313245 -0.361515
v 0.349710 6.434482 -0.325648
v 0.131546 6.374605 -0.442734
v 0.329257 6.511254 -0.283704
v -0.110480 6.187416 -0.584423
v -0.110481 6.354596 -0.496386
v -0.110481 6.510363 -0.470746
v -0.110481 6.653683 -0.490161
v 0.386911 6.500731 -0.167508
v -0.352359 6.374604 -0.442735
v -0.410160 6.221946 -0.536107
v -0.426018 6.005562 -0.630665
v -0.570524 6.434480 -0.325649
v -0.677679 6.313243 -0.361516
v -0.550219 6.513920 -0.295414
v -0.723773 6.192451 -0.465411
v -0.932600 6.125609 -0.412797
v -0.711174 5.923008 -0.617178
v -0.897622 5.784136 -0.543963
v -0.693981 5.593092 -0.635260
v -0.850935 5.534698 -0.568862
v -0.711914 5.312828 -0.578941
v -0.891693 5.316978 -0.406425
v -0.885615 4.972094 -0.349217
v -0.963129 4.929704 -0.078289
v -0.819513 4.541395 -0.315425
v -0.899843 4.549695 -0.067767
v -0.933488 5.182995 -0.084514
v -0.706874 4.970315 -0.568270
v -0.752374 4.543025 -0.415763
v -0.961946 6.238692 -0.117711
v -0.419348 5.576198 -0.693951
v -0.433281 5.905076 -0.674535
v -0.534062 5.283188 -0.633038
v -0.416680 5.263622 -0.668756
v -0.416680 5.263622 -0.668756
v -0.427499 4.961867 -0.649489
v -0.422755 4.516943 -0.662384
v -0.665079 4.533540 -0.548263
v -0.699907 4.103881 -0.616440
v -0.426460 4.051712 -0.719001
v -0.673377 3.697192 -0.620886
v -0.790463 3.765222 -0.490610
v -0.373104 3.613602 -0.691731
v -0.313078 3.283837 -0.570348
v -0.520276 3.415151 -0.548560
v -0.673377 3.697192 -0.620886
v -0.724658 3.616567 -0.501134
v -0.903843 3.821689 -0.364484
v -0.281509 3.126883 -0.551673
v -0.217927 3.143482 -0.536555
v -0.298109 3.018542 -0.528404
v -0.238677 2.985639 -0.531072
v -0.156124 3.028323 -0.518178
v -0.153604 2.933766 -0.511360
v -0.878648 4.151011 -0.355887
v -0.970687 3.959820 -0.068212
v -0.935857 3.829691 -0.069695
v -0.959868 4.168201 -0.070287
v -0.819513 4.541395 -0.315425
v -0.899843 4.549695 -0.067767
v -0.882355 4.549396 0.084889
v -0.917035 3.986053 0.257701
v -0.896730 3.815907 0.261110
v -0.998551 4.367248 0.010043
v -0.899843 4.549695 -0.067767
v -0.949197 4.361023 0.099562
v -1.005961 4.224521 0.040722
v -0.974392 4.220076 0.096301
v -0.976171 4.094394 0.056877
v 0.643462 5.911151 0.324993
v 0.864295 5.978884 0.159443
v 0.762920 5.775687 0.347372
v 0.708378 6.128426 0.164778
v 0.638276 5.651635 0.352559
v 0.718605 5.629703 0.358636
v 0.923431 6.093451 -0.103481
v 0.725570 6.185783 0.014345
v 0.740984 6.238695 -0.117709
v 0.876893 5.977254 -0.397381
v 0.711639 6.125612 -0.412795
v 0.686148 5.377449 0.332847
v 0.780261 5.648822 -0.518618
v 0.676663 5.784139 -0.543961
v 0.630125 5.534700 -0.568861
v 0.717421 5.500019 -0.525732
v 0.670735 5.316980 -0.406424
v 1.002427 5.747085 -0.401235
v 0.823539 5.464301 -0.520100
v 1.089130 5.802664 -0.141423
v 1.060525 5.774058 -0.016779
v 1.142783 5.290004 -0.412796
v 1.078015 5.236651 -0.455629
v 1.289215 4.844341 -0.431767
v 0.999168 5.171586 -0.507650
v 1.086316 4.721176 -0.549743
v 1.237933 5.338913 -0.156986
v 1.406152 4.947196 -0.202783
v 1.255127 4.536806 -0.508985
v 1.170944 4.472333 -0.558635
v 1.373694 4.928373 -0.087328
v 1.089130 5.802513 -0.141423
v 0.944627 4.639366 -0.410574
v 0.828727 4.981730 -0.399754
v 0.951296 5.132309 -0.541739
v 0.801011 4.953273 -0.116822
v 0.911428 4.641441 -0.158321
v 0.718310 5.263774 -0.378115
v 0.735354 5.201674 -0.094738
v 0.712678 5.182998 -0.084512
v 1.020956 4.385483 -0.403016
v 1.288475 4.125820 -0.560859
v 1.112994 4.092025 -0.388788
v 1.411341 3.820802 -0.507504
v 1.622985 3.957010 -0.422579
v 1.512716 4.265877 -0.453703
v 1.751630 4.104182 -0.172549
v 1.721840 4.251354 -0.189741
v 1.257055 3.817542 -0.339582
v 1.101138 4.115146 -0.224720
v 1.095209 4.120334 -0.159804
v 1.237343 3.859632 -0.136979
v 1.101138 4.115146 -0.224720
v 0.994278 4.420756 -0.171512
v 1.365988 4.621728 -0.444217
v 1.255127 4.536806 -0.508985
v 1.695755 4.402232 -0.208415
v 1.491225 4.769198 -0.220420
v 1.406152 4.947196 -0.202783
v 1.333973 4.905848 0.055991
v 1.415934 4.736887 0.044875
v 1.175389 4.830705 0.171891
v 1.038591 5.140461 0.192196
v 1.172572 5.266143 0.088894
v 0.857627 4.999070 0.139878
v 0.987015 4.718953 0.062215
v 1.254089 4.661894 0.167741
v 1.069420 4.530727 0.045764
v 0.887268 5.503871 0.290015
v 0.766181 5.299341 0.190417
v 1.018434 5.724854 0.171299
v 1.601048 4.398968 0.055546
v 1.392369 4.341909 0.186119
v 1.171833 4.232677 0.049172
v 0.994278 4.420756 -0.171512
v 1.095209 4.120334 -0.159804
v 0.945961 4.677159 -0.059761
v 0.712678 5.182998 -0.084512
v 0.735354 5.201674 -0.094738
v 0.801011 4.953273 -0.116822
v 0.945961 4.677159 -0.059761
v 0.911428 4.641441 -0.158321
v 1.486927 4.065052 0.221540
v 1.615129 4.101363 0.145213
v 1.300628 3.964419 0.044578
v 1.525907 3.929440 0.264373
v 1.341237 3.833995 0.055842
v 1.237343 3.859632 -0.136979
v 1.297664 3.732619 -0.123641
v 1.729695 3.927071 0.249700
v 1.633507 3.904987 0.256073
v 1.736217 3.734249 0.297572
v 1.784385 3.745217 0.294460
v 1.856563 3.563364 0.341442
v 1.381995 3.703718 0.067105
v 1.564886 3.793976 0.303204
v 1.748073 3.810724 0.188193
v 1.706575 3.972275 0.150400
v 1.849004 3.767003 -0.134163
v 1.790906 3.956120 -0.153430
v 1.664927 4.116482 0.112755
v 1.615129 4.101363 0.145213
v 1.672635 3.809095 -0.403608
v 1.471515 3.676743 -0.493572
v 1.692198 4.241571 -0.078732
v 1.722137 3.634949 -0.384638
v 1.531540 3.532683 -0.479789
v 1.320785 3.686970 -0.310385
v 1.297664 3.732619 -0.123641
v 1.358134 3.605602 -0.110302
v 1.384664 3.556396 -0.281336
v 1.818919 3.447316 -0.350402
v 1.587564 3.321486 -0.452370
v 1.366582 3.426563 -0.084069
v 1.414751 3.353202 -0.261921
v 1.942229 3.589153 -0.095036
v 1.836406 3.638948 0.207609
v 1.583116 3.648878 0.316542
v 1.487669 3.657179 0.211610
v 1.388813 3.559213 0.098822
v 1.358134 3.605602 -0.110302
v 1.366582 3.426563 -0.084069
v 1.470329 3.433976 0.208349
v 1.399929 3.375284 0.150399
v 1.515089 3.002092 0.143729
v 1.436093 3.153859 0.077331
v 1.376661 3.211068 -0.052501
v 1.581191 2.750432 0.125795
v 1.510198 2.949922 0.026643
v 1.430165 3.106432 -0.020784
v 1.554808 3.446722 0.280083
v 1.587859 3.474287 0.334327
v 1.682566 3.086868 0.356114
v 1.685233 3.298806 0.355966
v 1.642104 3.501857 0.346036
v 1.893468 3.470730 0.226727
v 1.912883 3.301920 0.338033
v 1.997363 3.261015 0.203755
v 2.015444 3.404481 -0.059169
v 2.044791 3.165421 -0.007889
v 2.049830 3.108063 -0.120084
v 1.899545 3.262498 -0.321797
v 1.978986 3.053967 -0.263847
v 1.855379 3.023287 -0.347734
v 1.630545 3.159492 -0.431473
v 1.702723 2.990977 -0.414281
v 1.638548 2.978083 -0.371004
v 1.528280 3.004761 -0.265330
v 1.437724 3.172089 -0.247100
v 1.507975 3.025361 -0.194930
v 1.454619 3.053077 -0.124234
v 1.376661 3.211068 -0.052501
v 1.430165 3.106432 -0.020784
v 1.892728 2.785707 -0.328616
v 1.974836 2.855070 -0.314535
v 1.919851 2.648465 -0.246952
v 1.960905 2.683146 -0.239838
v 1.984322 2.727608 -0.198636
v 2.021818 2.944144 -0.232131
v 1.913330 2.510777 -0.141131
v 2.068208 2.915242 -0.153135
v 2.042717 2.714566 -0.118899
v 2.065985 2.700042 -0.079327
v 2.061984 2.661804 -0.035160
v 2.060353 2.838766 -0.064654
v 2.032935 2.484396 0.022345
v 2.080361 2.940883 0.028422
v 2.059612 2.714862 0.089040
v 2.064206 2.981936 0.131132
v 2.051609 2.735316 0.140469
v 2.049682 2.663878 0.042502
v 2.008035 2.488398 0.177669
v 2.039455 2.997498 0.172927
v 2.002254 3.117104 0.256369
v 2.031155 2.855810 0.274895
v 0.725570 6.185783 0.014345
v 0.396551 2.637347 -0.475642
v 0.700380 3.035290 -0.354405
v 0.348827 2.998830 -0.513879
v 0.705272 2.648315 -0.295270
v 0.770483 3.002832 -0.086293
v 0.783378 2.649945 -0.102449
v 0.736396 2.195830 -0.200713
v 0.531571 2.179527 -0.330841
v 0.458504 1.845610 -0.525737
v 0.771522 1.919419 -0.243249
v 0.331782 3.419895 -0.529589
v 0.677259 3.422416 -0.342251
v 0.022765 3.070267 -0.357666
v 0.032547 2.902938 -0.352627
v -0.036816 3.057817 0.083554
v -0.041558 2.863069 0.039832
v 0.099983 2.609631 -0.310240
v 0.210696 2.620006 -0.369968
v 0.025433 2.553163 0.054504
v 0.711793 2.282088 0.249697
v 0.720981 2.641200 0.261999
v 0.536460 2.269638 0.485202
v 0.528901 2.622969 0.516771
v 0.703789 3.012317 0.277710
v 0.491255 2.999423 0.544042
v 0.471987 3.472508 0.530556
v 0.696526 3.444940 0.293421
v 0.287763 2.960146 0.549378
v 0.302289 2.250963 0.494836
v 0.255751 2.616744 0.513066
v 0.053000 2.585768 0.333435
v 0.079234 2.246220 0.278449
v 0.004387 2.862920 0.382789
v 0.197948 2.942806 0.551749
v 0.025433 2.553163 0.054504
v 0.051222 2.173894 0.040572
v -0.004062 3.090719 0.385902
v -0.036816 3.057817 0.083554
v -0.041558 2.863069 0.039832
v 0.150817 3.275240 0.544931
v 0.287763 2.960146 0.549378
v 0.070934 2.051472 0.222574
v -0.011769 3.190168 0.414655
v 0.148149 3.369796 0.549378
v 0.467541 3.778413 0.494393
v 0.303920 2.029093 0.451558
v 0.309107 1.838050 0.391977
v 0.161787 1.833901 0.181223
v 0.312962 1.469156 0.311203
v 0.556766 1.865766 0.381899
v 0.613531 1.492426 0.322319
v 0.825916 1.533925 0.126682
v 0.752403 1.895853 0.185966
v 0.732246 2.105570 0.239174
v 0.546243 2.053548 0.441925
v 0.302289 2.250963 0.494836
v 0.763371 1.905635 -0.031309
v 0.832289 1.510360 -0.277190
v 0.771522 1.919419 -0.243249
v 0.480291 1.467379 -0.553157
v 0.121919 1.832568 -0.293789
v 0.384399 2.165150 -0.366412
v 0.144743 2.129728 -0.244139
v 0.065155 1.831233 0.044425
v 0.051222 2.173894 0.040572
v 0.099983 2.609631 -0.310240
v 0.128293 1.419062 -0.287862
v 0.065155 1.831233 0.044425
v 0.095835 1.470194 0.015079
v 0.184613 1.044240 -0.292901
v 0.427233 1.045129 -0.505285
v 0.596340 1.068102 -0.482609
v 0.153193 1.063951 0.009002
v 0.202103 0.670306 -0.326990
v 0.169200 0.659635 -0.017528
v 0.147117 0.467407 -0.046726
v 0.171868 0.452290 -0.382421
v 0.398333 0.437766 -0.582059
v 0.517790 0.674160 -0.543820
v 0.640211 0.432431 -0.601771
v 0.596340 1.068102 -0.482609
v 0.114067 0.093474 -0.492245
v 0.317559 0.122968 -0.697959
v 0.289845 0.003363 -0.841131
v 0.010617 0.017442 -0.535819
v 0.057895 0.117039 -0.047319
v -0.027029 0.019220 -0.028200
v 0.822954 0.700542 -0.369970
v 0.882386 0.473633 -0.405689
v 0.924181 0.491122 -0.034868
v 0.854225 0.700986 -0.040944
v 0.829474 0.517058 0.204491
v 0.767374 0.709137 0.175145
v 0.613532 1.079069 0.272964
v 0.794941 1.121606 0.016562
v 0.853337 0.304969 0.243914
v 0.990876 0.118670 -0.005523
v 0.966125 0.077469 -0.468827
v 0.899134 0.179732 0.264071
v 0.501485 1.068545 0.269555
v 0.973980 0.010329 0.271926
v 0.879421 0.010476 0.649416
v 0.847852 0.121041 0.644080
v 0.754776 0.155425 0.833641
v 0.781010 0.031818 0.826378
v 0.678893 0.394488 0.569679
v 0.558695 0.045156 0.907004
v 0.547283 0.170245 0.909524
v 0.363206 0.390189 0.563158
v 0.343791 0.482968 0.476455
v 0.686303 0.473039 0.480754
v 0.686303 0.556184 0.379230
v 0.339937 0.562409 0.363816
v 0.654735 0.719660 0.304088
v 0.350608 0.706617 0.291193
v 0.169497 0.199888 0.235465
v 0.204918 0.144457 0.702178
v 0.123700 0.015070 0.263477
v 0.198546 0.014477 0.710033
v 0.327784 0.046194 0.860318
v 0.315483 0.172765 0.858688
v 0.057895 0.117039 -0.047319
v 0.185948 0.327052 0.245544
v 0.147117 0.467407 -0.046726
v 0.214552 0.502828 0.197524
v 0.169200 0.659635 -0.017528
v 0.259904 0.683052 0.151431
v 0.347199 1.054317 0.266591
v 0.153193 1.063951 0.009002
v 0.095835 1.470194 0.015079
v -0.027029 0.019220 -0.028200
v 0.407669 0.871575 0.307200
v 0.524754 0.881060 0.369745
v 0.435977 0.666008 0.331358
v 0.533499 0.670899 0.385010
v 0.444129 0.544031 0.498242
v 0.065155 1.831233 0.044425
v 0.501485 1.068545 0.269555
v 0.065155 1.831233 0.044425
v 0.104430 1.664348 0.168032
v 0.161787 1.833901 0.181223
v 0.020544 1.664497 0.072288
v 0.103542 1.414022 0.158694
v 0.028251 1.416986 0.089332
v 0.133629 1.212309 0.104894
v 0.097021 1.212012 0.070065
v 0.082793 1.050908 0.067989
v -0.011769 3.190168 0.414655
v -0.036816 3.057817 0.083554
v -0.110476 3.063300 0.101191
v -0.110477 3.219365 0.425771
v -0.110476 3.104651 -0.331878
v 0.022765 3.070267 -0.357666
v -0.110476 3.227221 -0.503208
v 0.092127 3.283838 -0.570347
v 0.331782 3.419895 -0.529589
v 0.015650 3.290654 0.585986
v 0.148149 3.369796 0.549378
v -0.110477 3.286651 0.588801
v -0.209036 3.190168 0.414655
v -0.184136 3.057816 0.083554
v -0.243716 3.070266 -0.357667
v -0.313078 3.283837 -0.570348
v -0.520276 3.415151 -0.548560
v -0.236603 3.290653 0.585985
v -0.369103 3.369795 0.549377
v 0.758626 3.438718 -0.072065
v 0.682890 3.821691 -0.364482
v 0.715051 3.829693 -0.069693
v 0.720832 3.443461 0.146100
v 0.720832 3.443461 0.146100
v 0.503705 3.616569 -0.501132
v 0.675924 3.815910 0.261111
v -0.021409 6.851688 0.586139
v 0.046472 6.838796 0.569687
v 0.111832 6.854801 0.533821
v -0.054459 6.870066 0.585546
v -0.070466 6.908455 0.664393
v -0.110483 6.908897 0.681437
v 0.095084 6.886075 0.568650
v 0.122948 6.912010 0.566872
v 0.067221 6.924314 0.603480
v 0.026463 6.931427 0.622302
v -0.013850 6.929350 0.648239
v 0.049139 6.909788 0.597996
v -0.007773 6.911716 0.609704
v 0.017571 6.913939 0.598737
v 0.040247 6.898968 0.580211
v 0.070630 6.880294 0.553681
v -0.048531 6.889927 0.569687
v -0.035488 6.884592 0.562129
v -0.011034 6.858359 0.578135
v -0.029115 6.881777 0.558423
v -0.003772 6.863399 0.575023
v 0.035949 6.850356 0.566427
v 0.075965 6.857914 0.540638
v 0.043063 6.860434 0.554422
v 0.029576 6.859841 0.568650
v 0.040099 6.861174 0.547456
v 0.025426 6.861917 0.563166
v -0.000511 6.865029 0.570132
v -0.015036 6.896153 0.574282
v -0.011923 6.892892 0.567613
v 0.008530 6.902673 0.575171
v 0.008530 6.904008 0.580211
v -0.022594 6.879110 0.554718
v 0.037579 6.894077 0.572355
v 0.034170 6.893040 0.564945
v 0.056698 6.878220 0.546122
v 0.050918 6.876144 0.535599
v 0.047657 6.867696 0.538712
v 0.053734 6.868289 0.545974
v 1.066306 5.273259 0.163295
v 1.142930 5.354624 0.102974
v 1.226521 5.215457 0.170409
v 1.160123 5.134534 0.164036
v 1.312483 5.079103 0.144621
v 1.275282 4.999070 0.145658
v 1.418750 4.916518 -0.000773
v 1.066306 5.273259 0.163295
v 1.406152 4.947196 -0.202783
v 1.490187 4.783279 -0.135496
v 1.538355 4.825665 -0.234055
v 1.596306 4.626176 -0.215529
v 1.629653 4.657300 -0.285336
v 1.631135 4.455884 -0.303418
v 1.162197 5.646154 -0.083029
v 1.200880 5.675055 -0.174622
v 1.230374 5.509357 -0.135495
v 1.264166 5.537070 -0.198336
v 1.263277 5.327949 -0.214491
v 0.794348 1.112862 -0.295124
v 0.794348 1.120717 -0.132538
v 0.498226 0.729146 -0.556715
v 0.631022 0.736113 -0.607699
v 0.626576 0.454366 -0.667279
v 0.565217 0.412867 -0.647271
v 0.685713 0.156909 -0.764209
v 1.071947 0.012256 -0.004337
v 1.066019 0.010774 -0.491651
v 0.716096 -0.001231 -0.852245
v 0.686750 0.127860 -0.723600
v 0.541505 0.000696 -0.847651
v 0.477033 0.125044 -0.709075
v 0.405152 0.002178 -0.844095
v -0.110482 7.210062 -0.318978
v -0.110483 7.363757 -0.223975
v -0.183252 6.648348 -0.465707
v -0.300487 7.351306 -0.176252
v -0.435951 7.332629 -0.066725
v -0.278998 7.486619 0.015235
v -0.425725 7.405402 0.100011
v -0.503387 7.295579 0.049768
v -0.281221 7.499960 0.193828
v -0.407792 7.352787 0.334627
v -0.274551 7.395916 0.406954
v -0.271439 7.253339 0.545233
v -0.420982 7.213618 0.455566
v -0.481304 7.172118 0.382202
v -0.510056 7.277347 0.197385
v -0.552889 7.152257 0.238587
v -0.579863 7.062888 0.248368
v -0.577640 7.081710 0.126985
v -0.498644 7.016054 0.391539
v -0.439805 6.978259 0.516776
v -0.424243 7.102017 0.475574
v -0.344061 7.026282 0.578135
v -0.331167 6.972034 0.589696
v -0.272031 6.976037 0.622895
v -0.212155 7.047177 0.636086
v -0.199557 6.972627 0.654315
v -0.390599 6.959733 0.556348
v -0.276330 7.123209 0.574134
v -0.110483 7.123802 0.619635
v -0.110483 7.248597 0.595773
v -0.343765 6.912010 0.566871
v -0.288038 6.924313 0.603479
v -0.247280 6.931426 0.622302
v -0.207116 6.929350 0.648239
v -0.150499 6.908455 0.664393
v -0.166358 6.870066 0.585546
v -0.199408 6.851688 0.586139
v -0.267437 6.838796 0.569687
v -0.332649 6.854801 0.533820
v -0.315901 6.886074 0.568650
v -0.269956 6.909788 0.597995
v -0.172434 6.889927 0.569687
v -0.185329 6.884592 0.562129
v -0.209931 6.858358 0.578135
v -0.213192 6.911716 0.609704
v -0.238388 6.913938 0.598736
v -0.261212 6.898967 0.580210
v -0.291447 6.880294 0.553681
v -0.191850 6.881777 0.558423
v -0.217194 6.863399 0.575023
v -0.296782 6.857913 0.540638
v -0.256766 6.850356 0.566427
v -0.263880 6.860433 0.554422
v -0.250393 6.859841 0.568650
v -0.261064 6.861173 0.547456
v -0.246243 6.861916 0.563166
v -0.220306 6.865029 0.570132
v -0.274551 6.868289 0.545974
v -0.198223 6.879109 0.554718
v -0.209042 6.892892 0.567612
v -0.205782 6.896152 0.574282
v -0.229347 6.902672 0.575171
v -0.229347 6.904007 0.580210
v -0.258396 6.894077 0.572355
v -0.254987 6.893040 0.564945
v -0.277515 6.878219 0.546122
v -0.271735 6.876144 0.535599
v -0.268474 6.867696 0.538711
v 1.692198 4.241571 -0.078732
v 1.773269 4.102847 -0.137720
v 1.812248 4.104624 -0.228276
v 1.849894 3.881125 -0.250656
v 1.844558 3.872231 -0.177588
v 1.881463 3.689491 -0.224868
v 1.880574 3.660885 -0.289487
v 1.929483 3.456801 -0.458150
v 0.876307 1.806483 -0.210495
v 0.810946 1.795664 -0.041091
v 0.912174 1.672947 -0.165587
v 0.847406 1.662719 -0.028493
v 0.892759 1.461896 -0.169886
v 0.853187 1.466786 -0.085110
v 0.890091 1.273225 -0.188857
v 0.487700 2.055029 0.512769
v 0.358016 2.036207 0.571608
v 0.452278 1.846943 0.503135
v 0.380545 1.838050 0.536482
v 0.425008 1.650861 0.445481
v 0.358009 7.068077 0.248369
v 0.348523 7.088085 0.126096
v 0.401583 7.004200 0.069184
v 0.385427 6.951733 0.154108
v 0.425000 6.864439 -0.004773
v 0.406474 6.817454 0.051843
v 0.359195 6.671024 -0.057240
v 0.777595 4.367251 0.010045
v 0.728241 4.361026 0.099564
v 0.785006 4.224524 0.040724
v 0.753585 4.220078 0.096303
v 0.755364 4.094397 0.056879
v 0.677998 4.549697 -0.067765
v -0.068830 3.084197 0.574870
v -0.110476 2.941471 0.551452
v -0.059196 2.954958 0.551601
v -0.151975 3.084197 0.574869
v -0.211852 3.030545 0.563013
v -0.271432 3.210620 0.569978
v -0.264022 3.090125 0.545969
v -0.161609 2.954958 0.551600
v 0.198546 0.014477 0.710033
v 0.781010 0.031818 0.826378
v 0.879421 0.010476 0.649416
v 0.558695 0.045156 0.907004
v 0.327784 0.046194 0.860318
v 0.123700 0.015070 0.263477
v 0.973980 0.010329 0.271926
v 0.946265 0.012997 -0.017380
v 0.145339 0.018183 -0.024643
v 0.898393 0.012256 -0.346109
v 0.170387 0.017294 -0.329659
v 0.727508 0.012849 -0.572426
v 0.311631 0.015516 -0.545748
v 0.169497 0.199888 0.235465
v 0.114067 0.093474 -0.492245
v 0.398333 0.437766 -0.582059
v 0.640211 0.432431 -0.601771
v 0.057895 0.117039 -0.047319
v 0.966125 0.077469 -0.468827
v 0.640211 0.432431 -0.601771
v 0.899134 0.179732 0.264071
v 0.990876 0.118670 -0.005523
v 0.966125 0.077469 -0.468827
v 1.642104 3.499781 0.344999
v 1.721544 3.387735 0.360116
v 1.772232 3.406706 0.357745
v 1.780087 3.218626 0.394352
v 1.820400 3.232411 0.381606
v 1.865160 2.786595 0.427254
v 0.379804 1.924754 -0.574054
v 0.452872 1.745569 -0.560863
v 0.481032 1.922087 -0.531073
v 0.377878 1.752090 -0.596582
v 0.385289 1.619442 -0.659571
v 0.368392 2.088082 -0.468528
v 0.490517 2.089415 -0.418285
v 0.384399 2.165150 -0.366412
v 0.091091 2.484394 -0.380936
v 0.190688 2.483653 -0.388791
v 0.101762 2.301947 -0.404205
v 0.175126 2.290239 -0.407466
v 0.140149 2.138028 -0.363300
v 0.300804 4.777052 -0.714256
v 0.220326 5.011815 -0.776059
v 0.240780 4.778682 -0.751605
v 0.335781 5.044421 -0.701510
v 0.195723 5.263623 -0.668755
v 0.229516 4.528949 -0.671128
v 0.785897 2.748801 0.041908
v 0.836289 2.788225 -0.094742
v 0.888014 2.572283 -0.047315
v 0.802200 2.966373 0.064288
v 0.861929 2.988752 -0.081403
v 0.777745 3.253603 0.071254
v 0.846959 3.258791 -0.083773
v 0.720832 3.443461 0.146100
v 0.399662 2.722714 0.559159
v 0.491255 2.999423 0.544042
v 0.541795 2.730718 0.616665
v 0.287763 2.960146 0.549378
v 0.530383 2.520260 0.584651
v 0.441606 2.480836 0.553231
v 0.480437 2.256595 0.593840
v 0.474805 2.274232 0.595470
v -0.071799 6.160882 0.635640
v -0.129749 6.152141 0.674026
v -0.057867 6.020528 0.719082
v -0.101885 6.011043 0.755393
v -0.065425 5.892922 0.745463
v -0.095216 5.888176 0.773178
v -0.110481 5.780280 0.845208
v -0.202964 6.166218 0.678028
v -0.158798 6.020528 0.756727
v -0.135973 5.892922 0.771696
v -0.110482 6.222095 0.566574
v 0.287907 6.048690 0.552050
v 0.381131 6.027347 0.506698
v 0.288055 6.003486 0.524038
v 0.392987 6.084854 0.530856
v 0.251595 6.128278 0.548789
v 0.357120 6.202827 0.518703
v 0.187865 6.211128 0.510847
v 0.405585 5.969843 0.504771
v 0.327330 5.962282 0.548789
v 0.427076 5.876616 0.607776
v 0.395211 5.849198 0.626747
v 0.433004 5.734930 0.604071
v 1.004948 4.619358 0.064290
v 0.987015 4.718953 0.062215
v 0.936327 4.571188 -0.042866
v 1.018436 4.450695 0.014343
v 0.977234 4.420609 -0.052648
v 0.995760 4.271361 -0.063467
v 0.851104 6.119684 0.019088
v 1.007762 6.088116 -0.108669
v 0.970413 6.019493 0.002489
v 0.889342 6.194234 -0.106149
v 0.740984 6.238695 -0.117709
v 1.065564 5.960062 -0.127936
v 1.052225 5.916340 -0.060945
v 1.144264 5.893665 -0.145128
v 1.110918 5.065468 -0.530326
v 0.999168 5.171586 -0.507650
v 1.068382 5.038050 -0.593612
v 1.137300 4.869979 -0.561154
v 1.097876 4.880207 -0.603987
v 1.112697 4.650776 -0.585906
v -0.059197 3.813983 0.734493
v -0.110478 3.637315 0.744126
v -0.112553 3.811908 0.774805
v -0.097139 4.029628 0.809191
v -0.028222 4.034370 0.757614
v -0.110479 4.250312 0.771397
v -0.178062 3.813983 0.788144
v -0.181322 4.034369 0.826679
v -0.110481 6.653683 -0.490161
v -0.041267 6.512141 -0.512541
v -0.108406 6.510364 -0.545592
v -0.052382 6.357856 -0.515802
v -0.109443 6.354596 -0.541442
v -0.110480 6.236472 -0.613472
v -0.171246 6.357856 -0.550186
v -0.182955 6.512141 -0.553447
v -0.110481 6.650865 -0.490754
v 1.372658 4.385778 -0.533885
v 1.267577 4.346060 -0.588426
v 1.379179 4.165244 -0.583387
v 1.280175 4.170726 -0.628739
v 1.364211 3.892832 -0.621181
v 1.360357 3.618200 -0.424358
v 1.283881 3.709944 -0.421987
v 1.229784 3.706978 -0.378710
v 1.161904 3.939518 -0.375894
v 1.138635 3.936111 -0.299862
v 0.432861 3.420635 -0.590799
v 0.573364 3.231224 -0.506172
v 0.584331 3.421672 -0.467637
v 0.483105 3.198914 -0.565900
v 0.439975 3.534311 -0.626518
v 0.572474 3.676741 -0.502021
v 0.589075 2.919094 -0.512990
v 0.452425 3.697194 -0.620885
v 0.572474 3.676741 -0.502021
v 0.569658 3.765224 -0.490609
v 0.439975 3.534311 -0.626518
v 0.436561 6.477758 -0.279999
v 0.386911 6.500731 -0.167508
v 0.435524 6.461602 -0.184256
v 0.435524 6.461602 -0.184256
v 0.519262 6.397133 -0.302379
v 0.515261 6.382755 -0.231090
v 0.436561 6.477758 -0.279999
v 0.511407 6.313985 -0.315570
v 0.520745 6.319765 -0.281185
v 0.570099 6.235435 -0.334837
v 0.616937 4.139307 -0.433696
v 0.701712 4.344429 -0.377968
v 0.618418 4.340871 -0.402423
v 0.669106 4.144492 -0.413243
v 0.635018 3.999247 -0.428657
v 0.597817 4.541397 -0.315572
v 0.614416 4.340871 -0.402720
v 0.697562 4.344429 -0.378265
v 0.612787 4.139307 -0.433992
v 0.664956 4.144492 -0.413539
v 0.631016 3.999247 -0.428953
v 1.489149 4.781498 -0.135496
v 1.406152 4.947196 -0.202783
v 1.373546 4.928078 -0.087328
v 1.537318 4.824035 -0.234055
v 1.595268 4.624543 -0.215529
v 1.628615 4.655670 -0.285336
v 1.630098 4.454103 -0.303418
v 1.772231 4.101069 -0.137720
v 1.720802 4.249721 -0.189741
v 1.691161 4.239794 -0.078732
v 1.811211 4.102994 -0.228276
v 1.848856 3.879347 -0.250656
v 1.843521 3.870454 -0.177588
v 1.880425 3.687711 -0.224868
v 1.879536 3.659255 -0.289487
v 1.928446 3.455171 -0.458150
v 1.277209 4.999960 0.142546
v 1.418750 4.916518 -0.004478
v 1.314558 5.080140 0.141508
v 1.162050 5.135422 0.160924
v 1.228596 5.216344 0.167445
v 1.066306 5.273259 0.162999
v 1.142930 5.354624 0.102974
v 1.005689 4.619358 0.064290
v 0.945961 4.677159 -0.059761
v 0.942404 4.571188 -0.042866
v 0.987163 4.718953 0.062215
v 1.024364 4.450695 0.014343
v 0.983162 4.420609 -0.052648
v 1.001837 4.271361 -0.063467
v 1.736217 3.734249 0.288383
v 1.729695 3.927071 0.240363
v 1.633507 3.904987 0.246736
v 1.784385 3.745217 0.285122
v 1.486927 4.065052 0.220355
v 1.615129 4.101363 0.145213
v 1.856563 3.563364 0.332105
v 1.365989 3.618200 -0.424358
v 1.235416 3.706978 -0.378710
v 1.289513 3.709944 -0.421987
v 1.169018 3.939518 -0.375894
v 1.145749 3.936111 -0.299862
v 1.113143 4.092025 -0.388788
v 1.101879 4.115146 -0.224720
v 0.725129 4.361026 0.099564
v 0.782041 4.224524 0.040724
v 0.774631 4.367251 0.010045
v 0.750473 4.220078 0.096303
v 0.752252 4.094397 0.056879
v 0.661102 4.549398 0.084891
v 0.677849 4.549697 -0.067765
v 0.346007 4.754077 0.656536
v 0.182679 4.884799 0.699961
v 0.209061 4.748444 0.763099
v 0.338744 4.885242 0.614148
v 0.347637 4.561403 0.697145
v 0.239000 4.554290 0.796001
v 0.318589 4.355541 0.687659
v 0.233516 4.345313 0.766951
v 0.294283 4.151012 0.763246
v -0.061272 3.813983 0.729898
v -0.114628 3.811908 0.770211
v -0.110478 3.637315 0.739087
v -0.099066 4.029628 0.804596
v -0.030297 4.034370 0.753167
v -0.031335 4.244679 0.749018
v -0.110479 4.250312 0.766358
v -0.180136 3.813983 0.783550
v -0.189474 4.244679 0.749166
v -0.183249 4.034369 0.822085
v -0.075799 5.211896 0.747982
v -0.110480 5.186848 0.763840
v -0.110480 5.071542 0.816454
v -0.144865 5.319347 0.795557
v -0.094325 5.340986 0.777920
v -0.144865 5.467115 0.789925
v -0.093585 5.485343 0.770658
v -0.110481 5.578124 0.734940
v -0.047640 5.589534 0.713301
v -0.145013 5.211896 0.747982
v -0.195256 5.340985 0.777920
v -0.195998 5.485343 0.770658
v -0.173322 5.589534 0.713449
v -0.071799 6.156438 0.631045
v -0.110482 6.221499 0.565981
v -0.129749 6.147692 0.669432
v -0.049271 6.232321 0.547455
v -0.057867 6.016231 0.714635
v -0.101885 6.006745 0.750947
v -0.065425 5.888621 0.740868
v -0.095216 5.883731 0.768732
v -0.110481 5.775835 0.840761
v -0.202964 6.161920 0.673581
v -0.171544 6.232320 0.547455
v -0.158798 6.016231 0.752281
v -0.135973 5.888621 0.767250
v 0.325700 6.529186 0.286903
v 0.241072 6.522961 0.468756
v 0.272048 6.476421 0.370049
v 0.263303 6.606849 0.368567
v 0.312657 6.425882 0.349448
v 0.380982 6.464861 0.282753
v 0.362604 6.347186 0.355376
v 0.426334 6.372382 0.288681
v 0.388245 6.251884 0.331366
v 0.851104 6.116424 0.015828
v 1.007762 6.084705 -0.111929
v 0.889342 6.190971 -0.109410
v 0.970413 6.016086 -0.000772
v 1.065564 5.956655 -0.131197
v 1.052225 5.912930 -0.064206
v 1.144264 5.890405 -0.148537
v 1.144116 5.890254 -0.148093
v 0.725570 6.185341 0.013901
v 0.740984 6.238250 -0.118154
v 0.386911 6.500731 -0.167508
v 0.437302 6.475091 -0.279999
v 0.329257 6.511254 -0.283704
v 0.435524 6.461602 -0.184256
v 0.435524 6.461602 -0.184256
v 0.520003 6.394466 -0.302379
v 0.437302 6.475091 -0.279999
v 0.515261 6.382755 -0.231090
v 0.512148 6.311317 -0.315570
v 0.520745 6.319765 -0.281185
v 0.570099 6.235435 -0.334837
v 0.286573 6.048985 0.549975
v 0.379797 6.027645 0.504623
v 0.391505 6.085149 0.528781
v 0.286721 6.003781 0.521963
v 0.250261 6.128575 0.546862
v 0.355787 6.203125 0.516628
v 0.187568 6.211276 0.510551
v 0.254856 6.253664 0.456603
v 0.404251 5.970138 0.502696
v 0.325997 5.962580 0.546714
v 0.425742 5.876915 0.605702
v 0.393877 5.849496 0.624673
v 0.431522 5.735228 0.601996
v 0.399662 2.722714 0.555010
v 0.491255 2.999423 0.539893
v 0.287763 2.960146 0.545228
v 0.541795 2.730718 0.612515
v 0.530383 2.520260 0.580501
v 0.441606 2.480836 0.549081
v 0.480437 2.256595 0.589690
v 0.474805 2.274232 0.591320
v 0.487700 2.055029 0.507730
v 0.302289 2.250963 0.494095
v 0.358016 2.036207 0.566717
v 0.536460 2.269638 0.484016
v 0.452278 1.846943 0.498244
v 0.380545 1.838050 0.531443
v 0.425008 1.650861 0.440590
v 0.379804 1.924754 -0.567829
v 0.452872 1.745569 -0.554639
v 0.377878 1.752090 -0.590357
v 0.481032 1.922087 -0.524848
v 0.385289 1.619442 -0.653346
v 0.368392 2.088082 -0.462303
v 0.490517 2.089415 -0.412060
v 0.384399 2.165150 -0.366263
v 0.531571 2.179527 -0.329803
v 0.091091 2.484394 -0.373377
v 0.210696 2.620006 -0.369671
v 0.190688 2.483653 -0.381232
v 0.099983 2.609631 -0.310240
v 0.101762 2.301947 -0.396646
v 0.175126 2.290239 -0.399907
v 0.140149 2.138028 -0.355741
v 0.884311 1.461896 -0.169886
v 0.838810 1.662719 -0.028493
v 0.844739 1.466786 -0.085110
v 0.903726 1.672947 -0.165587
v 0.881643 1.273225 -0.188857
v 0.802498 1.795664 -0.041091
v 0.867859 1.806483 -0.210495
v 0.763371 1.905635 -0.031309
v 0.771078 1.919419 -0.243249
v 0.109766 1.664348 0.168032
v 0.065303 1.831233 0.044425
v 0.025879 1.664497 0.072288
v 0.161936 1.833901 0.181223
v 0.108877 1.414022 0.158694
v 0.033587 1.416986 0.089332
v 0.138964 1.212309 0.104894
v 0.102208 1.212012 0.070065
v 0.088128 1.050908 0.067989
v 0.626576 0.454366 -0.660017
v 0.631022 0.736113 -0.600436
v 0.626576 0.454366 -0.660017
v 0.498226 0.729146 -0.549452
v 0.565217 0.412867 -0.640009
v 0.596340 1.068102 -0.481868
v 0.427233 1.045129 -0.504396
v 0.685713 0.156909 -0.756947
v 0.533499 0.670899 0.382046
v 0.435977 0.666008 0.328394
v 0.444129 0.544031 0.495130
v 0.524754 0.881060 0.366781
v 0.407669 0.871575 0.304236
v 0.501485 1.068545 0.269555
v 0.347199 1.054317 0.265998
v 0.432861 3.420635 -0.580276
v 0.573364 3.231224 -0.495649
v 0.483105 3.198914 -0.555526
v 0.584331 3.421672 -0.457262
v 0.439975 3.534311 -0.616143
v 0.572474 3.676741 -0.491646
v 0.589075 2.919094 -0.502467
v 0.452425 3.697194 -0.620885
v 0.572474 3.676741 -0.491646
v 0.439975 3.534311 -0.616143
v 0.569658 3.765224 -0.490609
v 0.779228 2.748801 0.041908
v 0.881197 2.572283 -0.047315
v 0.829619 2.788225 -0.094742
v 0.795383 2.966373 0.064288
v 0.855259 2.988752 -0.081403
v 0.771075 3.253603 0.071254
v 0.840289 3.258791 -0.083773
v 0.757440 3.438718 -0.072065
v 0.719795 3.443461 0.146100
v 1.372658 4.385778 -0.528401
v 1.255127 4.536806 -0.507503
v 1.365988 4.621728 -0.443476
v 1.267577 4.346060 -0.582794
v 1.379179 4.165244 -0.577755
v 1.280175 4.170726 -0.623107
v 1.364211 3.892832 -0.615549
v 1.110918 5.065468 -0.524547
v 0.999168 5.171586 -0.507502
v 1.078015 5.236651 -0.451479
v 1.068382 5.038050 -0.587832
v 1.137300 4.869979 -0.555375
v 1.097876 4.880207 -0.598207
v 1.112697 4.650776 -0.580126
v 0.300804 4.777052 -0.710403
v 0.220326 5.011815 -0.772206
v 0.335781 5.044421 -0.697656
v 0.240780 4.778682 -0.747752
v 0.195723 5.263623 -0.664902
v 0.313105 5.283189 -0.629183
v 0.229516 4.528949 -0.667274
v 0.267607 3.897279 -0.786732
v 0.345713 4.078392 -0.661939
v 0.343045 3.922475 -0.718555
v 0.205655 4.051713 -0.714554
v 0.347196 3.769224 -0.721224
v 0.300213 3.742843 -0.761833
v 0.350605 3.588260 -0.696028
v 0.794941 1.121606 0.016562
v 0.908026 0.722922 -0.207087
v 0.866527 0.723218 -0.042278
v 0.997248 0.497346 -0.161291
v 0.947746 0.502978 -0.028495
v 0.794348 1.120717 -0.132538
v 0.864304 0.723218 -0.042278
v 0.905802 0.722922 -0.207087
v 0.794793 1.121606 0.016562
v 0.794200 1.120717 -0.132538
v 0.995025 0.497346 -0.161291
v 0.905802 0.722922 -0.207087
v 0.945523 0.502978 -0.028495
v 0.969385 0.309713 -0.073403
v 0.989542 0.305267 -0.143802
v 1.028225 0.130083 -0.130315
v -0.549033 6.076999 -0.565453
v -0.426018 6.005562 -0.630665
v -0.549033 6.076999 -0.565453
v -0.444248 5.947017 -0.716182
v -0.587123 5.973842 -0.639410
v -0.522354 5.849942 -0.752494
v -0.612022 5.873357 -0.670534
v -0.541177 5.720997 -0.740489
v -0.604315 5.726332 -0.673202
v -0.538064 5.590278 -0.700769
v -0.864424 5.911149 0.324991
v -1.085256 5.978881 0.190416
v -0.929192 6.128423 0.164776
v -0.983733 5.775684 0.347370
v -0.859088 5.651632 0.352558
v -0.939418 5.629700 0.358634
v -1.144392 6.093448 -0.103484
v -0.946532 6.185931 0.014492
v -0.961946 6.238692 -0.117711
v -1.097854 5.977252 -0.397383
v -0.932600 6.125609 -0.412797
v -0.906959 5.377446 0.332845
v -1.001072 5.648819 -0.518620
v -0.897622 5.784136 -0.543963
v -0.850935 5.534698 -0.568862
v -0.938379 5.500016 -0.525734
v -0.891693 5.316978 -0.406425
v -1.223238 5.747081 -0.401238
v -1.044349 5.464297 -0.520102
v -1.310683 5.808441 -0.141426
v -1.363593 5.290000 -0.412799
v -1.298973 5.236647 -0.456372
v -1.510171 4.844337 -0.431770
v -1.219977 5.171582 -0.509580
v -1.307272 4.721172 -0.549745
v -1.458744 5.338909 -0.156989
v -1.627109 4.947341 -0.202786
v -1.475934 4.536801 -0.508692
v -1.391751 4.472329 -0.558638
v -1.594651 4.928368 -0.087331
v -1.310683 5.808441 -0.141426
v -0.939120 5.263771 -0.378117
v -1.049536 4.981727 -0.399756
v -1.172253 5.132306 -0.541741
v -1.165435 4.639363 -0.410576
v -1.021821 4.953270 -0.116824
v -1.132385 4.641438 -0.158323
v -0.956312 5.201671 -0.094740
v -0.933488 5.182995 -0.084514
v -1.241911 4.385479 -0.403018
v -1.509429 4.125815 -0.560862
v -1.333652 4.092021 -0.388790
v -1.632295 3.820797 -0.507507
v -1.843938 3.957005 -0.422583
v -1.733522 4.265872 -0.453706
v -1.972437 4.104176 -0.172553
v -1.942350 4.250753 -0.189745
v -1.478008 3.817537 -0.339585
v -1.322240 4.115142 -0.224722
v -1.316164 4.120329 -0.159806
v -1.458297 3.859628 -0.136982
v -1.215086 4.420753 -0.171514
v -1.322240 4.115142 -0.224722
v -1.586943 4.621724 -0.443924
v -1.475934 4.536801 -0.508692
v -1.916562 4.402226 -0.208419
v -1.712181 4.769193 -0.220423
v -1.627109 4.947341 -0.202786
v -1.554783 4.905843 0.055988
v -1.636743 4.736882 0.044872
v -1.396199 4.830700 0.171888
v -1.259550 5.140458 0.192193
v -1.393531 5.266139 0.088891
v -1.078437 4.999066 0.139875
v -1.207824 4.718949 0.062213
v -1.475046 4.661890 0.167738
v -1.290228 4.530723 0.045761
v -1.108080 5.503868 0.290013
v -0.987140 5.299338 0.190415
v -1.239394 5.724850 0.171297
v -1.282820 5.775684 -0.019153
v -1.613177 4.341904 0.186115
v -1.821856 4.398962 0.055542
v -1.392640 4.232673 0.049170
v -1.215086 4.420753 -0.171514
v -1.316164 4.120329 -0.159806
v -0.933488 5.182995 -0.084514
v -0.956312 5.201671 -0.094740
v -1.704177 4.065047 0.261257
v -1.834898 4.101655 0.142245
v -1.521582 3.964415 0.044575
v -1.746713 3.929435 0.264369
v -1.562192 3.833990 0.055838
v -1.458297 3.859628 -0.136982
v -1.518618 3.732615 -0.123644
v -1.950501 3.927065 0.249696
v -1.854314 3.904982 0.256070
v -1.957171 3.734243 0.297568
v -2.005191 3.745211 0.294455
v -2.077369 3.563357 0.341438
v -1.901889 3.964859 0.166699
v -1.927381 3.972269 0.150396
v -1.885882 4.116476 0.112751
v -2.011712 3.956113 -0.153434
v -1.893440 3.809089 -0.403612
v -1.692319 3.676737 -0.493576
v -1.912856 4.241120 -0.078736
v -1.968879 3.810718 0.188189
v -2.069958 3.766997 -0.134167
v -1.943090 3.634943 -0.384642
v -1.752492 3.532677 -0.479793
v -1.785693 3.793970 0.303200
v -1.602801 3.703713 0.067102
v -1.578939 3.605597 -0.110305
v -1.541738 3.686965 -0.310388
v -1.518618 3.732615 -0.123644
v -1.578939 3.605597 -0.110305
v -1.605468 3.556391 -0.281339
v -2.039722 3.447309 -0.350406
v -1.808515 3.321481 -0.452374
v -1.587387 3.426559 -0.084072
v -1.635555 3.353197 -0.261924
v -1.609767 3.559208 0.098819
v -1.587387 3.426559 -0.084072
v -2.120348 3.262491 -0.321801
v -2.236398 3.404474 -0.059174
v -2.270633 3.108056 -0.120088
v -2.199789 3.053960 -0.263852
v -2.076329 3.023281 -0.347738
v -1.851347 3.159486 -0.431477
v -1.923525 2.990971 -0.414284
v -1.859351 2.978077 -0.371007
v -1.749231 3.004755 -0.265333
v -1.658527 3.172084 -0.247104
v -1.728778 3.025356 -0.194934
v -1.675423 3.053071 -0.124238
v -1.597613 3.211063 -0.052504
v -1.651117 3.106427 -0.020787
v -2.265743 3.165414 -0.007894
v -2.218168 3.261008 0.203750
v -2.114273 3.470724 0.226723
v -2.133688 3.301913 0.338028
v -1.862909 3.501851 0.346032
v -2.057361 3.638942 0.207604
v -1.803922 3.648872 0.316539
v -2.163034 3.589146 -0.095040
v -1.708475 3.657173 0.211606
v -1.691282 3.433971 0.208346
v -1.620882 3.375280 0.150395
v -1.735892 3.002087 0.143725
v -1.656897 3.153854 0.077328
v -1.597613 3.211063 -0.052504
v -1.801994 2.750427 0.125792
v -1.731001 2.949917 0.026640
v -1.651117 3.106427 -0.020787
v -1.775614 3.446716 0.280079
v -1.808664 3.474282 0.334324
v -1.903370 3.086863 0.356110
v -1.906038 3.298801 0.355962
v -0.946532 6.185931 0.014492
v -0.617352 2.637345 -0.475643
v -0.921183 3.035288 -0.354407
v -0.926073 2.648312 -0.295272
v -0.569629 2.998829 -0.513880
v -0.991435 3.002830 -0.086295
v -1.004180 2.649942 -0.102451
v -0.957345 2.195827 -0.200714
v -0.752371 2.179525 -0.330398
v -0.679450 1.845609 -0.525738
v -0.992618 1.919416 -0.243251
v -0.520276 3.415151 -0.548560
v -0.898063 3.422413 -0.342253
v -0.243716 3.070266 -0.357667
v -0.253349 2.902937 -0.352628
v -0.184136 3.057816 0.083554
v -0.179245 2.863069 0.039832
v -0.320784 2.609630 -0.310240
v -0.431497 2.620005 -0.369820
v -0.246235 2.553162 0.054504
v -0.932594 2.282085 0.249695
v -0.941784 2.641197 0.261997
v -0.749111 2.286383 0.461339
v -0.749853 2.622967 0.516770
v -0.924741 3.012315 0.277708
v -0.712060 2.999421 0.541966
v -0.692793 3.472506 0.530555
v -0.917479 3.444937 0.293419
v -0.508567 2.960145 0.548043
v -0.523239 2.250961 0.494686
v -0.476554 2.616743 0.513065
v -0.273803 2.585768 0.333435
v -0.300183 2.246219 0.278449
v -0.225190 2.862920 0.382789
v -0.418753 2.942805 0.551748
v -0.246235 2.553162 0.054504
v -0.272023 2.173893 0.040572
v -0.216743 3.090719 0.385902
v -0.184136 3.057816 0.083554
v -0.179245 2.863069 0.039832
v -0.371622 3.275239 0.544931
v -0.508567 2.960145 0.548043
v -0.291883 2.051471 0.222573
v -0.209036 3.190168 0.414655
v -0.369103 3.369795 0.549377
v -0.688496 3.778411 0.494392
v -0.524721 2.029092 0.451557
v -0.530056 1.838049 0.391976
v -0.382439 1.833900 0.181222
v -0.533761 1.469155 0.311202
v -0.777567 1.865764 0.381898
v -0.834330 1.492424 0.322317
v -1.046715 1.533922 0.126680
v -0.973203 1.895850 0.185965
v -0.953195 2.105567 0.239172
v -0.767044 2.053546 0.441923
v -0.523239 2.250961 0.494686
v -0.980613 1.905632 -0.031311
v -1.053087 1.510357 -0.277192
v -0.992618 1.919416 -0.243251
v -0.701089 1.467377 -0.553158
v -0.342718 1.832567 -0.293790
v -0.605198 2.165149 -0.366413
v -0.365543 2.129727 -0.244139
v -0.285658 1.831232 0.044425
v -0.272023 2.173893 0.040572
v -0.320784 2.609630 -0.310240
v -0.349091 1.419061 -0.287862
v -0.285658 1.831232 0.044425
v -0.316633 1.470193 0.015079
v -0.405410 1.044239 -0.292902
v -0.648177 1.045128 -0.504990
v -0.817285 1.068100 -0.482314
v -0.373989 1.063950 0.009002
v -0.422898 0.670305 -0.326991
v -0.389995 0.659634 -0.017529
v -0.367912 0.467406 -0.046726
v -0.392811 0.452289 -0.382421
v -0.619275 0.437764 -0.582060
v -0.738733 0.674158 -0.543822
v -0.861153 0.432428 -0.601772
v -0.648177 1.045128 -0.504990
v -0.334860 0.093473 -0.492245
v -0.538500 0.122967 -0.697960
v -0.510637 0.003362 -0.841132
v -0.231410 0.017442 -0.535819
v -0.278837 0.117038 -0.047319
v -0.193765 0.019220 -0.028200
v -1.043748 0.700539 -0.369972
v -1.103329 0.473630 -0.405691
v -1.075169 0.700983 -0.040946
v -1.144976 0.491118 -0.034870
v -1.050418 0.517055 0.204489
v -0.988319 0.709135 0.175143
v -0.834329 1.079067 0.272963
v -1.015590 1.121603 0.016560
v -1.074131 0.304966 0.243912
v -1.211818 0.118667 -0.005525
v -1.187066 0.077465 -0.468829
v -1.292889 0.012252 -0.004340
v -1.286811 0.010771 -0.491654
v -1.119928 0.179729 0.264069
v -0.722283 1.068544 0.270591
v -0.875531 0.719657 0.304086
v -1.194922 0.010325 0.271923
v -1.100217 0.010473 0.649414
v -1.068648 0.121038 0.644078
v -0.975572 0.155422 0.833639
v -1.001953 0.031815 0.826376
v -0.899689 0.394485 0.569677
v -0.779639 0.045154 0.907003
v -0.768079 0.170243 0.909522
v -0.584002 0.390187 0.563156
v -0.564735 0.482967 0.476454
v -0.907100 0.473036 0.480752
v -0.907100 0.556182 0.379228
v -0.560733 0.562407 0.363815
v -0.571405 0.706616 0.291192
v -0.390291 0.199887 0.235465
v -0.425714 0.144456 0.702177
v -0.344643 0.015069 0.263476
v -0.419489 0.014476 0.710032
v -0.548580 0.046192 0.860317
v -0.536427 0.172763 0.858687
v -0.278837 0.117038 -0.047319
v -0.406891 0.327051 0.245543
v -0.367912 0.467406 -0.046726
v -0.435348 0.502827 0.197524
v -0.389995 0.659634 -0.017529
v -0.480700 0.683051 0.151430
v -0.568145 1.054316 0.266442
v -0.373989 1.063950 0.009002
v -0.193765 0.019220 -0.028200
v -0.316633 1.470193 0.015079
v -0.568145 1.054316 0.266442
v -0.628466 0.871573 0.307199
v -0.745700 0.881058 0.369743
v -0.656773 0.666006 0.331357
v -0.754295 0.670897 0.385009
v -0.664925 0.544029 0.498241
v -0.285658 1.831232 0.044425
v -0.285658 1.831232 0.044425
v -0.325230 1.664348 0.168032
v -0.241491 1.664496 0.072288
v -0.382439 1.833900 0.181222
v -0.324488 1.414021 0.158694
v -0.249198 1.416986 0.089332
v -0.354574 1.212308 0.104893
v -0.317818 1.212012 0.070064
v -0.303590 1.050908 0.067989
v -0.982246 3.438716 -0.072067
v -0.903843 3.821689 -0.364484
v -0.935857 3.829691 -0.069695
v -0.943564 3.443458 0.146098
v -0.943564 3.443458 0.146098
v -0.724658 3.616567 -0.501134
v -0.896730 3.815907 0.261110
v -0.622547 7.000641 0.069183
v -0.606392 6.948321 0.154107
v -0.645964 6.861025 -0.004774
v -0.627290 6.813894 0.051842
v -0.580010 6.667465 -0.057241
v -1.287265 5.273255 0.164330
v -1.363742 5.354620 0.104750
v -1.447480 5.215453 0.170407
v -1.380933 5.134530 0.164033
v -1.287265 5.273255 0.164330
v -1.533441 5.079098 0.144618
v -1.496092 4.999066 0.145655
v -1.639707 4.916513 -0.000776
v -1.710996 4.783274 -0.135499
v -1.627109 4.947341 -0.202786
v -1.759164 4.825660 -0.234059
v -1.825858 4.626171 -0.215533
v -1.859205 4.657294 -0.285340
v -1.882622 4.455878 -0.303421
v -1.358999 5.653115 -0.086440
v -1.401091 5.683352 -0.175070
v -1.428361 5.522691 -0.134905
v -1.464820 5.550407 -0.196264
v -1.463486 5.327944 -0.214494
v -1.015145 1.112859 -0.295126
v -1.015886 1.120714 -0.132539
v -1.015886 1.120714 -0.132539
v -0.719169 0.729144 -0.556716
v -0.851817 0.736110 -0.607700
v -0.847518 0.454364 -0.667281
v -0.786159 0.412865 -0.647273
v -0.906505 0.156906 -0.764211
v -0.607429 6.501616 -0.167509
v -0.607429 6.501616 -0.167509
v -0.657523 6.477756 -0.280000
v -0.656041 6.462936 -0.184257
v -0.740076 6.397131 -0.302380
v -0.735778 6.384089 -0.231091
v -0.732221 6.313983 -0.315571
v -0.741262 6.320951 -0.281186
v -0.790467 6.236769 -0.334838
v -0.299005 6.558233 0.631935
v -0.277515 6.524590 0.652832
v -0.229346 6.489017 0.731680
v -0.171989 6.465158 0.771400
v -0.155538 6.566681 0.778663
v -0.214970 6.577057 0.738201
v -0.201928 6.593359 0.746798
v -0.149610 6.590100 0.774809
v -0.110482 6.565941 0.782961
v -0.065278 6.566681 0.778663
v -0.071207 6.590100 0.774809
v -0.110482 6.587282 0.778515
v -0.110482 6.583727 0.753022
v -0.035340 6.589802 0.735534
v -0.018889 6.593359 0.746798
v -0.005846 6.577057 0.738201
v 0.038172 6.604921 0.654167
v -0.000066 6.597804 0.694480
v 0.009419 6.599732 0.701001
v -0.185476 6.589802 0.735534
v 0.036394 6.611886 0.655352
v -0.017407 6.643454 0.737905
v -0.023039 6.628188 0.735830
v 0.033429 6.608626 0.653129
v -0.047197 6.618258 0.734200
v -0.068835 6.631746 0.758210
v -0.066464 6.651456 0.763101
v -0.110482 6.632485 0.763990
v -0.110482 6.653829 0.772883
v -0.110482 6.620333 0.740277
v -0.154353 6.651456 0.763101
v -0.151981 6.631746 0.758210
v -0.203410 6.643454 0.737905
v -0.197926 6.628188 0.735830
v -0.173620 6.618258 0.734200
v -0.254394 6.608625 0.653129
v -0.257210 6.611885 0.655352
v -0.269067 6.606256 0.638456
v -0.258988 6.604920 0.654166
v -0.230384 6.599732 0.701001
v -0.220750 6.597804 0.694480
v -1.097254 1.806480 -0.210497
v -1.031746 1.795661 -0.041093
v -1.133121 1.672943 -0.165589
v -1.068205 1.662716 -0.028495
v -1.113705 1.461892 -0.169888
v -1.073985 1.466783 -0.085112
v -1.111037 1.273221 -0.188859
v -0.708501 2.055027 0.512768
v -0.578966 2.036205 0.571607
v -0.673079 1.846941 0.503134
v -0.601345 1.838049 0.536481
v -0.645956 1.650860 0.445480
v -1.166769 4.677156 -0.059764
v -1.132385 4.641438 -0.158323
v -1.166769 4.677156 -0.059764
v -1.021821 4.953270 -0.116824
v -1.223089 4.619354 0.064288
v -1.157136 4.571185 -0.042868
v -1.207824 4.718949 0.062213
v -1.239244 4.450691 0.014341
v -1.198041 4.420605 -0.052650
v -1.216715 4.271358 -0.063470
v -0.907542 0.127857 -0.723601
v -0.937036 -0.001233 -0.852247
v -0.762445 0.000694 -0.847653
v -0.697974 0.125042 -0.709076
v -0.625944 0.002176 -0.844096
v -0.403490 4.884798 0.701294
v -0.561185 4.754076 0.647049
v -0.430464 4.748443 0.767544
v -0.568447 4.561401 0.700701
v -0.460550 4.554289 0.800298
v -0.539398 4.355540 0.691216
v -0.454918 4.345312 0.771249
v -0.515091 4.151011 0.766802
v -0.419489 0.014476 0.710032
v -0.779639 0.045154 0.907003
v -0.548580 0.046192 0.860317
v -1.001953 0.031815 0.826376
v -1.100217 0.010473 0.649414
v -0.344643 0.015069 0.263476
v -1.194922 0.010325 0.271923
v -1.167207 0.012993 -0.017382
v -0.366133 0.018182 -0.024644
v -1.119186 0.012253 -0.346111
v -1.211818 0.118667 -0.005525
v -1.187066 0.077465 -0.468829
v -1.119928 0.179729 0.264069
v -0.391180 0.017293 -0.329659
v -0.948300 0.012846 -0.572428
v -0.532424 0.015515 -0.545749
v -0.861153 0.432428 -0.601772
v -0.390291 0.199887 0.235465
v -0.334860 0.093473 -0.492245
v -0.619275 0.437764 -0.582060
v -0.278837 0.117038 -0.047319
v -0.600751 1.924753 -0.574055
v -0.673670 1.745567 -0.560865
v -0.598676 1.752088 -0.596583
v -0.701979 1.922085 -0.531074
v -0.606086 1.619441 -0.659572
v -0.589340 2.088080 -0.468529
v -0.711316 2.089413 -0.418286
v -0.605198 2.165149 -0.366413
v -0.311892 2.484393 -0.380936
v -0.411488 2.483652 -0.388792
v -0.322562 2.301947 -0.404206
v -0.396074 2.290238 -0.407466
v -0.360949 2.138027 -0.363300
v -0.532431 4.765638 -0.714257
v -0.487079 5.011814 -0.766575
v -0.570818 5.044419 -0.692025
v -0.474333 4.780164 -0.751606
v -0.416680 5.263622 -0.668756
v -0.409268 4.538728 -0.671129
v -1.006848 2.748798 0.041906
v -1.108816 2.572280 -0.047317
v -1.057091 2.788222 -0.094744
v -1.023003 2.966370 0.064286
v -1.082732 2.988749 -0.081405
v -0.998697 3.253600 0.071252
v -1.067911 3.258788 -0.083776
v -0.943564 3.443458 0.146098
v -0.620466 2.722713 0.559158
v -0.712060 2.999421 0.541966
v -0.508567 2.960145 0.548043
v -0.762747 2.730716 0.616663
v -0.751335 2.520258 0.584650
v -0.662409 2.480834 0.553230
v -0.701239 2.256593 0.593838
v -0.695607 2.274230 0.595469
v -0.626547 5.969841 0.499731
v -0.494048 6.039351 0.563461
v -0.548293 5.934417 0.524037
v -0.613802 6.084853 0.504918
v -0.648038 5.876615 0.537524
v -0.590532 5.849197 0.556495
v -0.472558 6.128276 0.552790
v -0.578083 6.202826 0.489653
v -0.409272 6.211127 0.511736
v -0.653818 5.734928 0.474238
v -1.071918 6.119681 0.019086
v -1.228723 6.088113 -0.108671
v -1.110156 6.194231 -0.106151
v -1.191374 6.019489 0.002486
v -1.286525 5.960058 -0.127938
v -1.273186 5.916336 -0.060948
v -1.365076 5.893661 -0.145131
v -0.961946 6.238692 -0.117711
v -1.331727 5.065464 -0.530329
v -1.219977 5.171582 -0.509580
v -1.289191 5.038046 -0.593615
v -1.358256 4.869975 -0.561157
v -1.318832 4.880203 -0.603990
v -1.333505 4.650773 -0.585908
v -1.997780 4.102840 -0.156102
v -1.912856 4.241120 -0.078736
v -2.033055 4.104618 -0.228280
v -2.070699 3.881118 -0.250660
v -2.065364 3.872225 -0.177593
v -2.102416 3.689485 -0.224872
v -2.101526 3.660878 -0.289491
v -2.150287 3.456795 -0.458154
v -1.593464 4.385773 -0.533888
v -1.488532 4.346056 -0.588429
v -1.600133 4.165239 -0.583390
v -1.500981 4.170722 -0.628742
v -1.585016 3.892827 -0.621184
v -1.597762 3.618196 -0.445111
v -1.450737 3.706974 -0.378713
v -1.504686 3.709939 -0.421990
v -1.397382 3.908243 -0.355888
v -1.349955 3.891197 -0.298531
v -0.839373 4.340868 -0.402425
v -0.922519 4.344426 -0.377970
v -0.837742 4.139305 -0.433697
v -0.889913 4.144489 -0.413244
v -0.855972 3.999244 -0.428658
v -0.835223 4.340868 -0.402721
v -0.818921 4.541395 -0.315574
v -0.918517 4.344426 -0.378267
v -0.833741 4.139305 -0.433994
v -0.885911 4.144489 -0.413541
v -0.851822 3.999244 -0.428955
v -0.653665 3.420633 -0.590800
v -0.794316 3.231221 -0.506173
v -0.703907 3.198912 -0.565901
v -0.805135 3.421670 -0.467638
v -0.660927 3.534309 -0.626519
v -0.793279 3.676739 -0.502023
v -0.809877 2.919091 -0.512991
v -0.673377 3.697192 -0.620886
v -0.793279 3.676739 -0.502023
v -0.660927 3.534309 -0.626519
v -0.790463 3.765222 -0.490610
v -1.709958 4.781493 -0.135499
v -1.626961 4.946897 -0.202786
v -1.758126 4.824030 -0.234059
v -1.594355 4.928073 -0.087331
v -1.824821 4.624538 -0.215533
v -1.858168 4.655664 -0.285340
v -1.881585 4.454097 -0.303421
v -1.996743 4.101063 -0.156102
v -1.942054 4.250458 -0.189745
v -2.032017 4.102988 -0.228280
v -1.912560 4.240675 -0.078736
v -2.069662 3.879341 -0.250660
v -2.064326 3.870448 -0.177593
v -2.101378 3.687704 -0.224872
v -2.100489 3.659248 -0.289491
v -2.149250 3.455164 -0.458154
v -1.498167 4.999956 0.142543
v -1.535368 5.080135 0.141505
v -1.639707 4.916513 -0.004482
v -1.383008 5.135417 0.160921
v -1.449407 5.216340 0.167442
v -1.287265 5.273255 0.160625
v -1.363742 5.354620 0.101045
v -1.229166 4.619354 0.064288
v -1.166918 4.677156 -0.059764
v -1.207972 4.718949 0.062213
v -1.163212 4.571185 -0.042868
v -1.245320 4.450691 0.014341
v -1.204118 4.420605 -0.052650
v -1.222792 4.271358 -0.063470
v -1.957171 3.734243 0.288379
v -1.950501 3.927065 0.240359
v -2.005191 3.745211 0.285118
v -1.854314 3.904982 0.246732
v -1.703733 4.065047 0.261406
v -1.834898 4.101655 0.141355
v -2.077369 3.563357 0.332100
v -1.603393 3.618196 -0.445111
v -1.510318 3.709939 -0.421990
v -1.456221 3.706974 -0.378713
v -1.403014 3.908243 -0.355888
v -1.355587 3.891197 -0.298531
v -1.334245 4.092021 -0.388790
v -1.322388 4.115142 -0.224722
v -0.946085 4.361023 0.099562
v -1.002849 4.224521 0.040722
v -0.971280 4.220076 0.096301
v -0.995439 4.367248 0.010043
v -0.973207 4.094394 0.056877
v -0.882058 4.549396 0.084889
v -0.896731 4.549695 -0.067767
v -0.561481 4.754076 0.643344
v -0.403490 4.884798 0.697738
v -0.559555 4.885240 0.612369
v -0.430019 4.748443 0.763246
v -0.568447 4.561401 0.697144
v -0.459958 4.554289 0.796148
v -0.539398 4.355540 0.687510
v -0.454474 4.345312 0.767099
v -0.515091 4.151011 0.763245
v -1.071918 6.116421 0.015825
v -1.228723 6.084702 -0.111932
v -1.191374 6.016082 -0.000774
v -1.110156 6.190968 -0.109412
v -1.286525 5.956651 -0.131199
v -1.273186 5.912926 -0.064208
v -1.365076 5.890401 -0.148540
v -1.365076 5.890250 -0.148095
v -0.946532 6.185338 0.013899
v -0.961946 6.238398 -0.118008
v -0.444248 5.945092 -0.713070
v -0.549033 6.076999 -0.565453
v -0.426018 6.005562 -0.630665
v -0.587123 5.971918 -0.636297
v -0.522354 5.848014 -0.749381
v -0.612022 5.871429 -0.667570
v -0.541177 5.719072 -0.737525
v -0.604315 5.724407 -0.670090
v -0.538064 5.588350 -0.697657
v -0.608170 6.498949 -0.167509
v -0.658264 6.475089 -0.280000
v -0.656931 6.460268 -0.184257
v -0.550960 6.511252 -0.295414
v -0.740965 6.394464 -0.302380
v -0.736667 6.381421 -0.231091
v -0.732962 6.311316 -0.315571
v -0.742003 6.318431 -0.281186
v -0.791356 6.234101 -0.334838
v -0.625214 5.970136 0.497656
v -0.492566 6.039649 0.561386
v -0.612468 6.085147 0.502991
v -0.546959 5.934715 0.521962
v -0.646556 5.876913 0.535449
v -0.589050 5.849495 0.554420
v -0.471224 6.128574 0.550715
v -0.576749 6.203124 0.487578
v -0.407938 6.211421 0.509661
v -0.474929 6.253810 0.455417
v -0.652484 5.735226 0.472163
v -0.620466 2.722713 0.555009
v -0.712060 2.999421 0.541818
v -0.762747 2.730716 0.612514
v -0.508567 2.960145 0.547895
v -0.751335 2.520258 0.580500
v -0.662409 2.480834 0.549080
v -0.701239 2.256593 0.589689
v -0.695607 2.274230 0.591319
v -0.708501 2.055027 0.507728
v -0.523239 2.250961 0.494094
v -0.749111 2.286383 0.460450
v -0.578966 2.036205 0.566716
v -0.673079 1.846941 0.498243
v -0.601345 1.838049 0.531442
v -0.645956 1.650860 0.440589
v -0.600751 1.924753 -0.567830
v -0.673670 1.745567 -0.554640
v -0.701979 1.922085 -0.524849
v -0.598676 1.752088 -0.590358
v -0.606086 1.619441 -0.653347
v -0.589340 2.088080 -0.462304
v -0.711316 2.089413 -0.412061
v -0.605198 2.165149 -0.366264
v -0.752371 2.179525 -0.330250
v -0.311892 2.484393 -0.373378
v -0.431497 2.620005 -0.369672
v -0.320784 2.609630 -0.310240
v -0.411488 2.483652 -0.381233
v -0.322562 2.301947 -0.396647
v -0.396075 2.290238 -0.399908
v -0.360949 2.138027 -0.355741
v -1.105257 1.461893 -0.169888
v -1.059757 1.662717 -0.028495
v -1.124673 1.672943 -0.165589
v -1.065537 1.466783 -0.085112
v -1.102589 1.273221 -0.188859
v -1.023298 1.795661 -0.041093
v -1.088806 1.806480 -0.210497
v -0.979428 1.905632 -0.031311
v -0.991433 1.919416 -0.243251
v -0.330565 1.664348 0.168031
v -0.286844 1.831232 0.044425
v -0.383476 1.833900 0.181222
v -0.246678 1.664496 0.072288
v -0.329676 1.414021 0.158694
v -0.254385 1.416986 0.089332
v -0.359762 1.212308 0.104893
v -0.323154 1.212012 0.070064
v -0.308926 1.050908 0.067989
v -0.847518 0.454364 -0.660019
v -0.719169 0.729144 -0.549454
v -0.786159 0.412865 -0.640010
v -0.851817 0.736110 -0.600438
v -0.847518 0.454364 -0.660019
v -0.817285 1.068100 -0.482166
v -0.648177 1.045128 -0.504842
v -0.906505 0.156906 -0.756948
v -0.754295 0.670897 0.382045
v -0.664925 0.544029 0.495128
v -0.656773 0.666006 0.328393
v -0.745700 0.881058 0.366779
v -0.628466 0.871573 0.304235
v -0.722283 1.068544 0.270591
v -0.568145 1.054316 0.266293
v -0.653665 3.420633 -0.580278
v -0.794316 3.231221 -0.495650
v -0.805135 3.421670 -0.457264
v -0.703907 3.198912 -0.555527
v -0.660927 3.534309 -0.616144
v -0.793279 3.676739 -0.491648
v -0.809877 2.919091 -0.502468
v -0.673377 3.697192 -0.620886
v -0.793279 3.676739 -0.491648
v -0.790463 3.765222 -0.490610
v -0.660927 3.534309 -0.616144
v -1.000030 2.748798 0.041906
v -1.050422 2.788222 -0.094744
v -1.102147 2.572280 -0.047317
v -1.016334 2.966370 0.064286
v -1.076062 2.988749 -0.081405
v -0.992028 3.253600 0.071252
v -1.061094 3.258788 -0.083776
v -0.975577 3.438716 -0.072067
v -0.936894 3.443458 0.146098
v -1.593464 4.385773 -0.528404
v -1.475934 4.536801 -0.508099
v -1.488532 4.346056 -0.582797
v -1.586943 4.621724 -0.443628
v -1.600133 4.165239 -0.577758
v -1.500981 4.170722 -0.623110
v -1.585016 3.892827 -0.615552
v -1.331727 5.065464 -0.524549
v -1.219977 5.171582 -0.503799
v -1.289191 5.038046 -0.587834
v -1.298973 5.236647 -0.450592
v -1.358256 4.869975 -0.555377
v -1.318832 4.880203 -0.598210
v -1.333505 4.650773 -0.580128
v -0.532431 4.765638 -0.710404
v -0.487079 5.011814 -0.762721
v -0.474333 4.780164 -0.747753
v -0.570818 5.044419 -0.688172
v -0.416680 5.263622 -0.668756
v -0.534062 5.283188 -0.633038
v -0.409268 4.538728 -0.667275
v -1.128969 0.722918 -0.207090
v -1.015590 1.121603 0.016560
v -1.087471 0.723215 -0.042280
v -1.218043 0.497343 -0.161293
v -1.168690 0.502975 -0.028497
v -1.194033 0.309709 -0.073405
v -1.214190 0.305263 -0.143805
v -1.252872 0.130079 -0.130318
v -1.015886 1.120714 -0.132539
v -1.126746 0.722918 -0.207090
v -1.085248 0.723215 -0.042280
v -1.015293 1.121603 0.016560
v -1.013663 1.120714 -0.132539
v -1.215820 0.497343 -0.161293
v -1.166466 0.502975 -0.028497
v -1.190180 0.309709 -0.073405
v -1.210336 0.305263 -0.143805
v -1.249019 0.130079 -0.130318
v -1.126746 0.722918 -0.207090
v 1.228003 5.507135 -0.137570
v 1.198509 5.672832 -0.176549
v 1.159974 5.644079 -0.084955
v 1.261943 5.534848 -0.200263
v 1.260906 5.325723 -0.216418
v 1.089130 5.802513 -0.141423
v 1.060525 5.774058 -0.016779
v -1.310683 5.808441 -0.141426
v -1.358110 5.652225 -0.086440
v -1.282820 5.775982 -0.019153
v -1.400201 5.682314 -0.175070
v -1.426582 5.520616 -0.135053
v -1.463190 5.548332 -0.196264
v -1.461708 5.325719 -0.214494
v -0.578528 6.667465 -0.057241
v -0.644334 6.861025 -0.004774
v -0.625807 6.813894 0.051842
v -0.604762 6.948321 0.154107
v -0.620917 7.000641 0.069183
v -0.579715 7.062888 0.248368
v -0.577491 7.081710 0.126985
v -0.019037 6.570092 0.615336
v -0.110482 6.583727 0.753022
v -0.110482 6.543413 0.632824
v -0.035340 6.589802 0.735534
v -0.110482 6.604773 0.518999
v 0.041285 6.616333 0.598440
v 0.048102 6.606256 0.638457
v 0.038172 6.604921 0.654167
v -0.000066 6.597804 0.694480
v -0.201779 6.570092 0.615335
v -0.185476 6.589802 0.735534
v -0.262249 6.616333 0.598439
v -0.269067 6.606256 0.638456
v -0.258988 6.604920 0.654166
v -0.220750 6.597804 0.694480
v 0.041285 6.616333 0.598440
v -0.047197 6.618258 0.734200
v 0.033429 6.608626 0.653129
v -0.047197 6.644344 0.614002
v -0.110482 6.650422 0.620078
v -0.110482 6.620333 0.740277
v -0.110482 6.604773 0.518999
v 0.048102 6.606256 0.638457
v -0.173620 6.618258 0.734200
v -0.173620 6.644344 0.614002
v -0.262249 6.616333 0.598439
v -0.254394 6.608625 0.653129
v -0.269067 6.606256 0.638456
v -0.042750 6.597804 0.737164
v -0.047197 6.618258 0.734200
v -0.000066 6.597804 0.694480
v -0.110482 6.597064 0.753022
v -0.110482 6.620333 0.740277
v -0.000511 6.614406 0.687514
v -0.173620 6.618258 0.734200
v -0.178214 6.597804 0.737164
v -0.220750 6.597804 0.694480
v -0.220306 6.614406 0.687514
v -0.031931 6.595137 0.730495
v -0.032079 6.631598 0.733311
v -0.027188 6.624781 0.710783
v -0.034451 6.598695 0.741759
v -0.051791 6.631598 0.736719
v -0.044233 6.598547 0.743537
v -0.050309 6.595137 0.733755
v -0.064093 6.624634 0.717304
v -0.038897 6.575721 0.745612
v -0.060091 6.604475 0.741462
v -0.058016 6.587282 0.754653
v -0.065575 6.585060 0.740277
v -0.056238 6.605513 0.748873
v -0.054311 6.617371 0.742203
v -0.049865 6.604328 0.741759
v -0.058016 6.587282 0.754653
v -0.056238 6.605513 0.748873
v -0.045122 6.583727 0.745167
v -0.054311 6.617371 0.742203
v -0.042750 6.597804 0.732421
v -0.000066 6.597804 0.694480
v -0.035340 6.589802 0.735534
v -0.110482 6.597064 0.748280
v -0.110482 6.583727 0.753022
v -0.185476 6.589802 0.735534
v -0.178214 6.597804 0.732421
v -0.220750 6.597804 0.694480
v -0.188885 6.595137 0.730495
v -0.188737 6.631598 0.733310
v -0.186514 6.598695 0.741758
v -0.193628 6.624781 0.710783
v -0.169025 6.631598 0.736719
v -0.176584 6.598547 0.743537
v -0.170507 6.595137 0.733755
v -0.156872 6.624634 0.717304
v -0.181919 6.575721 0.745612
v -0.160874 6.604475 0.741462
v -0.162800 6.587282 0.754653
v -0.164579 6.605513 0.748872
v -0.155242 6.585060 0.740276
v -0.166654 6.617371 0.742203
v -0.171100 6.604328 0.741758
v -0.162800 6.587282 0.754653
v -0.175695 6.583727 0.745167
v -0.164579 6.605513 0.748872
v -0.166654 6.617371 0.742203
v -0.547849 6.530815 0.285717
v -0.441286 6.506509 0.467570
v -0.483526 6.607143 0.367232
v -0.493159 6.477163 0.368862
v -0.533769 6.426772 0.348113
v -0.603131 6.466493 0.281418
v -0.493159 6.477163 0.368862
v -0.648483 6.374010 0.287346
v -0.610393 6.253512 0.330031
v -0.583715 6.348071 0.354189
v -0.603131 6.466493 0.281418
v -0.583715 6.348071 0.354189
v -0.533769 6.426772 0.348113
v -0.648483 6.374010 0.287346
v -0.214522 4.402077 0.867141
v -0.522205 4.394666 0.785032
v -0.461736 4.513084 0.815860
v -0.273509 4.283065 0.836461
v -0.273509 4.283065 0.836461
v -0.492267 4.398224 0.699960
v -0.522205 4.394666 0.785032
v -0.244905 4.286028 0.755687
v -0.214522 4.402077 0.867141
v -0.244905 4.286028 0.755687
v -0.273509 4.283065 0.836461
v -0.183102 4.416305 0.773176
v -0.461736 4.513084 0.815860
v -0.183102 4.416305 0.773176
v -0.214522 4.402077 0.867141
v -0.432687 4.522721 0.731381
v -0.522205 4.394666 0.785032
v -0.432687 4.522721 0.731381
v -0.461736 4.513084 0.815860
v -0.492267 4.398224 0.699960
v -0.347021 4.150861 0.834090
v -0.675899 4.070088 0.700997
v -0.593494 4.264834 0.753908
v -0.428092 3.955522 0.781623
v -0.428092 3.955522 0.781623
v -0.647442 4.078683 0.606884
v -0.675899 4.070088 0.700997
v -0.401117 3.957892 0.678469
v -0.347021 4.150861 0.834090
v -0.401117 3.957892 0.678469
v -0.428092 3.955522 0.781623
v -0.311303 4.153528 0.742496
v -0.593494 4.264834 0.753908
v -0.311303 4.153528 0.742496
v -0.347021 4.150861 0.834090
v -0.556294 4.273875 0.671355
v -0.675899 4.070088 0.700997
v -0.556294 4.273875 0.671355
v -0.593494 4.264834 0.753908
v -0.647442 4.078683 0.606884
v -0.556294 4.273875 0.671355
v -0.244905 4.286028 0.755687
v -0.311303 4.153528 0.742496
v -0.244905 4.286028 0.755687
v -0.556294 4.273875 0.671355
v -0.492267 4.398224 0.699960
v -0.131525 4.528354 0.773028
v -0.432687 4.522721 0.731381
v -0.392819 4.638027 0.762060
v -0.432687 4.522721 0.731381
v -0.131525 4.528354 0.773028
v -0.183102 4.416305 0.773176
v 0.081896 4.992102 0.850691
v -0.234976 4.973131 0.863585
v -0.173321 5.094810 0.863437
v 0.021575 4.869828 0.850691
v 0.021575 4.869828 0.850691
v -0.230530 4.967498 0.773621
v -0.234976 4.973131 0.863585
v 0.026022 4.863900 0.765174
v 0.081896 4.992102 0.850691
v 0.026022 4.863900 0.765174
v 0.021575 4.869828 0.850691
v 0.084861 4.996102 0.750649
v -0.173321 5.094810 0.863437
v 0.084861 4.996102 0.750649
v 0.081896 4.992102 0.850691
v -0.169764 5.095255 0.773770
v -0.234976 4.973131 0.863585
v -0.169764 5.095255 0.773770
v -0.173321 5.094810 0.863437
v -0.230530 4.967498 0.773621
v -0.043785 4.738218 0.885964
v -0.393115 4.639510 0.860768
v -0.307450 4.839889 0.867438
v -0.128264 4.537394 0.879295
v -0.128264 4.537394 0.879295
v -0.392819 4.638027 0.762060
v -0.393115 4.639510 0.860768
v -0.131525 4.528354 0.773028
v -0.043785 4.738218 0.885964
v -0.131525 4.528354 0.773028
v -0.128264 4.537394 0.879295
v -0.035337 4.730956 0.788294
v -0.307450 4.839889 0.867438
v -0.035337 4.730956 0.788294
v -0.043785 4.738218 0.885964
v -0.295297 4.840036 0.777326
v -0.393115 4.639510 0.860768
v -0.295297 4.840036 0.777326
v -0.307450 4.839889 0.867438
v -0.392819 4.638027 0.762060
v -0.295297 4.840036 0.777326
v 0.026022 4.863900 0.765174
v -0.035337 4.730956 0.788294
v 0.026022 4.863900 0.765174
v -0.295297 4.840036 0.777326
v -0.230530 4.967498 0.773621
v 0.143255 5.111856 0.711967
v -0.169764 5.095255 0.773770
v -0.109294 5.234274 0.751983
v -0.169764 5.095255 0.773770
v 0.143255 5.111856 0.711967
v 0.084861 4.996102 0.750649
v 0.358752 5.579162 0.666763
v 0.046029 5.565228 0.745907
v 0.104572 5.684983 0.717006
v 0.301395 5.458815 0.695368
v 0.301395 5.458815 0.695368
v 0.031504 5.547888 0.658463
v 0.046029 5.565228 0.745907
v 0.287759 5.441917 0.612370
v 0.358752 5.579162 0.666763
v 0.287759 5.441917 0.612370
v 0.301395 5.458815 0.695368
v 0.340522 5.570119 0.568797
v 0.104572 5.684983 0.717006
v 0.340522 5.570119 0.568797
v 0.358752 5.579162 0.666763
v 0.089306 5.673868 0.629266
v 0.046029 5.565228 0.745907
v 0.089306 5.673868 0.629266
v 0.104572 5.684983 0.717006
v 0.031504 5.547888 0.658463
v 0.252485 5.319646 0.769621
v -0.098179 5.238722 0.849209
v -0.004214 5.434064 0.803116
v 0.160003 5.123564 0.815565
v 0.160003 5.123564 0.815565
v -0.109294 5.234274 0.751983
v -0.098179 5.238722 0.849209
v 0.143255 5.111856 0.711967
v 0.252485 5.319646 0.769621
v 0.143255 5.111856 0.711967
v 0.160003 5.123564 0.815565
v 0.239740 5.309417 0.672691
v -0.004214 5.434064 0.803116
v 0.239740 5.309417 0.672691
v 0.252485 5.319646 0.769621
v -0.011476 5.431246 0.712412
v -0.098179 5.238722 0.849209
v -0.011476 5.431246 0.712412
v -0.004214 5.434064 0.803116
v -0.109294 5.234274 0.751983
v -0.011476 5.431246 0.712412
v 0.287759 5.441917 0.612370
v 0.239740 5.309417 0.672691
v 0.031504 5.547888 0.658463
v 0.381280 5.691356 0.514404
v 0.089306 5.673868 0.629266
v 0.130360 5.805476 0.591770
v 0.089306 5.673868 0.629266
v 0.381280 5.691356 0.514404
v 0.340522 5.570119 0.568797
v 0.593219 6.101007 0.395837
v 0.312361 6.119830 0.538415
v 0.354601 6.234249 0.477501
v 0.552017 5.985995 0.456158
v 0.552017 5.985995 0.456158
v 0.273530 6.090038 0.462531
v 0.312361 6.119830 0.538415
v 0.515409 5.957392 0.383980
v 0.593219 6.101007 0.395837
v 0.515409 5.957392 0.383980
v 0.552017 5.985995 0.456158
v 0.547422 6.078184 0.309727
v 0.354601 6.234249 0.477501
v 0.547422 6.078184 0.309727
v 0.593219 6.101007 0.395837
v 0.314733 6.210536 0.400579
v 0.312361 6.119830 0.538415
v 0.314733 6.210536 0.400579
v 0.354601 6.234249 0.477501
v 0.273530 6.090038 0.462531
v 0.495845 5.894256 0.530559
v 0.168894 5.819112 0.681585
v 0.235885 6.009859 0.581692
v 0.419221 5.705138 0.608666
v 0.419221 5.705138 0.608666
v 0.130360 5.805476 0.591770
v 0.168894 5.819112 0.681585
v 0.381280 5.691356 0.514404
v 0.495845 5.894256 0.530559
v 0.381280 5.691356 0.514404
v 0.419221 5.705138 0.608666
v 0.469316 5.873063 0.441040
v 0.235885 6.009859 0.581692
v 0.469316 5.873063 0.441040
v 0.495845 5.894256 0.530559
v 0.226548 6.001264 0.506253
v 0.168894 5.819112 0.681585
v 0.226548 6.001264 0.506253
v 0.235885 6.009859 0.581692
v 0.130360 5.805476 0.591770
v 0.226548 6.001264 0.506253
v 0.515409 5.957392 0.383980
v 0.469316 5.873063 0.441040
v 0.515409 5.957392 0.383980
v 0.226548 6.001264 0.506253
v 0.273530 6.090038 0.462531
v 0.593515 6.124426 0.266005
v 0.314733 6.210536 0.400579
v 0.355194 6.271745 0.309431
v 0.314733 6.210536 0.400579
v 0.593515 6.124426 0.266005
v 0.547422 6.078184 0.309727
v 0.713417 6.385422 -0.133123
v 0.472427 6.489763 0.026499
v 0.476578 6.516144 -0.126750
v 0.701264 6.358302 -0.000179
v 0.701264 6.358302 -0.000179
v 0.435968 6.408841 0.009751
v 0.472427 6.489763 0.026499
v 0.666879 6.281232 -0.015593
v 0.713417 6.385422 -0.133123
v 0.666879 6.281232 -0.015593
v 0.701264 6.358302 -0.000179
v 0.668065 6.300202 -0.159653
v 0.476578 6.516144 -0.126750
v 0.668065 6.300202 -0.159653
v 0.713417 6.385422 -0.133123
v 0.437747 6.438036 -0.148241
v 0.472427 6.489763 0.026499
v 0.437747 6.438036 -0.148241
v 0.476578 6.516144 -0.126750
v 0.435968 6.408841 0.009751
v 0.692075 6.315765 0.131431
v 0.408697 6.338588 0.358637
v 0.448862 6.453452 0.177673
v 0.652947 6.200161 0.311951
v 0.652947 6.200161 0.311951
v 0.355194 6.271745 0.309431
v 0.408697 6.338588 0.358637
v 0.593515 6.124426 0.266005
v 0.692075 6.315765 0.131431
v 0.593515 6.124426 0.266005
v 0.652947 6.200161 0.311951
v 0.646426 6.243437 0.082966
v 0.448862 6.453452 0.177673
v 0.646426 6.243437 0.082966
v 0.692075 6.315765 0.131431
v 0.409291 6.389869 0.126095
v 0.408697 6.338588 0.358637
v 0.409291 6.389869 0.126095
v 0.448862 6.453452 0.177673
v 0.355194 6.271745 0.309431
v 0.409291 6.389869 0.126095
v 0.666879 6.281232 -0.015593
v 0.646426 6.243437 0.082966
v 0.666879 6.281232 -0.015593
v 0.409291 6.389869 0.126095
v 0.435968 6.408841 0.009751
v 0.654578 6.281379 -0.255100
v 0.437747 6.438036 -0.148241
v 0.418924 6.433890 -0.270217
v 0.437747 6.438036 -0.148241
v 0.654578 6.281379 -0.255100
v 0.668065 6.300202 -0.159653
v -0.740962 3.636574 0.546562
v -0.754005 3.878897 0.563606
v -0.571706 3.720017 0.611181
v -0.797875 3.677330 0.533815
v -0.647442 4.078683 0.606884
v -0.401117 3.957892 0.678469
v -0.761415 3.626643 0.539299
v -0.806767 3.654212 0.527887
v -0.755931 3.591072 0.535742
v -0.738590 3.574920 0.538706
v -0.740962 3.636574 0.546562
v -0.794762 3.580254 0.524478
v -0.792242 3.556541 0.522551
v -0.858047 3.657325 0.515734
v -0.806767 3.654212 0.527887
v -0.837594 3.642501 0.518402
v -0.797875 3.677330 0.533815
v -0.857306 3.595815 0.507582
v -0.833889 3.603670 0.513955
v -0.833889 3.603670 0.513955
v -0.792242 3.556541 0.522551
v -0.857306 3.595815 0.507582
v -0.792242 3.556541 0.522551
v -0.833889 3.603670 0.513955
v -0.794762 3.580254 0.524478
v -0.918813 3.497849 0.506693
v -0.792242 3.556541 0.522551
v -0.823366 3.493551 0.507879
v -0.792242 3.556541 0.522551
v -0.918813 3.497849 0.506693
v -0.857306 3.595815 0.507582
v -0.267135 4.428312 -0.838309
v -0.572447 4.427867 -0.778433
v -0.323010 4.311523 -0.823785
v -0.514646 4.543768 -0.797255
v -0.323010 4.311523 -0.823785
v -0.542953 4.428610 -0.693953
v -0.295146 4.311377 -0.741973
v -0.572447 4.427867 -0.778433
v -0.267135 4.428312 -0.838309
v -0.295146 4.311377 -0.741973
v -0.236900 4.440612 -0.741084
v -0.323010 4.311523 -0.823785
v -0.514646 4.543768 -0.797255
v -0.236900 4.440612 -0.741084
v -0.486337 4.550734 -0.711293
v -0.267135 4.428312 -0.838309
v -0.572447 4.427867 -0.778433
v -0.486337 4.550734 -0.711293
v -0.542953 4.428610 -0.693953
v -0.514646 4.543768 -0.797255
v -0.380960 4.181099 -0.840533
v -0.721101 4.112031 -0.780212
v -0.462475 3.991538 -0.846609
v -0.637066 4.301593 -0.792661
v -0.462475 3.991538 -0.846609
v -0.699611 4.117517 -0.690989
v -0.441577 3.991243 -0.753385
v -0.721101 4.112031 -0.780212
v -0.380960 4.181099 -0.840533
v -0.441577 3.991243 -0.753385
v -0.354134 4.180654 -0.750569
v -0.462475 3.991538 -0.846609
v -0.637066 4.301593 -0.792661
v -0.354134 4.180654 -0.750569
v -0.608610 4.306633 -0.709515
v -0.380960 4.181099 -0.840533
v -0.721101 4.112031 -0.780212
v -0.608610 4.306633 -0.709515
v -0.699611 4.117517 -0.690989
v -0.637066 4.301593 -0.792661
v -0.608610 4.306633 -0.709515
v -0.295146 4.311377 -0.741973
v -0.542953 4.428610 -0.693953
v -0.295146 4.311377 -0.741973
v -0.608610 4.306633 -0.709515
v -0.354134 4.180654 -0.750569
v -0.190511 4.550142 -0.745233
v -0.486337 4.550734 -0.711293
v -0.236900 4.440612 -0.741084
v -0.486337 4.550734 -0.711293
v -0.190511 4.550142 -0.745233
v -0.442764 4.672563 -0.730116
v 0.008238 5.001590 -0.835492
v -0.303892 4.991361 -0.810889
v -0.048971 4.878278 -0.818448
v -0.245646 5.113190 -0.823043
v -0.048971 4.878278 -0.818448
v -0.290108 4.990919 -0.723446
v -0.035780 4.877390 -0.734858
v -0.303892 4.991361 -0.810889
v 0.008238 5.001590 -0.835492
v -0.035780 4.877390 -0.734858
v 0.023059 5.010928 -0.739007
v -0.048971 4.878278 -0.818448
v -0.245646 5.113190 -0.823043
v 0.023059 5.010928 -0.739007
v -0.231269 5.118525 -0.736340
v 0.008238 5.001590 -0.835492
v -0.303892 4.991361 -0.810889
v -0.231269 5.118525 -0.736340
v -0.290108 4.990919 -0.723446
v -0.245646 5.113190 -0.823043
v -0.112849 4.759711 -0.848683
v -0.448692 4.674046 -0.827193
v -0.193030 4.558589 -0.851647
v -0.366733 4.873089 -0.815929
v -0.193030 4.558589 -0.851647
v -0.442764 4.672563 -0.730116
v -0.190511 4.550142 -0.745233
v -0.448692 4.674046 -0.827193
v -0.112849 4.759711 -0.848683
v -0.190511 4.550142 -0.745233
v -0.096546 4.751705 -0.752791
v -0.193030 4.558589 -0.851647
v -0.366733 4.873089 -0.815929
v -0.096546 4.751705 -0.752791
v -0.347465 4.872051 -0.728040
v -0.112849 4.759711 -0.848683
v -0.448692 4.674046 -0.827193
v -0.347465 4.872051 -0.728040
v -0.442764 4.672563 -0.730116
v -0.366733 4.873089 -0.815929
v -0.347465 4.872051 -0.728040
v -0.035780 4.877390 -0.734858
v -0.290108 4.990919 -0.723446
v -0.035780 4.877390 -0.734858
v -0.347465 4.872051 -0.728040
v -0.096546 4.751705 -0.752791
v 0.086196 5.138387 -0.725965
v -0.231269 5.118525 -0.736340
v 0.023059 5.010928 -0.739007
v -0.231269 5.118525 -0.736340
v 0.086196 5.138387 -0.725965
v -0.170355 5.258585 -0.740193
v 0.297394 5.608658 -0.786285
v -0.014439 5.600059 -0.802292
v 0.241223 5.486236 -0.785841
v 0.043362 5.720851 -0.793696
v 0.241223 5.486236 -0.785841
v -0.015773 5.586720 -0.712032
v 0.240630 5.473192 -0.700916
v -0.014439 5.600059 -0.802292
v 0.297394 5.608658 -0.786285
v 0.240630 5.473192 -0.700916
v 0.297839 5.603617 -0.687726
v 0.241223 5.486236 -0.785841
v 0.043362 5.720851 -0.793696
v 0.297839 5.603617 -0.687726
v 0.043955 5.712701 -0.703140
v 0.297394 5.608658 -0.786285
v -0.014439 5.600059 -0.802292
v 0.043955 5.712701 -0.703140
v -0.015773 5.586720 -0.712032
v 0.043362 5.720851 -0.793696
v 0.185644 5.342916 -0.815928
v -0.171837 5.257993 -0.836974
v 0.089160 5.144759 -0.830304
v -0.074167 5.455554 -0.822004
v 0.089160 5.144759 -0.830304
v -0.170355 5.258585 -0.740193
v 0.086196 5.138387 -0.725965
v -0.171837 5.257993 -0.836974
v 0.185644 5.342916 -0.815928
v 0.086196 5.138387 -0.725965
v 0.185941 5.337581 -0.718998
v 0.089160 5.144759 -0.830304
v -0.074167 5.455554 -0.822004
v 0.185941 5.337581 -0.718998
v -0.069425 5.457184 -0.732486
v 0.185644 5.342916 -0.815928
v -0.171837 5.257993 -0.836974
v -0.069425 5.457184 -0.732486
v -0.170355 5.258585 -0.740193
v -0.074167 5.455554 -0.822004
v -0.069425 5.457184 -0.732486
v 0.240630 5.473192 -0.700916
v -0.015773 5.586720 -0.712032
v 0.185941 5.337581 -0.718998
v 0.347192 5.727966 -0.660306
v 0.043955 5.712701 -0.703140
v 0.297839 5.603617 -0.687726
v 0.088714 5.835862 -0.681352
v 0.565653 6.149325 -0.600577
v 0.247891 6.158515 -0.669051
v 0.505035 6.033721 -0.656601
v 0.307619 6.269377 -0.613175
v 0.505035 6.033721 -0.656601
v 0.232477 6.128871 -0.587090
v 0.490510 6.004673 -0.578642
v 0.247891 6.158515 -0.669051
v 0.565653 6.149325 -0.600577
v 0.490510 6.004673 -0.578642
v 0.546385 6.125020 -0.504686
v 0.505035 6.033721 -0.656601
v 0.307619 6.269377 -0.613175
v 0.546385 6.125020 -0.504686
v 0.291761 6.245366 -0.529288
v 0.565653 6.149325 -0.600577
v 0.247891 6.158515 -0.669051
v 0.291761 6.245366 -0.529288
v 0.232477 6.128871 -0.587090
v 0.307619 6.269377 -0.613175
v 0.443676 5.938423 -0.723592
v 0.102053 5.851127 -0.779319
v 0.362903 5.739377 -0.759607
v 0.184161 6.048544 -0.717812
v 0.362903 5.739377 -0.759607
v 0.088714 5.835862 -0.681352
v 0.347192 5.727966 -0.660306
v 0.102053 5.851127 -0.779319
v 0.443676 5.938423 -0.723592
v 0.347192 5.727966 -0.660306
v 0.442787 5.918268 -0.631405
v 0.362903 5.739377 -0.759607
v 0.184161 6.048544 -0.717812
v 0.442787 5.918268 -0.631405
v 0.184013 6.029276 -0.629034
v 0.443676 5.938423 -0.723592
v 0.102053 5.851127 -0.779319
v 0.184013 6.029276 -0.629034
v 0.088714 5.835862 -0.681352
v 0.184161 6.048544 -0.717812
v 0.184013 6.029276 -0.629034
v 0.490510 6.004673 -0.578642
v 0.232477 6.128871 -0.587090
v 0.490510 6.004673 -0.578642
v 0.184013 6.029276 -0.629034
v 0.442787 5.918268 -0.631405
v 0.572767 6.184154 -0.438139
v 0.291761 6.245366 -0.529288
v 0.546385 6.125020 -0.504686
v 0.329702 6.331326 -0.437102
v 0.694002 6.348519 -0.313198
v 0.372090 6.395205 -0.497720
v 0.620490 6.257964 -0.495200
v 0.451975 6.492284 -0.330687
v 0.620490 6.257964 -0.495200
v 0.329702 6.331326 -0.437102
v 0.572767 6.184154 -0.438139
v 0.372090 6.395205 -0.497720
v 0.694002 6.348519 -0.313198
v 0.572767 6.184154 -0.438139
v 0.654578 6.281379 -0.255100
v 0.620490 6.257964 -0.495200
v 0.451975 6.492284 -0.330687
v 0.654578 6.281379 -0.255100
v 0.418924 6.433890 -0.270217
v 0.694002 6.348519 -0.313198
v 0.372090 6.395205 -0.497720
v 0.418924 6.433890 -0.270217
v 0.329702 6.331326 -0.437102
v 0.451975 6.492284 -0.330687
v -0.750891 3.673924 -0.640747
v -0.789573 3.904389 -0.641636
v -0.804691 3.717201 -0.624444
v -0.589046 3.767890 -0.684024
v -0.699611 4.117517 -0.690989
v -0.441577 3.991243 -0.753385
v -0.771640 3.664737 -0.633336
v -0.814917 3.694377 -0.619108
v -0.768527 3.628720 -0.632299
v -0.752373 3.611677 -0.636597
v -0.807655 3.619680 -0.620591
v -0.752373 3.611677 -0.636597
v -0.806765 3.595816 -0.620146
v -0.865605 3.700010 -0.605325
v -0.814917 3.694377 -0.619108
v -0.804691 3.717201 -0.624444
v -0.846189 3.684002 -0.609475
v -0.868717 3.638205 -0.601027
v -0.845004 3.644876 -0.607696
v -0.845004 3.644876 -0.607696
v -0.806765 3.595816 -0.620146
v -0.807655 3.619680 -0.620591
v -0.806765 3.595816 -0.620146
v -0.845004 3.644876 -0.607696
v -0.868717 3.638205 -0.601027
v -0.918812 3.497850 -0.596136
v -0.806765 3.595816 -0.620146
v -0.918812 3.497850 -0.596136
v -0.823365 3.493553 -0.597322
v -1.167064 3.024022 0.484016
v -1.101555 2.564276 0.559602
v -1.218047 2.662094 0.471565
v -1.048496 3.017649 0.572645
v -1.270217 2.512847 0.274298
v -1.345952 2.616150 -0.044649
v -1.333502 2.449265 -0.044650
v -1.119636 2.415622 0.315056
v -0.958977 2.555383 0.555452
v -0.902361 3.011277 0.569237
v -0.918813 3.497849 0.506693
v -0.823366 3.493551 0.507879
v -1.182921 2.352040 -0.044650
v -0.993509 2.407174 0.355665
v -1.056794 2.343592 -0.044649
v -1.057685 3.450571 -0.044648
v -0.981061 3.465983 0.441332
v -1.099036 3.418855 -0.044648
v -1.309048 2.976448 -0.044649
v -0.972316 3.446273 -0.044648
v -0.993508 2.407175 -0.445112
v -1.119635 2.415623 -0.404503
v -0.981060 3.465984 -0.530627
v -0.918812 3.497850 -0.596136
v -1.167063 3.024024 -0.573461
v -1.218936 2.660613 -0.559234
v -1.101553 2.564277 -0.649049
v -1.048495 3.017651 -0.661942
v -0.902360 3.011278 -0.658681
v -0.823365 3.493553 -0.597322
v -1.270216 2.512847 -0.363745
v -0.958975 2.555385 -0.644898
v -0.902361 3.011277 0.569237
v -0.972316 3.446273 -0.044648
v -1.045235 2.963850 -0.044649
v -0.823366 3.493551 0.507879
v -0.993509 2.407174 0.355665
v -1.056794 2.343592 -0.044649
v -0.958977 2.555383 0.555452
v -0.902360 3.011278 -0.658681
v -0.823365 3.493553 -0.597322
v -0.993508 2.407175 -0.445112
v -0.958975 2.555385 -0.644898
v -0.647442 4.078683 0.606884
v -0.311303 4.153528 0.742496
v -0.556294 4.273875 0.671355
v -0.401117 3.957892 0.678469
v 1.632472 2.691741 -0.202341
v 1.552438 2.932434 -0.161880
v 1.618985 2.707748 -0.148096
v 1.573780 2.920874 -0.274519
v 1.665375 2.678995 -0.236874
v 1.642698 2.881450 -0.338694
v 1.761118 2.854476 -0.400201
v 1.707614 2.774147 -0.329653
v 1.769714 2.651280 -0.286821
v 1.736071 2.652466 -0.272296
v 1.803210 2.652318 -0.273334
v 1.819957 2.763920 -0.326689
v 1.836408 2.815201 -0.359295
v 1.866643 2.670400 -0.275112
v 1.485595 2.968300 -0.116676
v 1.553179 2.658394 -0.066137
v 1.510198 2.949922 0.026643
v 1.776977 2.477430 -0.189595
v 1.665375 2.678995 -0.236874
v 1.552438 2.932434 -0.161880
v 1.642698 2.881450 -0.338694
v 1.618985 2.707748 -0.148096
v 1.688199 2.473873 -0.133720
v 1.706131 3.101245 -0.333951
v 1.521462 3.132814 -0.121715
v 1.500416 3.141558 -0.027453
v 1.510198 2.949922 0.026643
v 1.515089 3.002092 0.143729
v 1.502787 3.167643 0.031090
v 1.553179 2.658394 -0.066137
v 1.644624 3.368762 -0.334247
v 1.490634 3.333193 -0.081550
v 1.866197 3.328451 -0.164398
v 1.953642 3.109990 -0.156395
v 1.581191 2.750432 0.125795
v 1.470329 3.433976 0.208349
v 1.434462 3.684597 0.105047
v 1.961496 3.360020 0.062511
v 2.006701 3.174906 0.107270
v 1.769268 3.467470 0.274303
v 1.625504 3.632873 0.210721
v 1.645364 3.510749 0.285715
v 1.525314 3.582334 0.216945
v 1.498340 3.705642 0.159292
v 1.602235 3.706681 -0.075769
v 1.487669 3.657179 0.211610
v 1.912883 3.301920 0.338033
v 2.039455 2.997498 0.172927
v 2.064206 2.981936 0.131132
v 2.031155 2.855810 0.274895
v 1.642104 3.501857 0.346036
v 1.685233 3.298806 0.355966
v 1.554808 3.446722 0.280083
v 1.682566 3.086868 0.356114
v 2.051609 2.735316 0.140469
v 2.060353 2.838766 -0.064654
v 2.049682 2.663878 0.042502
v 2.008035 2.488398 0.177669
v 2.021818 2.944144 -0.232131
v 2.061984 2.661804 -0.035160
v 2.042717 2.714566 -0.118899
v 2.032935 2.484396 0.022345
v 1.892728 2.785707 -0.328616
v 1.984322 2.727608 -0.198636
v 1.919851 2.648465 -0.246952
v 1.913330 2.510777 -0.141131
v 1.819957 2.763920 -0.326689
v 1.707614 2.774147 -0.329653
v 1.866643 2.670400 -0.275112
v 1.803210 2.652318 -0.273334
v 1.736071 2.652466 -0.272296
v 1.776977 2.477430 -0.189595
v 0.971608 0.309713 -0.073403
v 0.997248 0.497346 -0.161291
v 0.991765 0.305267 -0.143802
v 0.947746 0.502978 -0.028495
v 1.030448 0.130083 -0.130315
v 1.688199 2.473873 -0.133720
v -1.853274 2.691736 -0.202345
v -1.773241 2.932429 -0.161883
v -1.794731 2.920868 -0.274523
v -1.839787 2.707742 -0.148100
v -1.886176 2.678990 -0.236878
v -1.863649 2.881444 -0.338698
v -1.982068 2.854470 -0.400205
v -1.928416 2.774141 -0.329657
v -1.990516 2.651274 -0.286825
v -1.956872 2.652460 -0.272300
v -2.024011 2.652312 -0.273338
v -2.040759 2.763914 -0.326693
v -2.057359 2.815195 -0.359299
v -2.087593 2.670393 -0.275116
v -2.113678 2.785701 -0.328620
v -2.195638 2.855063 -0.314540
v -2.140801 2.648458 -0.246957
v -2.181706 2.683139 -0.239842
v -2.205272 2.727602 -0.198640
v -2.242621 2.944137 -0.232135
v -2.134131 2.510771 -0.141135
v -2.289159 2.915235 -0.153139
v -2.263667 2.714559 -0.118903
v -2.286936 2.700035 -0.079331
v -2.282934 2.661797 -0.035165
v -2.281156 2.838759 -0.064658
v -2.253736 2.484389 0.022340
v -2.301164 2.940876 0.028418
v -2.280563 2.714855 0.089035
v -2.285158 2.981929 0.131127
v -2.272412 2.735309 0.140464
v -2.270484 2.663871 0.042497
v -2.228986 2.488391 0.177664
v -2.260259 2.997491 0.172922
v -2.223058 3.117097 0.256364
v -2.252107 2.855803 0.274890
v -1.886176 2.678990 -0.236878
v -1.839787 2.707742 -0.148100
v -1.909148 2.473867 -0.133724
v -1.773241 2.932429 -0.161883
v -1.863649 2.881444 -0.338698
v -1.927083 3.101240 -0.333955
v -1.742414 3.132808 -0.121718
v -1.721220 3.141552 -0.027457
v -1.731001 2.949917 0.026640
v -1.735892 3.002087 0.143725
v -1.723740 3.167638 0.031086
v -1.774130 2.658388 -0.066140
v -1.865428 3.368757 -0.334251
v -1.711438 3.333188 -0.081553
v -2.087002 3.328445 -0.164403
v -2.174445 3.109983 -0.156400
v -1.801994 2.750427 0.125792
v -1.691282 3.433971 0.208346
v -1.655416 3.684592 0.105044
v -2.182301 3.360013 0.062507
v -2.227504 3.174899 0.107265
v -1.990073 3.467464 0.274299
v -1.846458 3.632867 0.210717
v -1.866318 3.510743 0.285711
v -1.746120 3.582329 0.216942
v -1.719294 3.705637 0.159288
v -1.823041 3.706675 -0.075772
v -1.708475 3.657173 0.211606
v -2.133688 3.301913 0.338028
v -2.260259 2.997491 0.172922
v -2.285158 2.981929 0.131127
v -2.252107 2.855803 0.274890
v -1.862909 3.501851 0.346032
v -1.906038 3.298801 0.355962
v -1.775614 3.446716 0.280079
v -1.903370 3.086863 0.356110
v -2.281156 2.838759 -0.064658
v -2.272412 2.735309 0.140464
v -2.270484 2.663871 0.042497
v -2.228986 2.488391 0.177664
v -2.242621 2.944137 -0.232135
v -2.282934 2.661797 -0.035165
v -2.263667 2.714559 -0.118903
v -2.253736 2.484389 0.022340
v -2.113678 2.785701 -0.328620
v -2.205272 2.727602 -0.198640
v -2.140801 2.648458 -0.246957
v -2.134131 2.510771 -0.141135
v -2.040759 2.763914 -0.326693
v -1.928416 2.774141 -0.329657
v -2.087593 2.670393 -0.275116
v -2.024011 2.652312 -0.273338
v -1.956872 2.652460 -0.272300
v -1.997778 2.477424 -0.189599
v -1.706398 2.968295 -0.116679
v -1.774130 2.658388 -0.066140
v -1.731001 2.949917 0.026640
v -1.997778 2.477424 -0.189599
v -1.909148 2.473867 -0.133724
v 1.888725 3.209734 0.269263
v 1.724212 3.475473 0.276526
v 1.806024 3.234634 0.371380
v 1.868568 3.417674 0.156624
v 1.722137 3.432197 0.005598
v 1.628172 3.492816 0.297423
v 1.813583 3.040479 0.402948
v 1.848413 2.998535 0.338181
v 1.735477 3.298807 -0.183814
v 1.406154 3.612718 -0.016189
v 1.462918 3.572849 -0.216272
v 1.490189 3.583667 -0.235836
v 1.805728 3.093390 -0.125864
v 1.908586 3.184835 0.205533
v 1.854934 3.013356 0.243623
v 1.776976 2.945032 0.003374
v 1.907104 2.999129 0.234878
v 1.835222 2.940882 0.006635
v 1.452395 3.392625 0.289271
v 1.629951 3.368021 0.378494
v 1.490634 3.328895 0.359078
v 1.626542 3.213142 0.452450
v 1.562367 3.180388 0.453932
v 1.868568 3.417674 0.156624
v 1.952603 3.351572 0.128909
v 1.908586 3.184835 0.205533
v 1.928297 3.436939 0.127872
v 1.986099 3.158306 0.168036
v 1.907104 2.999129 0.234878
v 1.854934 3.013356 0.243623
v 1.844410 3.489108 0.244068
v 1.868865 3.434419 0.259630
v 1.724212 3.475473 0.276526
v 1.476553 3.744772 0.137653
v 1.637509 3.819469 0.061474
v 1.700794 3.790422 -0.136831
v 1.841299 3.316891 -0.195078
v 1.616908 3.675263 -0.256881
v 1.735477 3.298807 -0.183814
v 1.858194 3.245750 -0.168845
v 1.490189 3.583667 -0.235836
v 1.905325 3.074123 -0.116082
v 1.835222 2.940882 0.006635
v 1.776976 2.945032 0.003374
v 1.805728 3.093390 -0.125864
v 1.806024 3.234634 0.371380
v 1.929631 3.229595 0.350334
v 1.852859 3.048334 0.410952
v 1.813583 3.040479 0.402948
v 1.888429 3.001500 0.354039
v 1.888725 3.209734 0.269263
v 1.848413 2.998535 0.338181
v 1.628172 3.492816 0.297423
v 1.498637 3.503041 0.344406
v 1.406154 3.612718 -0.016189
v 1.452395 3.392625 0.289271
v 1.517755 3.423454 0.395686
v 1.490634 3.328895 0.359078
v 1.556142 3.203212 0.482537
v 1.562367 3.180388 0.453932
v 1.613944 3.237597 0.480017
v 1.629951 3.368021 0.378494
v 1.626542 3.213142 0.452450
v -2.109530 3.209728 0.269259
v -1.945165 3.475467 0.276522
v -2.089373 3.417668 0.156620
v -2.026977 3.234627 0.371376
v -1.942942 3.432191 0.005594
v -1.848978 3.492811 0.297419
v -2.034387 3.040473 0.402944
v -2.069365 2.998529 0.338176
v -1.956281 3.298801 -0.183818
v -1.627107 3.612713 -0.016192
v -1.683723 3.572844 -0.216275
v -1.711142 3.583662 -0.235839
v -2.026680 3.093384 -0.125868
v -2.129538 3.184829 0.205529
v -2.075886 3.013350 0.243618
v -1.997927 2.945026 0.003370
v -2.127907 2.999122 0.234874
v -2.056173 2.940876 0.006631
v -1.673201 3.392620 0.289268
v -1.850756 3.368016 0.378490
v -1.711439 3.328890 0.359075
v -1.847495 3.213137 0.452447
v -1.783321 3.180382 0.453929
v -2.089373 3.417668 0.156620
v -2.129538 3.184829 0.205529
v -2.173408 3.351565 0.128904
v -2.149250 3.436933 0.127867
v -2.206903 3.158299 0.168032
v -2.127907 2.999122 0.234874
v -2.075886 3.013350 0.243618
v -2.065363 3.489102 0.244064
v -2.089818 3.434413 0.259626
v -1.945165 3.475467 0.276522
v -1.697359 3.744766 0.137650
v -1.858315 3.819464 0.061470
v -1.921749 3.790416 -0.136835
v -2.062102 3.316885 -0.195082
v -1.837862 3.675257 -0.256885
v -1.956281 3.298801 -0.183818
v -2.078998 3.245744 -0.168849
v -1.711142 3.583662 -0.235839
v -2.126277 3.074116 -0.116087
v -2.056173 2.940876 0.006631
v -1.997927 2.945026 0.003370
v -2.026680 3.093384 -0.125868
v -2.026977 3.234627 0.371376
v -2.150436 3.229588 0.350330
v -2.073663 3.048327 0.410947
v -2.034387 3.040473 0.402944
v -2.109381 3.001493 0.354035
v -2.109530 3.209728 0.269259
v -2.069365 2.998529 0.338176
v -1.719442 3.503036 0.344402
v -1.848978 3.492811 0.297419
v -1.627107 3.612713 -0.016192
v -1.673201 3.392620 0.289268
v -1.738561 3.423448 0.395683
v -1.711439 3.328890 0.359075
v -1.776947 3.203207 0.482533
v -1.783321 3.180382 0.453929
v -1.834749 3.237592 0.480014
v -1.850756 3.368016 0.378490
v -1.847495 3.213137 0.452447
v 0.002453 6.884739 0.576209
v 0.025426 6.861917 0.563166
v -0.000511 6.865029 0.570132
v 0.030465 6.882370 0.568650
v 0.040099 6.861174 0.547456
v 0.008530 6.902673 0.575171
v -0.011923 6.892892 0.567613
v -0.022594 6.879110 0.554718
v 0.034170 6.893040 0.564945
v 0.050918 6.876144 0.535599
v 0.047509 6.867696 0.538712
v -0.003623 6.846206 0.555015
v 0.021572 6.844278 0.551161
v 0.049880 6.861766 0.522705
v 0.054475 6.876292 0.518555
v 0.037283 6.905192 0.553977
v 0.010012 6.914233 0.565538
v 0.038024 6.845912 0.542565
v -0.028967 6.877035 0.544047
v -0.020668 6.900152 0.554867
v -0.223418 6.884739 0.576209
v -0.246391 6.861916 0.563166
v -0.251430 6.882369 0.568650
v -0.220306 6.865029 0.570132
v -0.261064 6.861173 0.547456
v -0.229495 6.902672 0.575171
v -0.209042 6.892892 0.567612
v -0.198371 6.879109 0.554718
v -0.254987 6.893040 0.564945
v -0.271735 6.876144 0.535599
v -0.268474 6.867696 0.538711
v -0.217342 6.846206 0.555015
v -0.242537 6.844277 0.551161
v -0.270697 6.861765 0.522705
v -0.275292 6.876292 0.518555
v -0.258248 6.905192 0.553977
v -0.230977 6.914232 0.565538
v -0.258989 6.845911 0.542565
v -0.191998 6.877035 0.544047
v -0.200149 6.900152 0.554866
v 0.354897 6.667467 -0.057240
v 0.420850 6.861027 -0.004773
v 0.402324 6.813896 0.051843
v 0.381278 6.948323 0.154108
v 0.397433 7.000643 0.069184
v 0.358009 7.068077 0.248369
v 0.348523 7.088085 0.126096
vn 0.9987 -0.0000 -0.0509
vn 0.9991 -0.0000 -0.0431
vn 0.8491 -0.0000 -0.5282
vn 0.8745 -0.1322 -0.4667
vn 0.3804 -0.4707 -0.7961
vn 0.9451 -0.3268 -0.0039
vn 0.5765 -0.0935 -0.8118
vn 0.8274 0.0295 -0.5608
vn 0.4745 -0.1541 -0.8667
vn 0.3882 -0.2069 -0.8980
vn 0.2863 -0.0998 -0.9529
vn 0.4588 0.1573 -0.8745
vn 0.3176 0.2534 -0.9137
vn 0.4980 0.6107 -0.6157
vn 0.3491 0.6296 -0.6941
vn 0.4902 0.8716 -0.0041
vn 0.4274 0.8947 0.1294
vn 0.1529 -0.0880 -0.9843
vn 0.1294 0.2122 -0.9686
vn -0.0039 0.2156 -0.9765
vn 0.0039 -0.0000 -1.0000
vn 0.2941 -0.0736 -0.9529
vn 0.2078 0.0577 -0.9765
vn 0.2856 -0.0000 -0.9584
vn 0.0039 -0.1250 -0.9922
vn 0.1447 -0.0000 -0.9895
vn 0.1765 -0.0012 -0.9843
vn 0.6470 0.0921 -0.7569
vn 0.1372 0.1109 -0.9843
vn 0.3490 0.2081 -0.9137
vn 0.0353 -0.2460 -0.9686
vn 0.0039 -0.2485 -0.9686
vn 0.0196 -0.2148 -0.9765
vn 0.3412 -0.3019 -0.8902
vn 0.5999 -0.4112 -0.6863
vn -0.0039 -0.1250 -0.9922
vn -0.2706 -0.0608 -0.9608
vn 0.2549 -0.1642 -0.9529
vn -0.2471 -0.0271 -0.9686
vn -0.2392 -0.0675 -0.9686
vn -0.1686 -0.0520 -0.9843
vn 0.6549 -0.2989 -0.6941
vn 0.7725 -0.1200 -0.6235
vn 0.8823 0.0609 -0.4667
vn 0.8902 0.1345 -0.4353
vn 0.9994 -0.0000 -0.0353
vn 1.0000 -0.0039 0.0039
vn 0.9921 0.0942 -0.0823
vn 0.8902 0.1775 -0.4196
vn 0.9843 0.1468 -0.0980
vn 0.9216 0.0777 0.3804
vn 0.9843 0.1200 0.1294
vn 0.9059 -0.0993 0.4118
vn 0.6392 -0.0816 0.7647
vn 0.6706 0.0317 0.7412
vn 0.3569 -0.0942 0.9294
vn 0.3788 -0.0000 0.9255
vn 0.9372 0.0720 0.3412
vn 0.9294 -0.0567 0.3647
vn 0.6392 -0.2052 0.7411
vn 0.5451 0.0720 0.8353
vn 0.2549 0.1093 0.9608
vn 0.4902 0.1886 0.8510
vn 0.4510 0.3534 0.8196
vn 0.2784 0.3192 0.9059
vn 0.4980 0.6335 0.5921
vn 0.4118 0.7303 0.5451
vn 0.4745 0.1005 0.8745
vn 0.6706 0.3001 0.6784
vn 0.6941 0.5414 0.4745
vn 0.9529 0.1201 0.2784
vn 0.7098 0.2784 0.6471
vn 0.5843 0.8111 0.0274
vn 0.8980 0.4360 -0.0588
vn 0.9608 0.1093 0.2549
vn 0.4902 0.4587 0.7412
vn 0.9686 0.2072 -0.1373
vn 0.9137 0.1944 0.3569
vn 0.9294 0.3631 -0.0667
vn 0.9510 -0.0000 0.3092
vn 0.9608 0.2594 -0.0980
vn 0.8196 0.2191 -0.5294
vn 0.7333 0.3727 -0.5686
vn 0.4980 0.1200 -0.8588
vn 0.4274 0.1041 -0.8980
vn 0.6392 0.5990 -0.4824
vn 0.5451 0.2097 -0.8117
vn 0.9294 -0.0942 0.3569
vn 0.9345 -0.0000 0.3558
vn 0.8117 -0.0001 0.5841
vn 0.8039 -0.0556 0.5922
vn 0.9764 0.0578 -0.2079
vn 0.8039 0.1109 -0.5843
vn 0.4980 0.2594 -0.8274
vn 0.9608 0.2000 -0.1921
vn 0.7647 0.2717 -0.5843
vn 0.4353 0.3725 -0.8196
vn 0.8588 0.0809 0.5059
vn 0.3961 0.6273 -0.6706
vn 0.6863 0.5707 -0.4510
vn 0.3881 0.8760 -0.2863
vn 0.6863 0.7265 -0.0353
vn 0.8667 0.4723 -0.1608
vn 0.8666 0.4696 0.1686
vn 0.9215 0.3280 0.2078
vn 0.9529 0.3001 0.0431
vn 0.3883 0.9060 0.1686
vn 0.6549 0.6337 0.4118
vn 0.0039 0.3032 -0.9529
vn -0.0039 0.2773 -0.9608
vn 0.3097 0.1043 -0.9451
vn 0.0039 0.9371 -0.3490
vn 0.0039 0.9710 0.2392
vn 0.3647 0.7433 0.5608
vn 0.3961 0.4437 0.8039
vn 0.6784 0.3479 0.6471
vn 0.8353 0.2639 0.4823
vn 0.0038 0.7755 0.6313
vn 0.7098 0.2157 0.6706
vn 0.4196 0.3159 0.8510
vn 0.5294 0.2466 0.8117
vn 0.4425 -0.0000 0.8968
vn 0.3020 0.1250 0.9451
vn 0.0039 0.3268 0.9451
vn -0.0039 0.1251 0.9921
vn 0.4980 -0.0297 0.8667
vn 0.7725 -0.0675 0.6314
vn 0.6078 -0.0962 0.7882
vn 0.6471 -0.3770 0.6626
vn 0.8807 -0.0000 0.4736
vn 0.7647 0.0816 0.6392
vn 0.8039 0.0556 0.5921
vn 0.6784 0.1159 0.7255
vn 0.5921 0.2973 0.7490
vn 0.5372 0.2786 0.7961
vn 0.4038 0.5022 0.7647
vn 0.7255 -0.1159 0.6784
vn 0.7176 0.2939 0.6314
vn 0.4431 0.4412 0.7804
vn 0.7412 0.3441 0.5764
vn 0.7725 0.1201 0.6235
vn 0.7412 0.4901 0.4588
vn 0.8745 0.4220 0.2392
vn 0.5451 0.6087 0.5765
vn 0.6706 0.5197 0.5294
vn 0.7412 0.3163 0.5922
vn 0.0039 0.4556 0.8902
vn -0.0039 0.6713 0.7412
vn 0.8353 0.4488 0.3176
vn 0.4352 0.5735 0.6941
vn 0.8118 -0.1332 0.5686
vn 0.4980 0.1668 0.8510
vn 0.5451 -0.5690 0.6157
vn 0.4588 -0.4389 0.7725
vn 0.0039 0.2157 0.9765
vn 0.0038 -0.4706 0.8824
vn 0.4823 -0.0510 0.8745
vn 0.4508 -0.3346 0.8275
vn 0.4039 0.4507 0.7961
vn 0.5765 0.4311 0.6941
vn 0.0039 0.4399 0.8980
vn 0.0039 -0.0039 1.0000
vn 0.0039 0.6799 0.7333
vn -0.4823 -0.0510 0.8745
vn -0.4039 0.4507 0.7961
vn -0.4508 -0.3347 0.8275
vn -0.5765 0.4312 0.6941
vn -0.7725 0.1200 0.6235
vn -0.5451 -0.5690 0.6157
vn -0.4588 -0.4389 0.7725
vn -0.4980 0.1668 0.8510
vn -0.8118 -0.1331 0.5686
vn -0.7412 0.3440 0.5764
vn -0.7176 0.2939 0.6314
vn -0.4431 0.4412 0.7804
vn -0.7412 0.4901 0.4588
vn -0.8745 0.4220 0.2392
vn -0.5450 0.6087 0.5766
vn -0.6706 0.5197 0.5294
vn -0.7412 0.3163 0.5921
vn -0.8353 0.4488 0.3176
vn -0.4353 0.5735 0.6940
vn -0.5373 0.2785 0.7961
vn -0.6784 0.1158 0.7255
vn -0.5922 0.2972 0.7490
vn -0.7647 0.0815 0.6392
vn -0.8039 0.0555 0.5921
vn -0.4038 0.5021 0.7647
vn -0.6706 0.0315 0.7412
vn -0.7412 -0.1071 0.6627
vn -0.8039 -0.0555 0.5921
vn -0.6471 -0.3770 0.6626
vn -0.8117 -0.0001 0.5841
vn -0.9372 0.0719 0.3412
vn -0.9371 -0.0000 0.3490
vn -0.9765 0.0576 -0.2078
vn -0.9608 0.2594 -0.0980
vn -0.9510 -0.0000 0.3092
vn -0.9294 0.3630 -0.0667
vn -0.8274 0.1872 -0.5294
vn -0.7333 0.3844 -0.5608
vn -0.9137 0.1943 0.3569
vn -0.9686 0.2072 -0.1373
vn -0.9608 0.1093 0.2549
vn -0.4980 0.1200 -0.8588
vn -0.4196 0.1322 -0.8980
vn -0.6157 0.6350 -0.4666
vn -0.5451 0.2097 -0.8117
vn -0.9529 0.2207 -0.2078
vn -1.0000 -0.0000 -0.0039
vn -0.8039 0.1109 -0.5843
vn -0.4980 0.2594 -0.8274
vn -0.7647 0.2718 -0.5843
vn -0.4353 0.3725 -0.8196
vn -0.8980 0.4360 -0.0588
vn -0.9529 0.1200 0.2784
vn -0.5843 0.8111 0.0273
vn -0.6941 0.5413 0.4745
vn -0.6706 0.3001 0.6784
vn -0.7098 0.2784 0.6470
vn -0.4980 0.4501 0.7412
vn -0.4902 0.8716 -0.0040
vn -0.4118 0.7303 0.5451
vn -0.4510 0.3534 0.8196
vn -0.4824 0.6526 0.5843
vn -0.2549 0.3165 0.9137
vn -0.2549 0.1093 0.9608
vn -0.4902 0.1886 0.8509
vn -0.5451 0.0720 0.8353
vn -0.6392 -0.2051 0.7411
vn -0.6458 -0.0000 0.7635
vn -0.9294 -0.0566 0.3647
vn -0.6703 0.0315 0.7414
vn -0.4824 0.0509 0.8745
vn -0.9216 0.0777 0.3804
vn -0.6392 -0.0816 0.7647
vn -0.3568 -0.0942 0.9294
vn -0.3788 -0.0000 0.9255
vn -0.3490 0.1200 0.9294
vn -0.6314 -0.0675 0.7725
vn -0.3412 -0.2208 0.9137
vn -0.5765 -0.0935 0.8118
vn -0.2157 -0.2131 0.9529
vn -0.1843 -0.1668 0.9686
vn 0.0039 -0.2157 0.9765
vn 0.0038 -0.1765 0.9843
vn 0.1843 -0.1668 0.9686
vn 0.3412 -0.2208 0.9137
vn 0.2157 -0.2131 0.9529
vn 0.5765 -0.0935 0.8118
vn 0.6314 -0.0676 0.7725
vn 0.9059 -0.0578 0.4196
vn -0.0039 -0.1250 0.9921
vn 0.2706 0.0609 0.9608
vn -0.0039 -0.0039 1.0000
vn 0.3490 -0.1201 0.9294
vn 0.4981 -0.2027 0.8431
vn 0.0745 -0.1600 0.9843
vn 0.3569 0.0942 0.9294
vn 0.0039 0.0039 1.0000
vn -0.0039 0.0039 1.0000
vn -0.3558 -0.0000 0.9345
vn -0.2306 -0.0000 0.9731
vn 0.3490 0.1200 0.9294
vn 0.4667 0.0609 0.8823
vn 0.5922 0.2009 0.7804
vn 0.5282 -0.0000 0.8491
vn 0.4588 0.2804 0.8431
vn 0.2863 0.4694 0.8353
vn 0.0039 0.3032 0.9529
vn 0.0039 0.5122 0.8588
vn 0.2863 0.4552 0.8431
vn 0.3882 0.0042 0.9216
vn 0.2863 0.2330 0.9294
vn 0.2235 0.3174 0.9216
vn 0.4823 0.3292 0.8118
vn 0.5608 -0.3990 0.7255
vn 0.0666 0.4507 0.8902
vn 0.0039 -0.7273 0.6863
vn 0.6000 -0.0793 0.7961
vn 0.3569 0.5582 0.7490
vn 0.3412 -0.7767 0.5294
vn 0.7176 -0.5097 0.4745
vn 0.7804 -0.2601 0.5686
vn 0.6314 -0.3612 0.6863
vn 0.7569 0.2402 0.6078
vn 0.8398 -0.0000 0.5429
vn 0.8902 -0.1059 0.4431
vn 0.8431 -0.0226 0.5372
vn 0.6941 0.0567 0.7176
vn 0.7412 0.2488 0.6235
vn 0.8510 -0.0619 0.5216
vn 0.5843 0.3637 0.7255
vn 0.5451 0.3767 0.7490
vn 0.6470 0.2087 0.7333
vn 0.6549 0.2369 0.7176
vn 0.7176 0.0567 0.6941
vn 0.4980 0.2027 0.8431
vn 0.7804 -0.0473 0.6235
vn 0.7412 -0.1476 0.6549
vn 0.3725 -0.3106 0.8745
vn 0.0039 -0.3883 0.9215
vn 0.0039 -0.8579 0.5137
vn -0.3412 -0.7767 0.5294
vn -0.5608 -0.3990 0.7255
vn -0.2000 0.3918 0.8980
vn -0.7176 -0.5098 0.4745
vn -0.7804 -0.2601 0.5686
vn -0.6392 -0.3622 0.6784
vn -0.6069 -0.0000 0.7948
vn -0.4824 0.3293 0.8117
vn -0.2863 0.2330 0.9294
vn -0.7569 0.2402 0.6078
vn -0.8242 -0.0000 0.5664
vn -0.8667 -0.0928 0.4902
vn -0.8039 -0.1743 0.5686
vn -0.3804 0.5315 0.7569
vn -0.3176 0.4631 0.8274
vn -0.8491 -0.0000 0.5282
vn -0.7176 0.2369 0.6549
vn -0.5765 0.3604 0.7333
vn -0.5373 0.3722 0.7569
vn -0.6470 0.2087 0.7333
vn -0.6549 0.2116 0.7255
vn -0.7098 0.0588 0.7020
vn -0.4588 0.2804 0.8431
vn -0.5282 -0.0000 0.8491
vn -0.5922 0.2009 0.7804
vn -0.4667 0.0608 0.8823
vn -0.2786 0.4599 0.8431
vn 0.4039 0.2108 0.8902
vn 0.5529 0.2701 0.7882
vn 0.5921 0.3164 0.7412
vn 0.6627 -0.0000 0.7489
vn 0.6784 0.0446 0.7333
vn 0.6861 0.0522 0.7256
vn 0.6863 0.0522 0.7255
vn 0.6627 0.1857 0.7255
vn 0.0353 0.2460 0.9686
vn 0.2627 0.2858 0.9216
vn -0.0039 0.2157 0.9765
vn 0.3490 -0.0000 0.9371
vn -0.0588 -0.1664 0.9843
vn 0.0118 0.2483 0.9686
vn 0.0039 0.4064 0.9137
vn -0.4903 -0.1886 0.8509
vn -0.3647 -0.0567 0.9294
vn -0.2474 0.3222 0.9138
vn -0.3804 0.0777 0.9216
vn 0.6000 0.0793 -0.7961
vn 0.5765 -0.0935 -0.8117
vn 0.3558 -0.0000 -0.9346
vn 0.5608 0.1982 -0.8039
vn 0.6235 0.1959 -0.7569
vn 0.6627 -0.0000 -0.7489
vn 0.6784 -0.1158 -0.7255
vn 0.1686 0.4974 -0.8510
vn 0.5293 0.5918 -0.6079
vn 0.5764 0.6354 -0.5138
vn 0.2549 0.4126 -0.8745
vn 0.7020 0.4072 -0.5843
vn -0.0039 0.4399 -0.8980
vn 0.0039 0.3268 -0.9451
vn -0.0039 -0.0000 -1.0000
vn 0.3020 -0.1251 -0.9451
vn 0.8588 0.3956 -0.3255
vn -0.2549 0.4126 -0.8745
vn -0.1765 0.4947 -0.8509
vn -0.0275 0.5491 -0.8353
vn -0.5608 0.5448 -0.6235
vn -0.5765 0.6354 -0.5137
vn -0.7098 0.3422 -0.6157
vn -0.3490 0.6209 -0.7019
vn -0.4981 0.6106 -0.6157
vn -0.3098 0.2630 -0.9137
vn -0.4588 0.1572 -0.8745
vn -0.2863 -0.0998 -0.9529
vn -0.3882 -0.2069 -0.8980
vn -0.4745 -0.1541 -0.8667
vn -0.3804 -0.4707 -0.7961
vn -0.8745 -0.1322 -0.4667
vn -0.9987 -0.0000 -0.0509
vn -0.8491 -0.0000 -0.5282
vn -0.9991 -0.0000 -0.0431
vn -0.9451 -0.3268 -0.0039
vn -0.5765 -0.0934 -0.8118
vn -0.8274 0.0293 -0.5608
vn -0.4275 0.8947 0.1294
vn -0.1529 -0.0880 -0.9843
vn -0.1294 0.2452 -0.9608
vn -0.2856 -0.0000 -0.9584
vn -0.2314 0.0908 -0.9686
vn -0.1841 -0.0000 -0.9829
vn -0.1447 -0.0000 -0.9895
vn -0.1686 0.0520 -0.9843
vn -0.6543 -0.0000 -0.7562
vn -0.6078 0.0960 -0.7882
vn -0.1059 0.0665 -0.9921
vn -0.7725 -0.1200 -0.6235
vn -0.0275 -0.2470 -0.9686
vn 0.0116 -0.2153 -0.9765
vn -0.3255 -0.2960 -0.8980
vn -0.6000 -0.4111 -0.6863
vn -0.6471 -0.2976 -0.7019
vn -0.8823 0.0607 -0.4667
vn 0.0274 -0.1220 -0.9922
vn 0.2706 -0.0608 -0.9608
vn -0.2235 -0.1641 -0.9608
vn 0.2471 -0.0272 -0.9686
vn 0.2392 -0.0675 -0.9686
vn 0.1686 -0.0521 -0.9843
vn -0.8902 0.1344 -0.4353
vn -0.9994 -0.0000 -0.0353
vn -0.9999 -0.0000 0.0118
vn -0.9921 0.0941 -0.0824
vn -0.8902 0.1774 -0.4196
vn -0.9843 0.1467 -0.0980
vn -0.9843 0.1109 0.1373
vn -0.9059 -0.0993 0.4118
vn -0.9059 -0.0577 0.4196
vn -0.8667 0.2929 0.4039
vn -0.8431 0.2376 0.4823
vn -0.8667 0.0928 0.4902
vn -0.8667 0.0294 0.4980
vn -0.8667 -0.1274 0.4823
vn 0.3098 0.2340 0.9216
vn 0.6393 0.5089 0.5765
vn 0.1215 -0.0297 0.9921
vn 0.7568 0.6531 0.0274
vn 0.4902 0.7842 0.3804
vn 0.6315 0.7753 -0.0118
vn 0.6078 0.4491 -0.6549
vn 0.4981 0.6106 -0.6157
vn 0.6392 -0.2051 0.7412
vn 0.3568 0.0942 -0.9294
vn 0.4588 0.1572 -0.8745
vn 0.1451 -0.3171 -0.9372
vn 0.6784 0.3170 -0.6627
vn 0.0824 -0.0941 -0.9921
vn 0.8510 0.5160 0.0980
vn 0.8667 0.3971 0.3020
vn 0.6863 0.2622 -0.6784
vn 0.3961 0.2252 -0.8902
vn 0.6079 0.2637 -0.7490
vn 0.4431 0.1972 -0.8745
vn -0.1293 -0.0000 -0.9916
vn 0.9451 0.3240 -0.0431
vn 0.8745 0.4838 0.0353
vn 0.3490 0.2678 -0.8980
vn -0.1370 -0.0000 -0.9906
vn 0.9529 0.3001 -0.0431
vn -0.8431 -0.2671 -0.4667
vn -0.8431 -0.2804 -0.4588
vn -0.0980 0.0776 -0.9922
vn -0.9451 -0.3163 0.0824
vn -0.9216 -0.3601 0.1451
vn -0.7255 -0.5059 -0.4667
vn -0.3882 -0.9206 -0.0431
vn -0.8588 -0.2823 -0.4274
vn -0.1529 -0.1521 -0.9765
vn -0.8823 -0.3399 -0.3255
vn -0.1922 -0.2345 -0.9529
vn 0.6314 0.1289 -0.7647
vn 0.5765 0.1463 -0.8039
vn 0.9608 0.2258 -0.1608
vn 0.9686 0.2371 -0.0745
vn -0.8118 -0.4848 -0.3255
vn -0.8902 -0.4548 -0.0276
vn -0.8980 -0.3789 0.2235
vn -0.8823 -0.4098 0.2314
vn -0.9608 -0.2739 -0.0431
vn -0.9294 -0.3198 0.1843
vn 0.5216 0.2627 -0.8118
vn 0.4118 0.1549 -0.8980
vn 0.9294 0.3102 -0.2000
vn 0.8745 0.4486 -0.1843
vn 0.8980 0.4306 -0.0902
vn 0.7412 0.2850 0.6078
vn 0.7177 0.3665 0.5921
vn 0.1137 -0.0522 0.9921
vn 0.2392 -0.0676 0.9686
vn 0.7569 0.2193 0.6157
vn -0.6310 -0.3456 0.6945
vn -0.6784 -0.3622 0.6392
vn 0.0431 -0.0000 0.9991
vn -0.6706 -0.2618 0.6941
vn 0.4356 -0.1345 0.8900
vn -0.2626 -0.6702 0.6941
vn 0.7725 0.2826 0.5686
vn 0.7333 0.3341 0.5921
vn -0.0039 0.1250 0.9921
vn -0.6941 -0.2407 0.6784
vn -0.9294 -0.3197 0.1843
vn -0.8274 -0.3642 0.4275
vn 0.9449 -0.3274 -0.0056
vn -0.3882 -0.9205 -0.0431
vn -0.9451 -0.3163 0.0823
vn -0.8745 -0.2563 0.4118
vn -0.0588 0.2415 0.9686
vn 0.3882 0.4057 0.8274
vn -0.7412 -0.2676 0.6157
vn -0.1843 0.2073 0.9608
vn -0.8039 -0.2191 0.5529
vn -0.8980 -0.3994 0.1843
vn 0.0588 0.3214 0.9451
vn 0.0118 0.2154 0.9765
vn 0.0040 0.2485 0.9686
vn 0.0039 0.2485 0.9686
vn 0.0039 0.2486 0.9686
vn -0.8745 -0.1322 0.4667
vn -0.1451 0.1596 0.9765
vn 0.7098 0.3560 0.6078
vn 0.7333 0.3605 0.5765
vn 0.9215 0.3418 -0.1842
vn 0.9530 0.2661 -0.1450
vn 0.4274 0.3458 0.8353
vn 0.6470 0.0922 -0.7569
vn -0.2157 -0.1743 -0.9608
vn 0.9372 0.2199 0.2706
vn 0.6235 0.1626 -0.7647
vn -0.1922 -0.1577 -0.9686
vn -0.8431 -0.4449 -0.3020
vn -0.8980 -0.3995 0.1843
vn -0.9686 -0.2371 0.0745
vn -0.8902 -0.3188 -0.3255
vn 0.6392 0.1363 -0.7569
vn -0.1999 -0.1476 -0.9686
vn -0.9996 -0.0000 -0.0274
vn -0.8823 -0.1788 -0.4353
vn 0.9137 0.3766 -0.1530
vn 0.7097 0.3815 0.5922
vn -0.2235 0.1642 0.9608
vn -0.9216 -0.2928 0.2549
vn -0.9137 0.0908 0.3961
vn 0.3568 0.1530 0.9216
vn -0.8353 -0.0719 0.5451
vn 0.2863 -0.2884 0.9137
vn -0.8980 -0.3044 0.3176
vn -0.9686 -0.2483 0.0117
vn 0.3020 -0.9397 0.1607
vn 0.1451 -0.8682 0.4745
vn -0.8980 -0.4205 0.1294
vn -0.7569 -0.4875 -0.4353
vn -0.5922 -0.0555 0.8039
vn 0.1843 -0.9794 0.0823
vn 0.9215 -0.1093 0.3726
vn 0.2855 -0.0000 0.9584
vn 0.7255 0.4202 0.5451
vn 0.0039 -0.3032 0.9529
vn 0.9137 0.2536 0.3176
vn 0.9529 0.2841 -0.1059
vn 0.9921 0.1143 0.0510
vn 0.9529 0.1642 -0.2549
vn 0.6549 0.1476 -0.7412
vn 0.7333 0.1121 -0.6706
vn 0.4736 -0.0000 -0.8807
vn -0.1921 -0.1578 -0.9686
vn -0.0588 -0.1103 -0.9922
vn -0.6078 -0.2850 -0.7412
vn -0.8196 -0.3984 -0.4118
vn -0.8432 -0.2805 -0.4587
vn -0.8353 -0.4645 -0.2941
vn -0.8902 -0.4131 -0.1921
vn -0.9686 -0.2483 0.0118
vn 0.0667 -0.8457 -0.5294
vn 0.5608 -0.0294 -0.8275
vn -0.6941 -0.4514 -0.5608
vn 0.7647 -0.3784 -0.5216
vn 0.5041 -0.0000 0.8637
vn 0.7961 -0.5289 -0.2941
vn -0.1921 -0.8716 0.4510
vn 0.9608 -0.0609 -0.2706
vn -0.4039 -0.4643 -0.7882
vn 0.9451 -0.1944 -0.2627
vn 0.2863 0.1991 0.9373
vn 0.1608 -0.5131 0.8431
vn -0.1137 -0.9006 0.4196
vn 0.9983 -0.0000 -0.0587
vn 0.9921 -0.1059 0.0667
vn 0.2392 -0.4530 0.8588
vn -0.0821 -0.0000 0.9966
vn -0.0353 -0.6340 -0.7725
vn -0.1921 -0.9079 0.3725
vn 0.0666 -0.9937 0.0902
vn 0.8980 0.1041 0.4274
vn 0.1137 -0.9747 0.1922
vn 0.0275 -0.1743 -0.9843
vn -0.0196 -0.0000 -0.9998
vn 0.7647 -0.0816 -0.6392
vn 0.7569 -0.0922 -0.6471
vn 0.9921 -0.0667 -0.1059
vn 0.9044 -0.0000 -0.4267
vn 0.3804 0.2210 -0.8980
vn 0.0196 0.2148 -0.9765
vn 0.8902 0.3544 -0.2863
vn 0.7948 -0.0000 -0.6069
vn -0.5137 -0.5448 -0.6627
vn -0.7882 -0.1675 -0.5922
vn -0.7568 -0.6493 0.0745
vn -0.9921 -0.1142 -0.0510
vn -0.7301 -0.0000 -0.6833
vn -0.4431 -0.1058 -0.8902
vn -0.9921 -0.1174 -0.0431
vn 0.9282 -0.0000 0.3721
vn 0.9187 -0.0000 0.3949
vn 0.3882 -0.1201 0.9137
vn 0.4510 -0.0648 0.8902
vn 0.9059 0.0578 0.4196
vn 0.3176 0.0770 0.9451
vn 0.4117 -0.0000 0.9113
vn 0.8902 0.0648 0.4510
vn 0.0196 -0.0000 0.9998
vn -0.1841 -0.0000 0.9829
vn -0.3333 -0.1023 0.9372
vn -0.8667 -0.1959 0.4588
vn -0.8823 -0.1345 0.4510
vn -0.3176 -0.0769 0.9451
vn -0.9921 -0.1174 -0.0432
vn -0.9922 -0.0866 -0.0902
vn -0.8823 -0.1047 0.4588
vn -0.7569 -0.6493 0.0745
vn -0.3569 -0.0942 0.9294
vn 0.0510 -0.1143 0.9921
vn -0.8902 -0.1950 0.4118
vn -0.3647 -0.6696 0.6470
vn 0.5765 -0.0936 0.8118
vn -0.3412 -0.2510 0.9059
vn -0.3882 -0.2660 0.8823
vn -0.4667 -0.1322 0.8745
vn 0.4118 -0.1549 0.8980
vn 0.3961 -0.0909 0.9137
vn 0.9137 0.0909 0.3961
vn 0.4431 -0.1972 0.8745
vn -0.3176 -0.1879 0.9294
vn 0.9686 0.2346 0.0823
vn 0.9059 0.0992 -0.4118
vn 0.9137 0.1623 -0.3726
vn 0.0196 -0.0000 -0.9998
vn -0.8353 0.0719 -0.5451
vn -0.2235 0.3597 -0.9059
vn -0.7881 -0.0000 -0.6156
vn -0.9608 0.0608 0.2706
vn -0.9921 -0.0866 -0.0902
vn -0.7490 -0.1425 -0.6470
vn -0.8745 -0.0508 -0.4824
vn -0.9608 -0.1092 0.2549
vn -0.9608 -0.1093 0.2549
vn -0.8823 -0.0607 -0.4667
vn -0.2392 0.0675 -0.9686
vn 0.3098 0.1040 -0.9451
vn -0.9529 -0.1368 0.2706
vn -0.8745 0.1004 -0.4745
vn -0.9843 0.0520 0.1686
vn -0.9843 0.1600 0.0745
vn -0.8588 0.2571 -0.4431
vn -0.3726 0.3516 -0.8588
vn -0.0431 0.2113 -0.9765
vn 0.2941 0.3272 -0.8980
vn 0.4196 0.1322 -0.8980
vn -0.6785 0.6332 -0.3725
vn -0.3804 0.6112 -0.6941
vn -0.2314 0.7778 -0.5843
vn -0.5137 0.8167 -0.2628
vn -0.8823 0.4567 0.1137
vn -0.7333 0.6624 0.1529
vn 0.8274 0.2268 -0.5137
vn 0.8353 0.2639 -0.4823
vn 0.9608 0.2493 0.1215
vn 0.9608 0.2364 0.1451
vn 0.8666 0.2573 0.4274
vn 0.8353 0.3030 0.4588
vn 0.4510 0.0648 0.8902
vn 0.9671 -0.0000 0.2545
vn 0.8902 0.2832 0.3569
vn 0.9059 0.4080 0.1137
vn 0.7020 0.6164 -0.3569
vn 0.8824 0.4052 0.2391
vn 0.9686 -0.2073 0.1372
vn 0.7647 -0.5811 0.2785
vn 0.8745 0.4025 0.2706
vn 0.5922 0.4093 0.6941
vn 0.5372 -0.5592 0.6314
vn 0.4588 0.7136 0.5295
vn 0.0666 -0.5910 0.8039
vn 0.0588 0.4195 0.9059
vn -0.4745 0.6912 0.5451
vn -0.5216 0.5987 0.6078
vn 0.4902 0.6322 0.6000
vn 0.4274 0.5975 0.6784
vn -0.5295 0.5393 0.6548
vn 0.3960 0.3034 0.8667
vn -0.5137 0.2536 0.8196
vn -0.9294 0.2329 0.2863
vn -0.8746 0.3283 0.3569
vn -0.9294 -0.3485 0.1216
vn -0.6863 -0.6338 0.3568
vn -0.4039 -0.5469 0.7333
vn -0.5137 0.3890 0.7647
vn -0.8980 0.1743 0.4039
vn -0.8824 0.2541 0.3960
vn -0.8588 0.1931 0.4745
vn -0.3949 -0.0001 0.9187
vn -0.9529 -0.1367 0.2706
vn -0.3882 0.2069 0.8980
vn -0.4745 0.1931 0.8588
vn -0.4589 0.3612 0.8118
vn -0.4510 0.4187 0.7882
vn -0.3490 0.7508 0.5608
vn -0.0353 -0.0000 0.9994
vn -0.7647 0.1290 0.6314
vn -0.8039 -0.1744 0.5686
vn -0.7333 0.1517 0.6627
vn -0.6863 -0.1185 0.7176
vn -0.6784 -0.1158 0.7255
vn -0.6784 -0.1573 0.7176
vn -0.6862 0.0521 0.7255
vn 0.0038 -0.9829 0.1843
vn 0.0039 -0.8885 0.4588
vn 0.0039 -0.9482 -0.3176
vn -0.5137 -0.5449 -0.6627
vn 0.0039 -0.7347 -0.6784
vn 0.3255 -0.7176 -0.6157
vn 0.3411 -0.3020 -0.8902
vn 0.2942 -0.8625 0.4117
vn 0.0038 -0.9248 0.3804
vn 0.3647 -0.6696 0.6470
vn 0.7569 -0.6493 0.0745
vn 0.5216 -0.5469 -0.6549
vn -0.3412 -0.7170 -0.6078
vn -0.2942 -0.8625 0.4117
vn 0.9921 0.1200 0.0353
vn 0.9765 0.1521 0.1529
vn 0.9843 0.0522 0.1686
vn 0.3098 0.6237 0.7176
vn 0.3412 0.5881 0.7333
vn 0.5294 -0.0942 0.8431
vn 0.7725 0.3622 0.5216
vn 0.0039 0.1251 0.9921
vn 0.2549 -0.6303 0.7334
vn 0.5373 -0.4167 0.7333
vn 0.3725 -0.3877 0.8431
vn 0.3568 -0.5582 0.7490
vn 0.3961 -0.5199 0.7569
vn 0.0588 -0.7323 0.6785
vn 0.1921 -0.8834 0.4274
vn 0.0742 -0.8548 0.5136
vn -0.0980 -0.8326 0.5451
vn -0.2314 -0.7194 0.6549
vn 0.5921 -0.3341 0.7333
vn 0.4667 -0.1322 0.8745
vn 0.1843 0.5425 0.8196
vn 0.4823 0.0510 0.8745
vn 0.1686 0.6219 0.7647
vn 0.4117 0.4292 0.8039
vn 0.1137 0.1350 0.9843
vn 0.1686 0.8364 0.5216
vn 0.3725 0.5585 0.7411
vn -0.2470 0.9429 0.2235
vn 0.1999 0.9592 0.2000
vn 0.2079 0.8873 0.4118
vn 0.2470 -0.8734 0.4196
vn 0.2156 -0.8154 0.5373
vn -0.0040 -0.9533 0.3019
vn 0.0510 -0.9266 0.3725
vn 0.5528 0.3651 0.7491
vn -0.1687 -0.8844 0.4352
vn -0.3020 -0.9118 0.2784
vn -0.3491 -0.6209 0.7019
vn -0.8667 -0.0928 0.4901
vn -0.6549 0.6387 0.4040
vn -0.1608 0.4263 0.8902
vn 0.4588 0.1573 0.8745
vn 0.7176 0.2140 0.6627
vn 0.0274 -0.0000 0.9996
vn 0.2863 -0.1577 0.9451
vn 0.4196 -0.1775 0.8902
vn 0.6078 -0.2637 0.7490
vn 0.5753 -0.0000 0.8179
vn 0.8745 0.4837 0.0353
vn 0.7490 0.4458 0.4902
vn 0.7412 0.4026 0.5372
vn 0.8667 0.1275 0.4823
vn 0.8667 0.1541 0.4745
vn 0.8117 0.3980 0.4274
vn 0.7961 0.3757 0.4745
vn 0.8588 0.1489 0.4902
vn 0.8431 0.1589 0.5137
vn 0.8889 -0.0000 0.4581
vn 0.9137 0.0445 -0.4039
vn 1.0000 0.0039 -0.0039
vn -0.3569 0.2573 -0.8980
vn -0.2941 0.2534 -0.9216
vn -0.4118 0.1949 -0.8902
vn -0.4196 0.1775 -0.8902
vn -0.4274 0.1969 -0.8823
vn 0.7726 0.6285 0.0902
vn 0.5137 0.8324 -0.2078
vn 0.2549 0.7256 -0.6392
vn 0.3177 0.5815 -0.7490
vn -0.0353 0.7190 -0.6941
vn -0.0667 0.5457 -0.8353
vn -0.0276 0.7620 -0.6470
vn 0.0039 0.4235 -0.9059
vn 0.0040 0.6626 -0.7490
vn -0.3098 0.1599 -0.9372
vn -0.3961 0.6273 -0.6705
vn -0.6863 0.5707 -0.4510
vn -0.3882 0.8760 -0.2863
vn -0.6862 0.7265 -0.0353
vn -0.8667 0.4723 -0.1608
vn -0.3883 0.9060 0.1686
vn -0.6549 0.6337 0.4117
vn -0.3647 0.7433 0.5608
vn -0.3961 0.4437 0.8039
vn -0.6784 0.3481 0.6470
vn -0.8353 0.2639 0.4823
vn -0.8667 0.4695 0.1686
vn -0.9137 0.3444 0.2157
vn -0.9529 0.1641 0.2549
vn -0.9294 0.3674 0.0353
vn -0.8807 -0.0000 0.4736
vn -0.7725 -0.0674 0.6314
vn -0.7098 0.2157 0.6706
vn -0.5294 0.2465 0.8118
vn -0.4980 -0.0295 0.8667
vn -0.4425 -0.0000 0.8968
vn -0.2784 0.3192 0.9059
vn -0.3020 0.1251 0.9451
vn -0.6078 -0.0961 0.7882
vn -0.4196 0.3159 0.8510
vn 0.0038 0.3269 0.9451
vn 0.0039 0.4235 0.9059
vn -0.5373 -0.4167 0.7332
vn -0.3725 -0.3877 0.8431
vn -0.3569 -0.5582 0.7490
vn -0.3961 -0.5199 0.7569
vn -0.6000 -0.0793 0.7961
vn -0.7725 0.3622 0.5216
vn -0.3098 0.6237 0.7176
vn -0.3412 0.5881 0.7333
vn -0.5294 -0.0942 0.8431
vn -0.2549 -0.6303 0.7333
vn -0.0588 -0.7323 0.6784
vn -0.5921 -0.3342 0.7333
vn -0.4666 -0.1322 0.8745
vn -0.1843 0.5426 0.8195
vn -0.1922 -0.8834 0.4274
vn -0.0749 -0.8550 0.5132
vn 0.0980 -0.8326 0.5451
vn 0.2314 -0.7195 0.6548
vn -0.1686 0.6219 0.7647
vn -0.1137 0.1350 0.9843
vn -0.4118 0.4292 0.8039
vn -0.1686 0.8364 0.5216
vn -0.3726 0.5584 0.7412
vn 0.2470 0.9429 0.2235
vn -0.2000 0.9592 0.2000
vn -0.2078 0.8873 0.4118
vn 0.1843 0.4780 0.8588
vn -0.5529 0.3652 0.7489
vn -0.2157 -0.8154 0.5372
vn -0.2471 -0.8734 0.4196
vn 0.0039 -0.9533 0.3019
vn -0.0510 -0.9266 0.3725
vn 0.1687 -0.8844 0.4353
vn 0.3020 -0.9118 0.2784
vn 0.3569 -0.6422 0.6784
vn 0.8039 -0.1464 0.5764
vn 0.5843 0.6898 0.4274
vn 0.9137 0.2719 0.3020
vn 0.8902 0.3020 0.3412
vn 0.8902 0.2385 0.3882
vn 0.7412 0.3163 0.5921
vn 0.9686 0.2210 0.1137
vn 0.9685 0.2287 0.0982
vn 0.9765 0.2051 -0.0667
vn 0.9372 0.3133 -0.1529
vn 0.9137 0.3660 -0.1765
vn 0.8353 0.4872 0.2549
vn 0.8667 0.3318 0.3726
vn 0.8980 0.1549 0.4118
vn 0.8980 0.0638 0.4353
vn 0.9044 -0.0000 0.4267
vn 0.8980 -0.1041 0.4274
vn 0.2941 0.0737 0.9529
vn 0.3961 0.1501 0.9059
vn 0.4275 -0.1969 0.8823
vn 0.4353 -0.1789 0.8823
vn 0.4275 -0.3052 0.8510
vn 0.9529 0.1862 0.2392
vn 0.9921 0.1251 0.0039
vn 0.9686 0.1751 0.1765
vn 0.9748 -0.0000 0.2231
vn 0.9764 -0.1346 0.1686
vn 0.9686 -0.1960 0.1529
vn 0.9451 -0.3249 0.0353
vn 0.9843 0.1201 0.1294
vn 0.8431 0.2378 0.4824
vn 0.8666 0.2929 0.4039
vn 0.8667 0.0929 0.4902
vn 0.8667 0.0297 0.4980
vn 0.8667 -0.1275 0.4823
vn 0.0039 -0.1251 0.9921
vn -0.0431 -0.1175 0.9921
vn 0.0353 -0.1730 0.9843
vn 0.0431 -0.1174 0.9921
vn -0.0745 -0.1600 0.9843
vn -0.3490 -0.1200 0.9294
vn -0.4980 -0.2027 0.8431
vn -0.0353 -0.1730 0.9843
vn 0.7647 -0.5812 0.2784
vn -0.4040 -0.5469 0.7333
vn 0.9686 -0.2072 0.1372
vn 0.6078 -0.7939 0.0197
vn -0.4980 -0.8633 0.0823
vn 0.3804 -0.9234 -0.0510
vn -0.4039 -0.9124 -0.0667
vn 0.1686 -0.6757 -0.7177
vn -0.1922 -0.7091 -0.6784
vn -0.9966 -0.0000 0.0821
vn -0.5137 -0.6208 -0.5922
vn -0.1137 -0.0520 -0.9921
vn -0.0824 -0.0941 -0.9922
vn -0.7569 -0.6292 0.1767
vn 0.4510 -0.5978 -0.6627
vn 0.3949 -0.0000 -0.9187
vn 0.9765 0.2128 0.0353
vn 0.8823 -0.4394 0.1686
vn 0.7176 -0.6959 0.0274
vn 0.0039 -0.1250 -0.9921
vn -0.0118 -0.1761 -0.9843
vn 0.0118 -0.1761 -0.9843
vn -0.2313 -0.1529 -0.9608
vn -0.2471 -0.1757 -0.9529
vn -0.2627 -0.0887 -0.9608
vn 0.3882 0.3133 -0.8667
vn 0.3725 0.3319 -0.8666
vn 0.4274 0.2292 -0.8745
vn 0.4353 0.2701 -0.8588
vn 0.4196 0.4062 -0.8117
vn 0.2941 0.6222 -0.7255
vn 0.2314 0.6394 -0.7333
vn -0.0196 0.1754 -0.9843
vn -0.1765 0.2139 -0.9608
vn -0.0745 0.1004 -0.9922
vn -0.0587 -0.0000 -0.9983
vn -0.0588 -0.1104 -0.9922
vn -0.0824 -0.2648 -0.9608
vn 0.5216 -0.1740 -0.8353
vn 0.5216 -0.1308 -0.8431
vn 0.5059 0.1412 -0.8510
vn 0.4510 0.2134 -0.8666
vn 0.2078 0.0576 -0.9765
vn 0.4980 -0.2832 -0.8196
vn 0.9294 0.0567 0.3647
vn 0.8667 0.2928 0.4039
vn 0.9216 -0.0777 0.3804
vn 0.9215 0.1992 0.3333
vn 0.8902 0.2108 0.4039
vn -0.2856 -0.0000 0.9584
vn -0.3721 -0.0000 0.9282
vn -0.3412 -0.0719 0.9372
vn -0.3326 -0.0000 0.9431
vn 0.2314 0.1960 0.9529
vn 0.8588 0.2279 0.4588
vn 0.2863 0.6994 0.6549
vn 0.2627 0.6362 0.7255
vn 0.5372 0.3722 0.7568
vn 0.3333 0.3106 0.8902
vn 0.6392 0.2052 0.7412
vn 0.3647 0.3404 0.8667
vn 0.2784 0.5008 0.8196
vn 0.1451 0.7051 0.6941
vn 0.0902 0.3776 0.9216
vn 0.0118 0.3030 0.9529
vn 0.0039 0.6052 0.7961
vn 0.2392 -0.1863 0.9529
vn 0.3177 -0.0769 0.9451
vn 0.2548 -0.2045 0.9451
vn 0.0824 0.2649 0.9608
vn 0.0823 0.3794 0.9215
vn 0.2862 0.4694 0.8353
vn 0.3569 0.5583 0.7490
vn 0.2628 0.5336 0.8039
vn 0.2706 0.6983 0.6627
vn 0.2314 0.4571 0.8588
vn 0.3333 0.2324 0.9137
vn 0.5134 0.0001 0.8581
vn -0.6784 -0.3621 0.6392
vn -0.8274 -0.0294 0.5608
vn -0.7804 -0.2227 0.5843
vn -0.7961 -0.1843 0.5763
vn -0.8118 -0.1630 0.5608
vn 0.4745 0.6785 0.5608
vn 0.7098 0.4820 0.5137
vn 0.7019 0.4850 0.5216
vn 0.4353 0.7393 0.5137
vn 0.7412 0.4669 0.4823
vn 0.7490 0.4780 0.4588
vn 0.6159 0.5976 0.5134
vn 0.5608 0.4632 -0.6863
vn 0.6784 0.3757 -0.6314
vn 0.3804 0.3228 -0.8667
vn 0.7489 -0.0000 -0.6627
vn 0.7412 0.1070 -0.6627
vn 0.7333 -0.0444 -0.6784
vn 0.6000 -0.1368 0.7882
vn 0.4039 -0.1744 0.8980
vn 0.3721 -0.0000 0.9282
vn 0.1922 -0.1577 0.9686
vn 0.2078 0.0578 0.9765
vn 0.0353 0.3249 -0.9451
vn 0.4196 0.1775 -0.8902
vn 0.2706 0.1833 -0.9451
vn 0.4039 0.1743 -0.8980
vn 0.2706 0.2510 -0.9294
vn 0.2313 0.5117 -0.8275
vn 0.1451 0.2018 -0.9686
vn 0.0433 0.2113 -0.9765
vn -0.3176 -0.1438 -0.9372
vn 0.3255 0.3188 -0.8902
vn 0.3647 0.2730 -0.8902
vn 0.4196 0.0577 -0.9059
vn -0.5451 -0.4462 -0.7098
vn -0.6470 -0.2575 -0.7177
vn -0.5764 -0.3440 -0.7412
vn -0.8980 -0.2871 -0.3333
vn -0.9372 -0.2676 -0.2235
vn 0.6157 -0.1093 -0.7804
vn 0.5686 0.0702 -0.8196
vn 0.5451 0.0719 -0.8353
vn 0.6863 -0.1185 -0.7176
vn 0.7098 0.0588 -0.7020
vn 0.5372 0.0223 -0.8431
vn 0.4196 0.9077 0.0039
vn 0.6471 0.7514 0.1294
vn 0.7255 0.6744 0.1373
vn 0.8980 0.4289 0.0981
vn 0.9451 0.3118 0.0980
vn 0.7098 0.6938 0.1217
vn 0.8823 0.4098 -0.2314
vn 0.8588 0.4139 -0.3020
vn 0.7254 0.6185 -0.3020
vn 0.3490 -0.0000 -0.9371
vn 0.3490 0.2928 -0.8902
vn 0.2706 0.2784 -0.9216
vn 0.3569 0.0941 -0.9294
vn 0.3647 0.0566 -0.9294
vn -0.7020 -0.3296 0.6314
vn -0.3490 -0.2928 0.8902
vn -0.2706 -0.2784 0.9216
vn -0.3490 -0.0000 0.9371
vn -0.7569 -0.4323 -0.4902
vn -0.7961 -0.5199 -0.3098
vn -0.7490 -0.5312 -0.3961
vn -0.7412 -0.4026 -0.5372
vn -0.8667 -0.1274 -0.4823
vn -0.8667 -0.1541 -0.4745
vn -0.9059 0.0576 -0.4196
vn -0.8902 -0.3019 -0.3412
vn -0.8745 -0.4025 -0.2706
vn -0.8667 -0.3972 -0.3020
vn -0.8902 -0.2384 -0.3882
vn -0.9686 -0.2210 -0.1137
vn -0.9686 -0.2284 -0.0980
vn -0.9765 -0.2051 0.0667
vn -0.9373 -0.3133 0.1529
vn -0.9137 -0.3660 0.1765
vn -0.4275 0.1969 -0.8823
vn -0.2863 0.1576 -0.9451
vn -0.6079 0.2849 -0.7412
vn -0.0275 0.1220 -0.9921
vn -0.0509 -0.0000 -0.9987
vn -0.0902 -0.3141 -0.9451
vn -0.1451 -0.4913 -0.8588
vn 0.8667 0.1541 -0.4745
vn 0.8353 0.0720 -0.5451
vn 0.8980 0.0638 -0.4353
vn 0.9137 0.1792 -0.3647
vn 0.7882 0.2154 -0.5765
vn 0.7961 0.1843 -0.5764
vn 0.8118 0.1630 -0.5608
vn -0.0039 -0.2485 -0.9686
vn -0.0196 -0.2148 -0.9765
vn -0.0667 -0.2958 -0.9529
vn -0.2157 -0.5057 -0.8353
vn -0.2784 -0.5913 -0.7569
vn 0.5451 0.4462 0.7098
vn 0.5762 0.3441 0.7413
vn 0.6470 0.2576 0.7176
vn 0.8980 0.2872 0.3333
vn 0.9294 0.2937 0.2235
vn 0.9608 0.2563 0.1059
vn -0.8431 -0.2376 -0.4824
vn -0.8667 -0.2927 -0.4040
vn -0.8667 -0.0928 -0.4902
vn -0.8667 -0.0293 -0.4980
vn -0.8667 0.1274 -0.4824
vn -0.8666 -0.4536 -0.2078
vn -0.8588 -0.5028 -0.0980
vn -0.5451 -0.2856 -0.7882
vn -0.5844 -0.3123 -0.7490
vn -0.5059 -0.3837 -0.7725
vn -0.4588 -0.3029 -0.8353
vn -0.6549 -0.1004 -0.7490
vn -0.6706 -0.0313 -0.7412
vn -0.6784 -0.0443 -0.7333
vn -0.6549 -0.2116 -0.7255
vn -0.6000 0.1367 -0.7882
vn -0.4118 0.1548 -0.8980
vn -0.3961 0.1500 -0.9059
vn -0.3720 0.0001 -0.9282
vn -0.6000 0.0792 -0.7961
vn -0.3177 -0.1438 -0.9372
vn 0.0039 -0.1764 -0.9843
vn -0.1922 0.1577 -0.9686
vn 0.1216 -0.2168 -0.9686
vn -0.2078 -0.0576 -0.9765
vn -0.3788 -0.0000 -0.9255
vn 0.0039 -0.4063 -0.9137
vn -0.0118 -0.2482 -0.9686
vn 0.0588 0.1664 -0.9843
vn -0.3490 -0.0000 -0.9371
vn 0.0039 -0.2156 -0.9765
vn -0.2549 -0.2669 -0.9294
vn -0.0510 -0.4370 -0.8980
vn -0.2392 -0.3877 -0.8902
vn 0.4902 0.1886 -0.8510
vn 0.2470 -0.3226 -0.9137
vn 0.2000 -0.4991 -0.8431
vn -0.3020 -0.6698 -0.6784
vn -0.2630 -0.6270 -0.7333
vn -0.0982 -0.7941 -0.5998
vn -0.0823 -0.7300 -0.6784
vn -0.5372 -0.3722 -0.7569
vn -0.3333 -0.3105 -0.8902
vn -0.6392 -0.2051 -0.7412
vn -0.3647 -0.3404 -0.8667
vn -0.2784 -0.5007 -0.8196
vn -0.1373 -0.6909 -0.7098
vn -0.0040 -0.8716 -0.4901
vn -0.0902 -0.3776 -0.9216
vn -0.0118 -0.3029 -0.9529
vn -0.7490 -0.2448 -0.6157
vn -0.8510 0.0617 -0.5216
vn -0.9059 -0.0576 -0.4196
vn -0.8667 -0.2817 -0.4118
vn -0.5844 -0.3637 -0.7254
vn -0.5450 -0.3767 -0.7490
vn -0.6471 -0.2087 -0.7333
vn -0.6549 -0.2369 -0.7176
vn -0.7176 -0.0565 -0.6941
vn -0.4902 -0.6738 -0.5529
vn -0.4507 -0.7299 -0.5140
vn -0.7019 -0.4850 -0.5216
vn -0.7098 -0.4819 -0.5137
vn -0.7412 -0.4669 -0.4822
vn -0.7490 -0.4780 -0.4588
vn -0.5611 -0.7136 -0.4194
vn -0.4987 -0.8035 -0.3252
vn -0.3255 -0.8179 -0.4745
vn -0.2627 -0.8833 -0.3882
vn -0.4901 -0.8714 -0.0196
vn -0.3177 -0.9453 0.0745
vn -0.4274 -0.9040 0.0118
vn -0.6471 -0.7527 -0.1215
vn -0.7176 -0.6843 -0.1294
vn -0.7098 -0.6952 -0.1138
vn -0.9529 -0.2869 -0.0980
vn -0.8902 -0.4448 -0.0981
vn -0.8667 -0.4289 0.2549
vn -0.8510 -0.4183 0.3176
vn -0.7098 -0.6247 0.3255
vn -0.2392 0.1863 -0.9529
vn -0.2549 0.2045 -0.9451
vn -0.3177 0.0768 -0.9451
vn -0.0039 -0.5947 -0.8039
vn -0.0118 -0.7754 -0.6313
vn -0.2628 -0.5336 -0.8039
vn -0.2705 -0.6983 -0.6627
vn -0.2313 -0.4571 -0.8588
vn -0.3333 -0.2324 -0.9137
vn -0.5134 -0.0001 -0.8582
vn 0.1216 -0.0293 -0.9921
vn 0.3721 -0.0000 -0.9282
vn 0.3412 0.0719 -0.9372
vn 0.3326 -0.0000 -0.9431
vn -0.2314 -0.1959 -0.9529
vn -0.8588 -0.2278 -0.4588
vn -0.2941 -0.0736 -0.9529
vn -0.3961 -0.1500 -0.9059
vn -0.1529 -0.2314 -0.9608
vn -0.0353 -0.1200 -0.9921
vn -0.4353 0.1789 -0.8823
vn -0.4275 0.3052 -0.8510
vn -0.3882 -0.3133 0.8667
vn -0.4353 -0.2701 0.8588
vn -0.4274 -0.2292 0.8745
vn -0.3725 -0.3319 0.8666
vn -0.4196 -0.4062 0.8117
vn -0.3020 -0.6091 0.7333
vn -0.2392 -0.6273 0.7412
vn -0.1922 -0.6937 0.6941
vn -0.1294 -0.6406 0.7569
vn 0.1765 -0.1751 0.9686
vn 0.0745 -0.1005 0.9921
vn 0.3177 -0.3044 0.8980
vn 0.4588 -0.4251 0.7803
vn 0.0587 -0.0000 0.9983
vn 0.0588 0.1104 0.9921
vn 0.0823 0.2649 0.9608
vn -0.9044 -0.0000 -0.4267
vn -0.8980 0.1040 -0.4275
vn -0.8980 -0.0637 -0.4353
vn -0.8980 -0.1549 -0.4118
vn -0.8746 -0.3008 -0.3803
vn -0.8431 -0.4735 -0.2549
vn -0.8510 -0.4676 -0.2392
vn -0.7490 -0.6592 -0.0666
vn 0.7647 -0.1289 -0.6314
vn 0.7333 -0.1517 -0.6627
vn 0.7725 -0.2292 -0.5922
vn 0.8039 -0.1981 -0.5608
vn 0.6863 0.1184 -0.7176
vn 0.6784 0.1158 -0.7255
vn 0.6784 0.1573 -0.7176
vn 0.6863 0.1185 -0.7176
vn 0.6863 -0.0520 -0.7254
vn 0.3995 0.2736 0.8749
vn 1.0000 -0.0040 -0.0039
vn 0.3569 -0.2282 0.9059
vn 0.2941 -0.2230 0.9294
vn 0.0118 -0.2154 0.9765
vn -0.1059 -0.1412 0.9843
vn 0.4274 -0.1969 0.8823
vn 0.4510 -0.4187 -0.7882
vn 0.3490 -0.7508 -0.5608
vn 0.4588 -0.3613 -0.8118
vn 0.4745 -0.1931 -0.8588
vn 0.3882 -0.1693 -0.9059
vn 0.2000 -0.2585 -0.9451
vn 0.0431 -0.1711 -0.9843
vn -0.6157 0.1093 0.7804
vn -0.5451 -0.0720 0.8353
vn -0.5686 -0.0702 0.8196
vn -0.6627 -0.0000 0.7489
vn -0.6863 0.1588 0.7098
vn -0.7255 0.0521 0.6863
vn -0.5372 -0.0224 0.8431
vn -0.7333 -0.0445 0.6784
vn -0.9294 -0.0565 -0.3647
vn -0.9282 -0.0000 -0.3721
vn -0.8666 -0.2929 -0.4039
vn -0.9294 0.0565 -0.3647
vn -0.9216 0.0776 -0.3804
vn -0.9216 -0.1990 -0.3333
vn -0.8902 -0.2107 -0.4039
vn -0.9216 -0.2784 -0.2706
vn -0.9686 -0.1895 -0.1608
vn -0.3333 -0.3106 0.8902
vn -0.2706 -0.3259 0.9059
vn -0.2784 -0.3406 0.8980
vn -0.3648 -0.2732 0.8901
vn -0.4118 -0.1550 0.8980
vn -0.4196 -0.1775 0.8902
vn -0.4196 -0.0577 0.9059
vn -0.5687 -0.4535 0.6862
vn -0.2705 -0.4192 0.8666
vn -0.3333 -0.4795 0.8117
vn -0.6863 -0.3611 0.6314
vn -0.7482 -0.0000 0.6634
vn -0.7412 -0.1070 0.6627
vn -0.7333 0.0444 0.6784
vn -0.5216 0.1740 0.8353
vn -0.4510 -0.2134 0.8666
vn -0.5059 -0.1413 0.8510
vn -0.5216 0.1308 0.8431
vn -0.2941 -0.3272 0.8980
vn -0.2315 -0.2876 0.9294
vn -0.4980 0.2832 0.8196
vn -0.5608 -0.1983 0.8039
vn -0.6235 -0.1959 0.7569
vn -0.3491 -0.4248 0.8353
vn -0.2235 -0.4890 0.8431
vn 0.9372 0.2461 0.2470
vn 0.9372 0.2800 0.2078
vn 0.9294 0.2006 0.3098
vn 0.9216 0.1991 0.3333
vn -0.9373 -0.2460 -0.2471
vn -0.9686 -0.2414 -0.0588
vn -0.9686 -0.1665 -0.1845
vn -0.9608 -0.2773 0.0039
vn -0.9372 -0.2460 -0.2471
vn -0.8900 -0.3974 -0.2234
vn -0.9294 -0.2006 -0.3098
vn -0.9215 -0.1990 -0.3334
vn -0.9529 -0.0998 -0.2863
vn -0.9608 -0.0607 -0.2706
vn -0.9372 -0.2379 -0.2549
vn -0.1922 0.4749 -0.8588
vn -0.2314 0.4098 -0.8823
vn -0.0274 0.5491 -0.8353
vn -0.1922 0.6522 -0.7333
vn -0.3569 0.5582 -0.7490
vn -0.5608 0.2766 -0.7804
vn -0.6392 0.2051 -0.7412
vn -0.7176 -0.0566 -0.6941
vn -0.7333 -0.0443 -0.6784
vn -0.7176 -0.2368 -0.6549
vn -0.4823 0.6526 0.5843
vn -0.6078 0.5110 0.6078
vn -0.3020 0.1744 0.9372
vn -0.1216 -0.0296 0.9921
vn -0.7490 0.6624 0.0118
vn -0.4902 0.7842 0.3804
vn -0.6315 0.7753 -0.0118
vn -0.6078 0.4490 -0.6549
vn -0.4980 0.6107 -0.6157
vn -0.6392 -0.2051 0.7412
vn -0.3569 0.0941 -0.9294
vn -0.4588 0.1573 -0.8745
vn -0.1451 -0.3171 -0.9372
vn -0.6784 0.3001 -0.6705
vn -0.0823 -0.0941 -0.9922
vn -0.8745 0.4733 0.1059
vn -0.6863 0.2622 -0.6784
vn -0.4039 0.2415 -0.8824
vn -0.6078 0.2636 -0.7490
vn -0.4431 0.1584 -0.8823
vn 0.1293 -0.0000 -0.9916
vn -0.9451 0.3240 -0.0431
vn -0.8745 0.4837 0.0353
vn -0.3490 0.2678 -0.8980
vn 0.1370 -0.0000 -0.9906
vn -0.8667 0.3972 0.3019
vn -0.9529 0.3001 -0.0432
vn 0.7255 -0.5059 -0.4667
vn 0.8431 -0.2804 -0.4588
vn 0.1059 -0.0665 -0.9921
vn 0.8431 -0.2671 -0.4667
vn 0.9451 -0.3163 0.0824
vn 0.9216 -0.3601 0.1451
vn 0.3882 -0.9206 -0.0431
vn 0.8591 -0.2818 -0.4272
vn 0.1529 -0.1521 -0.9765
vn 0.8745 -0.3448 -0.3412
vn 0.1922 -0.2345 -0.9529
vn -0.6314 0.1289 -0.7647
vn -0.5765 0.1463 -0.8039
vn -0.9608 0.2260 -0.1608
vn -0.9686 0.2371 -0.0745
vn 0.8117 -0.4849 -0.3255
vn 0.8902 -0.4548 -0.0275
vn 0.8980 -0.3834 0.2157
vn 0.8823 -0.4098 0.2314
vn 0.9294 -0.3198 0.1843
vn 0.8980 -0.3835 0.2157
vn 0.9608 -0.2726 -0.0510
vn -0.5216 0.2628 -0.8117
vn -0.4118 0.1549 -0.8980
vn -0.9294 0.3102 -0.2000
vn -0.8745 0.4486 -0.1843
vn -0.8980 0.4306 -0.0902
vn -0.7412 0.2850 0.6078
vn -0.7177 0.3665 0.5921
vn -0.1137 -0.0521 0.9921
vn -0.2392 -0.0676 0.9686
vn -0.7647 0.2139 0.6079
vn 0.6314 -0.3459 0.6940
vn 0.6863 -0.3471 0.6392
vn -0.0431 -0.0000 0.9991
vn 0.6706 -0.2618 0.6941
vn -0.4353 -0.0638 0.8980
vn 0.2627 -0.6702 0.6941
vn -0.7725 0.2662 0.5765
vn -0.8823 0.3610 0.3019
vn 0.0196 0.1754 0.9843
vn -0.7333 0.3604 0.5765
vn 0.7098 -0.2387 0.6627
vn 0.3882 -0.9205 -0.0431
vn -0.0118 0.1761 0.9843
vn -0.4823 0.3655 0.7961
vn 0.7568 -0.2767 0.5921
vn 0.1765 0.0041 0.9843
vn 0.8039 -0.2191 0.5529
vn 0.8980 -0.3995 0.1843
vn -0.4824 0.3655 0.7961
vn -0.1137 0.3064 0.9451
vn -0.0431 0.1174 0.9921
vn -0.0040 0.2485 0.9686
vn -0.0039 0.2485 0.9686
vn -0.4667 0.3324 0.8196
vn -0.7333 0.3477 0.5843
vn -0.7255 0.3076 0.6157
vn -0.9530 0.2661 -0.1450
vn -0.6471 0.0921 -0.7569
vn 0.2157 -0.1743 -0.9608
vn -0.9373 0.2199 0.2706
vn -0.7098 0.3560 0.6078
vn -0.9216 0.3417 -0.1843
vn -0.6235 0.1626 -0.7647
vn 0.1922 -0.1577 -0.9686
vn 0.1529 0.1522 0.9765
vn 0.8745 -0.1323 0.4667
vn 0.9686 -0.2371 0.0745
vn 0.8431 -0.4449 -0.3020
vn 0.9686 -0.2372 0.0745
vn 0.8902 -0.3188 -0.3255
vn -0.6392 0.1363 -0.7569
vn 0.2000 -0.1476 -0.9686
vn 0.9996 -0.0000 -0.0274
vn 0.8823 -0.1789 -0.4353
vn 0.9996 -0.0000 -0.0275
vn -0.6549 0.1475 -0.7412
vn -0.9529 0.2841 -0.1059
vn -0.9530 0.1641 -0.2547
vn -0.7333 0.1120 -0.6706
vn -0.4736 -0.0000 -0.8807
vn 0.1921 -0.1577 -0.9686
vn 0.0588 -0.1104 -0.9921
vn 0.6078 -0.2849 -0.7412
vn 0.8196 -0.3984 -0.4118
vn 0.8353 -0.4645 -0.2941
vn 0.8902 -0.4131 -0.1922
vn 0.9686 -0.2483 0.0117
vn 0.8980 -0.4205 0.1294
vn -0.9921 0.1142 0.0510
vn -0.9137 0.2535 0.3176
vn -0.7255 0.4202 0.5451
vn -0.0039 -0.3032 0.9529
vn -0.2855 -0.0000 0.9584
vn -0.7099 0.3815 0.5920
vn 0.2235 0.1642 0.9608
vn -0.9137 0.3766 -0.1530
vn 0.9215 -0.2929 0.2549
vn -0.3569 0.1529 0.9216
vn 0.8353 -0.0720 0.5451
vn -0.2863 -0.2884 0.9137
vn 0.8980 -0.3045 0.3176
vn 0.9686 -0.2483 0.0118
vn -0.3020 -0.9397 0.1607
vn -0.1451 -0.8682 0.4745
vn 0.7569 -0.4875 -0.4353
vn 0.5921 -0.0556 0.8039
vn -0.1843 -0.9794 0.0823
vn -0.9216 -0.1092 0.3726
vn -0.0275 -0.1743 -0.9843
vn -0.7569 -0.0921 -0.6471
vn -0.7647 -0.0815 -0.6392
vn 0.0118 -0.1245 -0.9922
vn -0.9921 -0.0666 -0.1059
vn -0.3804 0.2210 -0.8980
vn -0.0196 0.2148 -0.9765
vn -0.8902 0.3606 -0.2784
vn -0.3255 -0.2959 -0.8980
vn -0.7882 -0.0961 -0.6078
vn 0.7882 -0.1675 -0.5922
vn 0.7568 -0.6493 0.0745
vn 0.9921 -0.1143 -0.0510
vn 0.7255 -0.0521 -0.6863
vn 0.4431 -0.1057 -0.8902
vn 0.9921 -0.1174 -0.0432
vn -0.9137 -0.0444 0.4039
vn -0.4267 -0.0000 0.9044
vn -0.4581 -0.0000 0.8889
vn -0.9059 0.0576 0.4196
vn -0.3177 0.0769 0.9451
vn -0.4109 -0.0000 0.9117
vn -0.8902 0.0647 0.4510
vn -0.0274 -0.0000 0.9996
vn 0.1447 -0.0000 0.9895
vn 0.3333 -0.1024 0.9372
vn 0.8667 -0.1960 0.4588
vn 0.8823 -0.1346 0.4510
vn 0.3098 -0.1041 0.9451
vn 0.9921 -0.1174 -0.0431
vn 0.9921 -0.0867 -0.0902
vn 0.8823 -0.1047 0.4588
vn -0.0510 -0.1142 0.9921
vn 0.8902 -0.1950 0.4118
vn -0.5765 -0.0935 0.8117
vn 0.3333 -0.2324 0.9137
vn 0.3882 -0.2660 0.8823
vn 0.8039 -0.1744 0.5686
vn -0.4118 -0.1549 0.8980
vn -0.3961 -0.0909 0.9137
vn -0.9187 -0.0000 0.3949
vn -0.4274 -0.1577 0.8902
vn 0.2471 -0.1758 0.9529
vn -0.9686 0.2345 0.0823
vn -0.9059 0.0992 -0.4118
vn -0.9137 0.1792 -0.3647
vn 0.8353 0.0719 -0.5451
vn 0.2158 0.3645 -0.9058
vn 0.7881 -0.0000 -0.6156
vn 0.9608 0.0609 0.2706
vn 0.7490 -0.1425 -0.6471
vn 0.8745 -0.0509 -0.4823
vn 0.9608 -0.1260 0.2471
vn 0.9608 -0.1093 0.2549
vn 0.8823 -0.0608 -0.4667
vn 0.1916 -0.0000 -0.9815
vn 0.9529 -0.1368 0.2706
vn 0.8745 0.1005 -0.4745
vn 0.9843 0.1600 0.0745
vn 0.8588 0.2571 -0.4431
vn 0.3725 0.3516 -0.8588
vn 0.0431 0.2113 -0.9765
vn -0.2941 0.3272 -0.8980
vn 0.3098 0.1041 -0.9451
vn 0.6784 0.6332 -0.3725
vn 0.3804 0.6112 -0.6941
vn 0.2314 0.7778 -0.5843
vn 0.5137 0.8167 -0.2627
vn 0.8823 0.4567 0.1137
vn 0.7333 0.6625 0.1529
vn -0.8274 0.2437 -0.5059
vn -0.8353 0.2775 -0.4746
vn -0.9608 0.2364 0.1450
vn -0.9608 0.2529 0.1138
vn -0.8667 0.2573 0.4274
vn -0.8353 0.3030 0.4588
vn -0.4582 -0.0000 0.8889
vn -0.8902 0.2832 0.3569
vn -0.9059 0.4080 0.1137
vn -0.7020 0.6164 -0.3569
vn -0.7725 0.6285 0.0902
vn -0.5137 0.8324 -0.2078
vn -0.8824 0.4052 0.2392
vn 0.0665 -0.0000 0.9978
vn -0.3961 0.3034 0.8667
vn -0.9686 -0.2072 0.1373
vn -0.7647 -0.5811 0.2784
vn -0.8745 0.4025 0.2706
vn -0.5922 0.4093 0.6941
vn -0.5373 -0.5592 0.6313
vn -0.4588 0.7136 0.5294
vn -0.0667 -0.5910 0.8039
vn -0.0588 0.4194 0.9059
vn 0.4746 0.6912 0.5450
vn 0.5216 0.5988 0.6078
vn -0.4902 0.6322 0.6000
vn -0.4275 0.5975 0.6784
vn 0.5295 0.5393 0.6548
vn 0.5138 0.2538 0.8195
vn 0.9294 0.2329 0.2863
vn 0.8745 0.3285 0.3569
vn 0.9294 -0.3485 0.1216
vn 0.6863 -0.6338 0.3568
vn 0.4039 -0.5469 0.7333
vn 0.5137 0.3890 0.7647
vn 0.8981 0.1743 0.4038
vn 0.8824 0.2541 0.3960
vn 0.8588 0.1931 0.4745
vn 0.4890 -0.0000 0.8723
vn 0.3326 -0.0000 0.9431
vn 0.3882 0.2069 0.8980
vn 0.4745 0.1931 0.8588
vn 0.4588 0.3613 0.8118
vn 0.4510 0.4187 0.7882
vn 0.3490 0.7508 0.5608
vn 0.9608 -0.1261 0.2470
vn 0.7647 0.1291 0.6314
vn 0.7333 0.1517 0.6627
vn 0.6863 -0.1185 0.7176
vn 0.6784 -0.1159 0.7255
vn 0.6784 -0.1573 0.7176
vn 0.6862 0.0522 0.7255
vn -0.9922 0.1220 0.0274
vn -0.9765 0.1438 0.1608
vn -0.9843 -0.0012 0.1765
vn -0.9765 0.1120 0.1843
vn -0.9748 -0.0000 0.2231
vn -0.9765 -0.1345 0.1686
vn -0.9686 -0.1959 0.1529
vn -0.9451 -0.3249 0.0353
vn -0.4510 0.1346 0.8823
vn -0.7098 0.2387 0.6627
vn -0.5842 -0.0000 0.8116
vn -0.2863 -0.1577 0.9451
vn -0.6078 -0.2637 0.7490
vn -0.7412 0.4587 0.4902
vn -0.8667 0.3972 0.3020
vn -0.7255 0.4301 0.5372
vn -0.8431 0.2027 0.4980
vn -0.8510 0.1886 0.4902
vn -0.8274 0.3346 0.4510
vn -0.7883 0.3388 0.5137
vn -0.8353 0.1484 0.5294
vn -0.8196 0.1500 0.5529
vn -0.8667 -0.0294 0.4980
vn -0.9137 0.0444 -0.4039
vn -1.0000 -0.0000 0.0039
vn -0.9921 0.1220 -0.0275
vn 0.2941 0.2534 -0.9216
vn 0.3569 0.2573 -0.8980
vn 0.4118 0.1950 -0.8902
vn 0.4274 0.1969 -0.8823
vn -0.8588 0.4138 -0.3020
vn -0.6157 0.6350 -0.4667
vn -0.5763 0.8151 0.0587
vn -0.6783 0.7232 0.1295
vn -0.9451 0.3118 0.0980
vn -0.8980 0.4289 0.0980
vn -0.8745 0.4219 -0.2392
vn -0.8588 0.4080 -0.3098
vn -0.7176 0.6197 -0.3177
vn -0.6941 0.0566 0.7176
vn -0.7804 -0.0471 0.6235
vn -0.7412 -0.1476 0.6549
vn -0.3726 -0.3106 0.8745
vn -0.7255 0.1549 0.6706
vn -0.3726 0.7394 0.5608
vn -0.1216 0.7847 0.6079
vn 0.3176 0.0769 0.9451
vn 0.1215 0.7847 0.6079
vn 0.0039 0.7818 0.6235
vn 0.0039 0.9843 -0.1764
vn -0.1765 0.9777 -0.1137
vn 0.3726 0.7394 0.5608
vn 0.7255 0.1551 0.6705
vn 0.3490 0.8972 0.2706
vn -0.3177 0.9423 -0.1059
vn 0.3882 0.8561 0.3412
vn 0.1765 0.9777 -0.1137
vn 0.7019 -0.3712 0.6078
vn 0.4745 -0.5702 0.6706
vn 0.0745 -0.9785 0.1922
vn 0.0824 -0.9592 0.2706
vn 0.1844 -0.5765 0.7960
vn 0.3412 0.0720 0.9372
vn 0.0039 -0.6536 0.7569
vn 0.0039 -0.9894 0.1451
vn -0.3412 0.0720 0.9372
vn -0.1843 -0.5765 0.7961
vn -0.4745 -0.5702 0.6706
vn -0.0824 -0.9592 0.2706
vn -0.0746 -0.9785 0.1922
vn -0.7020 -0.3711 0.6078
vn -0.4981 0.2028 0.8431
vn -0.3490 0.8972 0.2706
vn -0.3883 0.8560 0.3412
vn 0.3176 0.9423 -0.1059
vn -0.8275 0.4963 0.2627
vn -0.8588 0.3516 0.3725
vn -0.8980 0.1549 0.4118
vn -0.8980 0.0638 0.4353
vn -0.9044 -0.0000 0.4267
vn -0.8980 -0.1041 0.4274
vn -0.3176 0.1438 0.9372
vn -0.3961 0.1501 0.9059
vn -0.4275 -0.1969 0.8823
vn -0.4353 -0.1789 0.8823
vn -0.4275 -0.3052 0.8510
vn 0.8274 -0.3642 0.4275
vn 0.8745 -0.2563 0.4118
vn 0.9215 -0.3601 0.1451
vn 0.9451 -0.3163 0.0823
vn 0.8745 -0.1005 0.4745
vn 0.8274 -0.0981 0.5529
vn 0.8745 -0.2564 0.4118
vn 0.7804 -0.2227 0.5843
vn 0.7961 -0.1843 0.5764
vn 0.8118 -0.1631 0.5608
vn -0.3176 0.5814 -0.7490
vn -0.2549 0.7255 -0.6392
vn 0.0353 0.7191 -0.6941
vn 0.0667 0.5457 -0.8353
vn 0.0276 0.7620 -0.6470
vn -0.4196 0.1775 0.8902
vn -0.5921 0.2767 0.7569
vn -0.6314 0.3296 0.7019
vn -0.6784 0.0444 0.7333
vn -0.6784 0.0445 0.7333
vn -0.6863 0.0521 0.7255
vn -0.6627 0.1856 0.7255
vn -0.5372 -0.5592 0.6314
vn -0.6078 -0.7938 0.0196
vn 0.4980 -0.8633 0.0823
vn -0.3804 -0.9234 -0.0510
vn -0.8823 -0.4394 0.1686
vn -0.5529 -0.6680 -0.4981
vn -0.9765 0.2128 0.0353
vn 0.4039 -0.9124 -0.0667
vn -0.1686 -0.6757 -0.7176
vn 0.1921 -0.7091 -0.6784
vn -0.0353 -0.0000 -0.9994
vn 0.9966 -0.0000 0.0820
vn 0.5137 -0.6208 -0.5921
vn 0.1137 -0.0520 -0.9921
vn 0.7568 -0.6293 0.1764
vn -0.3882 0.3133 -0.8667
vn -0.4353 0.2701 -0.8588
vn -0.4274 0.2292 -0.8745
vn -0.4197 0.4063 -0.8117
vn -0.2942 0.6222 -0.7255
vn -0.2314 0.6393 -0.7333
vn 0.0118 0.1761 -0.9843
vn 0.1765 0.2139 -0.9608
vn 0.0745 0.1004 -0.9921
vn 0.0587 -0.0000 -0.9983
vn 0.0588 -0.1103 -0.9922
vn 0.0824 -0.2648 -0.9608
vn -0.5059 -0.2154 -0.8353
vn -0.5451 0.2379 -0.8039
vn -0.6078 0.1467 -0.7804
vn -0.4824 -0.2376 -0.8431
vn -0.4275 -0.3815 -0.8196
vn -0.9294 0.0566 0.3647
vn -0.9282 -0.0000 0.3721
vn -0.8667 0.2928 0.4039
vn -0.9216 -0.0777 0.3804
vn -0.9216 0.1990 0.3333
vn -0.8902 0.2107 0.4039
vn -0.9921 0.1220 0.0274
vn 0.3412 -0.0720 0.9372
vn -0.2314 0.1959 0.9529
vn -0.8588 0.2279 0.4588
vn -0.2941 0.1425 0.9451
vn -0.2471 0.1260 0.9608
vn -0.3882 0.0034 0.9216
vn -0.4039 0.1274 0.9059
vn -0.2706 0.0609 0.9608
vn -0.2941 0.0737 0.9529
vn -0.2784 0.3406 0.8980
vn -0.2549 0.4289 0.8667
vn -0.3804 0.5315 0.7568
vn -0.4431 -0.3449 0.8274
vn -0.4745 0.6785 0.5608
vn -0.4432 0.7347 0.5137
vn -0.7020 0.4850 0.5216
vn -0.7098 0.4819 0.5138
vn -0.7412 0.4669 0.4823
vn -0.7491 0.4779 0.4588
vn -0.6158 0.5975 0.5136
vn -0.5608 0.4632 -0.6863
vn -0.3725 0.3318 -0.8667
vn -0.6863 0.3611 -0.6314
vn -0.7489 -0.0000 -0.6627
vn -0.7412 0.1069 -0.6627
vn -0.8745 0.3106 0.3725
vn -0.9137 0.2804 0.2941
vn -0.8745 0.2139 0.4353
vn -0.9686 0.2210 0.1137
vn -0.9686 0.2284 0.0980
vn -0.9765 0.2051 -0.0667
vn -0.9372 0.3133 -0.1530
vn -0.9137 0.3660 -0.1765
vn -0.3255 0.3187 -0.8902
vn -0.3647 0.2731 -0.8902
vn -0.4196 0.1774 -0.8902
vn -0.4196 0.0576 -0.9059
vn 0.5608 -0.3844 -0.7333
vn 0.5922 -0.2766 -0.7569
vn 0.6314 -0.1289 -0.7647
vn 0.7019 -0.2400 -0.6706
vn 0.8196 -0.1990 -0.5373
vn -0.3490 0.2928 -0.8902
vn -0.2706 0.2784 -0.9216
vn -0.3647 0.0565 -0.9294
vn 0.3490 -0.2929 0.8902
vn -0.8275 0.0294 -0.5608
vn 0.7019 -0.3296 0.6314
vn 0.2706 -0.2784 0.9216
vn 0.3647 -0.0567 0.9294
vn -0.6157 -0.1093 -0.7804
vn -0.5451 0.0719 -0.8353
vn -0.5686 0.0701 -0.8196
vn -0.6627 -0.0000 -0.7489
vn -0.6863 -0.1184 -0.7176
vn -0.7098 0.0587 -0.7020
vn -0.5373 0.0221 -0.8431
vn -0.7726 -0.1200 -0.6235
vn 0.7490 -0.4457 -0.4902
vn 0.7333 -0.4167 -0.5373
vn 0.7490 -0.5311 -0.3961
vn 0.7961 -0.5199 -0.3098
vn 0.8431 -0.2027 -0.4980
vn 0.8510 -0.1886 -0.4902
vn 0.8902 -0.0647 -0.4510
vn 0.8823 -0.2875 -0.3725
vn 0.8745 -0.2140 -0.4353
vn 0.8667 -0.3910 -0.3098
vn 0.8824 -0.3850 -0.2705
vn 0.9686 -0.2210 -0.1137
vn 0.9686 -0.2284 -0.0980
vn 0.9765 -0.2052 0.0667
vn 0.9372 -0.3133 0.1529
vn 0.9137 -0.3660 0.1764
vn 0.6078 0.2850 -0.7412
vn 0.2863 0.1576 -0.9451
vn 0.0274 -0.0000 -0.9996
vn 0.0431 -0.0000 -0.9991
vn 0.0745 -0.3406 -0.9372
vn 0.1373 -0.4936 -0.8588
vn -0.8667 0.0928 -0.4902
vn -0.9137 0.1623 -0.3725
vn -0.8968 -0.0000 -0.4425
vn -0.8274 0.0980 -0.5529
vn -0.7804 0.2226 -0.5843
vn -0.7961 0.1843 -0.5764
vn -0.8118 0.1630 -0.5608
vn 0.1216 -0.2777 -0.9529
vn 0.0510 -0.1142 -0.9921
vn 0.3568 -0.5135 -0.7804
vn 0.4118 -0.6417 -0.6471
vn -0.5608 0.3844 0.7333
vn -0.6314 0.1289 0.7647
vn -0.5922 0.2766 0.7568
vn -0.7020 0.2399 0.6706
vn -0.8118 0.2288 0.5372
vn -0.9608 0.1999 0.1921
vn -0.9922 0.1142 0.0510
vn 0.8431 -0.2376 -0.4824
vn 0.8667 -0.0295 -0.4980
vn 0.8667 -0.0929 -0.4902
vn 0.8667 -0.2928 -0.4039
vn 0.8667 0.1275 -0.4823
vn 0.8667 -0.4571 -0.2000
vn 0.8588 -0.5056 -0.0824
vn 0.5843 -0.2717 -0.7647
vn 0.4667 -0.2113 -0.8588
vn 0.5528 -0.3485 -0.7570
vn 0.6314 -0.3123 -0.7098
vn 0.6706 -0.0315 -0.7412
vn 0.6784 -0.0445 -0.7333
vn 0.6784 -0.0444 -0.7333
vn 0.6549 -0.2116 -0.7255
vn 0.4902 -0.6738 -0.5530
vn 0.7098 -0.4820 -0.5137
vn 0.7019 -0.4850 -0.5216
vn 0.4508 -0.7296 -0.5142
vn 0.7412 -0.4669 -0.4823
vn 0.7490 -0.4780 -0.4588
vn 0.5615 -0.7133 -0.4195
vn 0.4992 -0.8031 -0.3253
vn 0.3255 -0.8179 -0.4745
vn 0.2627 -0.8833 -0.3882
vn 0.2000 -0.6408 0.7412
vn -0.1372 -0.7821 0.6078
vn 0.1451 -0.6812 0.7176
vn 0.3647 -0.5424 0.7569
vn 0.5607 -0.2766 0.7804
vn 0.6392 -0.2052 0.7412
vn 0.7333 0.0446 0.6784
vn 0.7176 0.2369 0.6549
vn 0.4902 -0.8709 -0.0353
vn 0.6783 -0.7233 -0.1294
vn 0.5765 -0.8150 -0.0588
vn 0.3255 -0.9442 0.0509
vn 0.9451 -0.3118 -0.0980
vn 0.8980 -0.4289 -0.0980
vn 0.8745 -0.4219 0.2392
vn 0.8588 -0.4080 0.3098
vn 0.7176 -0.6198 0.3176
vn 0.2941 -0.1425 -0.9451
vn 0.4039 -0.1274 -0.9059
vn 0.3882 -0.0019 -0.9216
vn 0.2471 -0.1260 -0.9608
vn 0.2784 -0.3406 -0.8980
vn 0.2549 -0.4289 -0.8667
vn 0.1295 -0.6016 -0.7882
vn 0.1294 -0.7004 -0.7020
vn 0.4431 0.3449 -0.8274
vn -0.3721 -0.0000 -0.9282
vn -0.3412 0.0718 -0.9373
vn -0.3326 -0.0000 -0.9431
vn 0.2314 -0.1959 -0.9529
vn 0.8588 -0.2279 -0.4588
vn 0.3176 -0.1438 -0.9372
vn 0.1137 -0.1833 -0.9765
vn 0.3961 -0.1500 -0.9059
vn 0.4275 0.1969 -0.8823
vn 0.4353 0.1788 -0.8823
vn 0.4275 0.3052 -0.8510
vn 0.3882 -0.3134 0.8666
vn 0.3725 -0.3318 0.8667
vn 0.4274 -0.2292 0.8745
vn 0.4353 -0.2701 0.8588
vn 0.4196 -0.4062 0.8117
vn 0.3018 -0.6093 0.7333
vn 0.2392 -0.6273 0.7412
vn 0.1922 -0.6938 0.6941
vn 0.1216 -0.6328 0.7647
vn -0.1765 -0.1751 0.9686
vn -0.4588 -0.4247 0.7804
vn -0.3177 -0.3045 0.8980
vn -0.0745 -0.1005 0.9921
vn -0.0587 -0.0000 0.9983
vn -0.0588 0.1104 0.9921
vn -0.0824 0.2648 0.9608
vn 0.8980 -0.1549 -0.4118
vn 0.8980 -0.0638 -0.4353
vn 0.8980 0.1041 -0.4275
vn 0.8745 -0.3009 -0.3804
vn 0.8431 -0.4692 -0.2627
vn 0.8431 -0.4776 -0.2471
vn 0.7412 -0.6663 -0.0823
vn -0.7647 -0.1288 -0.6314
vn -0.8039 -0.1981 -0.5608
vn -0.7726 -0.2292 -0.5922
vn -0.7333 -0.1516 -0.6627
vn -0.6863 0.1184 -0.7176
vn -0.6784 0.1158 -0.7255
vn -0.6784 0.1573 -0.7176
vn -0.6863 -0.0520 -0.7255
vn -0.6628 -0.1517 0.7333
vn -0.2941 -0.2230 0.9294
vn -0.3569 -0.2279 0.9059
vn -0.0000 1.0000 -0.0000
vn -0.0118 -0.2154 0.9765
vn 0.1059 -0.1413 0.9843
vn -0.4274 -0.1969 0.8823
vn -0.4510 -0.4187 -0.7882
vn -0.4588 -0.3613 -0.8118
vn -0.3490 -0.7508 -0.5608
vn -0.4745 -0.1931 -0.8588
vn -0.3882 -0.1693 -0.9059
vn -0.2078 -0.2522 -0.9451
vn -0.0431 -0.1711 -0.9843
vn 0.6157 0.1094 0.7804
vn 0.5686 -0.0703 0.8196
vn 0.5451 -0.0720 0.8353
vn 0.6863 0.1589 0.7098
vn 0.7255 0.0522 0.6863
vn 0.5372 -0.0226 0.8431
vn 0.7333 -0.0446 0.6784
vn 0.9294 -0.0567 -0.3647
vn 0.9282 -0.0000 -0.3721
vn 0.9294 0.0567 -0.3647
vn 0.9216 0.0777 -0.3804
vn 0.9216 -0.1990 -0.3333
vn 0.8902 -0.2107 -0.4039
vn 0.9216 -0.2784 -0.2706
vn 0.9608 -0.2202 -0.1686
vn 0.3333 -0.3106 0.8902
vn 0.3648 -0.2731 0.8901
vn 0.2863 -0.3341 0.8980
vn 0.2706 -0.3259 0.9059
vn 0.4118 -0.1550 0.8980
vn 0.4196 -0.0578 0.9059
vn 0.5608 -0.4632 0.6863
vn 0.6863 -0.3612 0.6314
vn 0.3019 -0.4869 0.8196
vn 0.2393 -0.4221 0.8744
vn 0.7489 -0.0000 0.6627
vn 0.7412 -0.1071 0.6627
vn 0.5059 0.2154 0.8353
vn 0.4823 0.2377 0.8431
vn 0.6078 -0.1468 0.7804
vn 0.5451 -0.2378 0.8039
vn 0.3176 -0.3043 0.8980
vn 0.2392 -0.2537 0.9372
vn 0.4274 0.3815 0.8196
vn -0.9373 0.2799 0.2078
vn -0.9373 0.2460 0.2470
vn -0.9294 0.2006 0.3098
vn -0.9530 0.0997 0.2862
vn -0.9529 0.1513 0.2627
vn -0.9372 0.2379 0.2549
vn 0.9686 -0.1668 -0.1843
vn 0.9686 -0.2432 -0.0511
vn 0.9372 -0.2461 -0.2471
vn 0.9608 -0.2771 0.0118
vn 0.9372 -0.2460 -0.2471
vn 0.9216 -0.1991 -0.3333
vn 0.9294 -0.2006 -0.3098
vn 0.9529 -0.0998 -0.2863
vn 0.9608 -0.0608 -0.2706
vn 0.9372 -0.2379 -0.2549
vn 0.8902 -0.3969 -0.2234
vn -0.8588 -0.1488 -0.4902
vn -0.8118 -0.4062 -0.4196
vn -0.7961 -0.3756 -0.4745
vn -0.8431 -0.1588 -0.5137
vn -0.8889 -0.0000 -0.4581
vn -0.7961 -0.4888 -0.3569
vn -0.8274 -0.4735 -0.3019
vn 0.8431 -0.3877 -0.3726
vn 0.8823 -0.3610 -0.3020
vn 0.8274 -0.3346 -0.4510
vn 0.7960 -0.3322 -0.5059
vn 0.8431 -0.0941 -0.5294
vn 0.8274 -0.0980 -0.5529
vn 0.8667 0.0295 -0.4980
vn -0.9451 -0.3250 0.0353
vn -0.9608 0.2410 0.1372
vn -0.8980 0.4370 0.0510
vn -0.3569 0.9107 0.2078
vn 0.0039 0.9994 0.0353
vn 0.0039 0.9843 -0.1765
vn -0.8431 -0.2210 0.4902
vn 0.4980 0.2028 0.8432
vn 0.3569 0.9107 0.2078
vn 0.8431 -0.2210 0.4902
vn -0.4980 0.2027 0.8431
vn -0.3490 0.8972 0.2705
vn 0.3177 0.9423 -0.1059
vn 0.0745 -0.9785 0.1921
vn -0.1920 -0.9738 0.1215
vn 0.0039 -0.9966 0.0823
vn 0.4981 0.2027 0.8431
vn -0.0823 -0.9592 0.2706
vn 0.1923 -0.9738 0.1217
vn -0.0745 -0.9785 0.1922
vn -0.4981 0.2027 0.8431
vn 0.4902 0.2210 0.8431
vn 0.6863 0.2997 0.6627
vn 0.4353 0.2701 0.8588
vn 0.0039 0.4236 0.9059
vn 0.0039 0.4850 0.8745
vn 0.6863 0.2996 0.6628
vn -0.4353 0.2701 0.8588
vn -0.4902 0.2210 0.8431
vn -0.6863 0.2997 0.6628
vn -0.6863 0.2997 0.6627
vn 0.9686 -0.0909 0.2314
vn 0.9765 -0.0041 0.2157
vn 0.7019 0.1206 0.7020
vn -0.4353 0.0638 0.8980
vn -0.3882 0.0034 0.9215
vn -0.8274 -0.0980 0.5529
vn 0.1686 -0.0522 0.9843
vn -0.8745 0.2685 0.4039
vn -0.8745 0.2432 0.4196
vn -0.8823 0.2131 0.4196
vn -0.8745 0.2800 0.3961
vn 0.7176 0.1880 0.6706
vn 0.7490 0.1425 0.6470
vn 0.6549 0.2368 0.7176
vn 0.6157 0.2676 0.7412
vn 0.7412 0.2282 0.6314
vn 0.3098 0.5755 0.7568
vn 0.3882 0.6150 0.6863
vn 0.4903 0.6737 0.5529
vn 0.0039 0.3487 0.9372
vn -0.3883 0.6151 0.6863
vn -0.3099 0.5755 0.7568
vn -0.4902 0.6738 0.5529
vn -0.9686 -0.0908 0.2314
vn -0.7020 0.1205 0.7020
vn -0.9765 -0.0013 0.2157
vn 0.4353 0.0638 0.8980
vn 0.3882 0.0042 0.9215
vn -0.1686 -0.0521 0.9843
vn 0.8745 0.2685 0.4039
vn 0.8745 0.2800 0.3961
vn 0.8823 0.2131 0.4196
vn 0.8745 0.2433 0.4196
vn 0.8588 0.3517 0.3725
vn -0.7176 0.1879 0.6706
vn -0.6157 0.2676 0.7412
vn -0.6549 0.2369 0.7176
vn -0.7490 0.1425 0.6470
vn -0.7411 0.2281 0.6314
vn 0.5843 -0.3476 -0.7333
vn 0.6235 -0.2488 -0.7412
vn 0.8582 -0.0000 -0.5133
vn 0.5843 -0.3637 -0.7255
vn 0.6471 -0.2087 -0.7333
vn 0.7098 -0.0588 -0.7019
vn 0.7098 -0.0588 -0.7020
vn 0.8582 -0.0000 -0.5134
vn 0.7255 -0.2345 -0.6470
vn 0.7804 -0.1761 -0.6000
vn -0.2549 -0.1093 0.9608
vn -0.3726 -0.9126 -0.1686
vn -0.3726 -0.9126 -0.1687
vn -0.3726 -0.9125 -0.1686
vn 0.8588 -0.4530 0.2392
vn 0.8274 -0.4877 0.2784
vn 0.8431 -0.4735 0.2549
vn 0.8667 -0.4460 0.2235
vn 0.3491 0.9081 0.2314
vn 0.3490 0.9018 0.2549
vn 0.3490 0.9040 0.2471
vn 0.3492 0.9100 0.2236
vn -0.8353 0.4830 -0.2627
vn -0.8431 0.4854 -0.2314
vn -0.8431 0.4776 -0.2471
vn -0.8353 0.4741 -0.2784
vn -0.3961 -0.9079 -0.1373
vn -0.3569 -0.9142 -0.1922
vn -0.3725 -0.9111 -0.1765
vn -0.4039 -0.9056 -0.1294
vn 0.8431 -0.4552 0.2863
vn 0.8823 -0.4141 0.2235
vn 0.8666 -0.4335 0.2470
vn 0.8196 -0.4820 0.3098
vn 0.3647 0.8999 0.2392
vn 0.3647 0.9157 0.1686
vn 0.3647 0.9127 0.1843
vn 0.3647 0.8933 0.2627
vn -0.8510 0.4676 -0.2392
vn -0.8353 0.4431 -0.3256
vn -0.8431 0.4501 -0.2941
vn -0.8588 0.4647 -0.2157
vn -0.2628 0.0888 0.9608
vn -0.2627 0.0888 0.9608
vn -0.1299 -0.2127 0.9684
vn -0.1297 -0.2125 0.9685
vn -0.1370 -0.0000 0.9906
vn -0.3725 -0.9270 0.0433
vn -0.3725 -0.9270 0.0431
vn 0.9059 -0.4221 0.0353
vn 0.8980 -0.4336 0.0745
vn 0.9059 -0.4205 0.0510
vn 0.9137 -0.4062 0.0118
vn 0.3647 0.9307 0.0274
vn 0.3725 0.9266 0.0510
vn 0.3726 0.9270 0.0431
vn 0.3643 0.9311 0.0191
vn -0.8980 0.4360 -0.0587
vn -0.8902 0.4542 -0.0353
vn -0.8980 0.4370 -0.0510
vn -0.8980 0.4336 -0.0745
vn -0.0743 -0.0000 0.9972
vn -0.3804 -0.9218 0.0745
vn -0.3569 -0.9341 0.0118
vn -0.3647 -0.9307 0.0274
vn -0.3887 -0.9170 0.0899
vn 0.9059 -0.4155 0.0823
vn 0.9216 -0.3882 0.0039
vn 0.9137 -0.4048 0.0353
vn 0.8980 -0.4270 0.1059
vn 0.3804 0.9242 0.0353
vn 0.3646 0.9305 -0.0354
vn 0.3647 0.9309 -0.0196
vn 0.3881 0.9202 0.0510
vn -0.9059 0.4221 -0.0353
vn -0.9137 0.3877 -0.1216
vn -0.9059 0.4138 -0.0902
vn -0.8980 0.4398 -0.0118
vn 0.0274 0.1744 0.9843
vn 0.0353 -0.0000 0.9994
vn 0.1921 0.0981 0.9765
vn 0.1765 0.2140 0.9608
vn 0.2392 0.1404 0.9608
vn 0.2392 0.1403 0.9608
vn -0.3333 -0.9120 0.2392
vn -0.3333 -0.9120 0.2391
vn -0.3334 -0.9119 0.2393
vn 0.8980 -0.4270 -0.1059
vn 0.8980 -0.4360 -0.0588
vn 0.8980 -0.4306 -0.0902
vn 0.8980 -0.4205 -0.1294
vn 0.3412 0.9247 -0.1687
vn 0.3568 0.9216 -0.1529
vn 0.3490 0.9245 -0.1530
vn 0.3411 0.9233 -0.1765
vn -0.8981 0.4335 0.0745
vn -0.8823 0.4603 0.0980
vn -0.8902 0.4481 0.0824
vn -0.8980 0.4348 0.0667
vn 0.1922 0.1577 0.9686
vn 0.1921 0.1577 0.9686
vn -0.4040 -0.9019 0.1529
vn -0.3961 -0.9138 0.0901
vn -0.3961 -0.9121 0.1059
vn -0.4117 -0.8956 0.1686
vn 0.8902 -0.4494 -0.0746
vn 0.8902 -0.4466 -0.0902
vn 0.8902 -0.4507 -0.0667
vn 0.4196 0.9040 -0.0824
vn 0.3882 0.9101 -0.1451
vn 0.3960 0.9091 -0.1294
vn 0.4274 0.9016 -0.0666
vn -0.8902 0.4495 0.0745
vn -0.8980 0.4360 0.0588
vn -0.8902 0.4507 0.0667
vn -0.8823 0.4633 0.0824
vn 0.2941 0.3048 0.9059
vn 0.2940 0.3049 0.9059
vn 0.3568 0.1529 0.9216
vn 0.3333 0.2871 0.8980
vn 0.4510 0.2692 0.8510
vn 0.4510 0.2928 0.8431
vn -0.2941 -0.8297 0.4745
vn -0.3020 -0.8268 0.4745
vn -0.2941 -0.8251 0.4823
vn 0.8431 -0.4395 -0.3098
vn 0.8588 -0.4398 -0.2627
vn 0.8510 -0.4403 -0.2863
vn 0.8431 -0.4220 -0.3333
vn 0.3177 0.8503 -0.4196
vn 0.3333 0.8519 -0.4039
vn 0.3333 0.8482 -0.4117
vn 0.3176 0.8464 -0.4274
vn -0.8510 0.4452 0.2784
vn -0.8353 0.4645 0.2941
vn -0.8432 0.4551 0.2862
vn -0.8589 0.4349 0.2706
vn 0.3490 0.2678 0.8980
vn 0.3255 0.3399 0.8823
vn 0.3412 0.3020 0.8902
vn 0.3647 0.2154 0.9059
vn -0.3333 -0.9031 0.2706
vn -0.3255 -0.9036 0.2784
vn -0.3333 -0.9008 0.2784
vn -0.3333 -0.9055 0.2627
vn 0.8588 -0.4780 -0.1843
vn 0.8432 -0.4600 -0.2784
vn 0.8510 -0.4676 -0.2392
vn 0.8667 -0.4773 -0.1451
vn 0.4117 0.8908 -0.1921
vn 0.3334 0.8904 -0.3098
vn 0.3490 0.8923 -0.2863
vn 0.4275 0.8910 -0.1530
vn -0.8431 0.4854 0.2314
vn -0.9294 0.3615 0.0745
vn -0.8980 0.4205 0.1294
vn -0.8123 0.5170 0.2700
vn 0.4118 0.3458 0.8431
vn 0.4118 0.2279 0.8823
vn 0.4902 0.6090 0.6235
vn 0.4902 0.2966 0.8196
vn 0.4980 0.8439 0.1999
vn 0.4823 0.8611 0.1608
vn 0.4902 0.8536 0.1765
vn 0.5058 0.8352 0.2157
vn -0.0039 -0.2157 0.9765
vn -0.0039 -0.1765 0.9843
vn 0.8980 -0.4385 -0.0353
vn 0.9137 -0.4064 -0.0038
vn 0.9059 -0.4231 -0.0196
vn 0.8902 -0.4527 -0.0510
vn 0.0902 0.2315 -0.9686
vn 0.1059 0.2563 -0.9608
vn 0.1059 0.2249 -0.9686
vn 0.0902 0.2316 -0.9686
vn -0.9137 0.4021 0.0588
vn -0.8980 0.4369 0.0510
vn -0.9059 0.4194 0.0588
vn -0.9137 0.4009 0.0667
vn 0.4902 0.6801 0.5451
vn 0.4902 0.6802 0.5451
vn -0.1216 -0.4546 0.8823
vn -0.1294 -0.5219 0.8431
vn -0.1294 -0.4957 0.8588
vn -0.1137 -0.4412 0.8902
vn 0.8510 -0.5160 -0.0980
vn 0.8196 -0.5476 -0.1686
vn 0.8353 -0.5303 -0.1451
vn 0.8667 -0.4933 -0.0745
vn 0.1765 0.5331 -0.8275
vn 0.1216 0.4976 -0.8588
vn 0.1294 0.5090 -0.8510
vn 0.1921 0.5398 -0.8196
vn -0.8353 0.5379 0.1137
vn -0.8824 0.4602 0.0980
vn -0.8667 0.4875 0.1059
vn -0.8196 0.5599 0.1216
vn 0.5372 0.7447 0.3961
vn 0.5372 0.7446 0.3961
vn 0.4901 0.8359 0.2471
vn 0.4901 0.8359 0.2472
vn 0.4902 0.8359 0.2471
vn 0.5451 0.8306 -0.1136
vn 0.5451 0.8306 -0.1137
vn 0.4902 0.8403 -0.2314
vn -0.2941 -0.0737 0.9529
vn -0.3092 -0.0000 0.9510
vn -0.3020 -0.0274 0.9529
vn -0.2863 -0.0999 0.9529
vn -0.3098 -0.1041 0.9451
vn -0.2705 -0.1368 0.9530
vn -0.2549 -0.1092 0.9608
vn -0.2392 -0.1404 0.9608
vn -0.2392 -0.1403 0.9608
vn -0.2235 -0.1087 0.9686
vn -0.2545 -0.0000 0.9671
vn -0.3176 -0.0770 0.9451
vn -0.3177 -0.0770 0.9451
vn -0.0196 -0.2148 0.9765
vn -0.0197 -0.2149 0.9764
vn -0.0196 -0.2149 0.9764
vn -0.1686 0.0521 0.9843
vn -0.1916 -0.0000 -0.9815
vn -0.1922 -0.0979 -0.9765
vn -0.4039 -0.9044 0.1372
vn -0.4039 -0.9044 0.1373
vn -0.3961 -0.9067 0.1451
vn -0.3961 -0.9067 0.1452
vn 0.8745 -0.4174 -0.2471
vn 0.8902 -0.3970 -0.2235
vn 0.8666 -0.4241 -0.2628
vn 0.3804 0.9012 -0.2078
vn 0.3726 0.9062 -0.2000
vn 0.3803 0.8974 -0.2236
vn 0.3801 0.8955 -0.2314
vn -0.8510 0.4501 0.2706
vn -0.8510 0.4352 0.2940
vn -0.8510 0.4547 0.2627
vn -0.8510 0.4635 0.2471
vn -0.1922 0.0979 -0.9765
vn -0.2000 0.0807 -0.9765
vn -0.1765 -0.0000 -0.9843
vn -0.4118 -0.9051 0.1058
vn -0.4196 -0.9032 0.0903
vn -0.3961 -0.9079 0.1372
vn -0.3882 -0.9088 0.1529
vn 0.8823 -0.4005 -0.2471
vn 0.8745 -0.4077 -0.2627
vn 0.8980 -0.3835 -0.2157
vn 0.8980 -0.3918 -0.2000
vn 0.4117 0.8940 -0.1765
vn 0.4117 0.8908 -0.1922
vn 0.4039 0.9056 -0.1294
vn 0.4039 0.9077 -0.1137
vn -0.8745 0.4382 0.2078
vn -0.8823 0.4330 0.1843
vn -0.8745 0.4174 0.2470
vn -0.1059 0.1879 -0.9765
vn -0.1059 0.1412 -0.9843
vn -0.1137 0.0520 -0.9921
vn -0.1137 -0.1350 -0.9843
vn -0.0745 -0.1004 -0.9921
vn -0.0745 -0.1006 -0.9921
vn -0.0745 -0.1005 -0.9921
vn -0.4039 -0.9134 0.0509
vn -0.4039 -0.9134 0.0510
vn -0.4039 -0.9129 0.0587
vn -0.4033 -0.9132 0.0590
vn 0.9059 -0.4080 -0.1137
vn 0.9059 -0.4120 -0.0980
vn 0.8980 -0.4205 -0.1293
vn 0.8900 -0.4322 -0.1451
vn 0.3882 0.9124 -0.1294
vn 0.3882 0.9135 -0.1216
vn -0.8902 0.4344 0.1373
vn -0.8902 0.4318 0.1451
vn -0.8902 0.4368 0.1294
vn -0.8902 0.4390 0.1215
vn -0.0824 0.0941 -0.9922
vn -0.0743 -0.0000 -0.9972
vn -0.0824 0.0941 -0.9921
vn -0.0902 0.0866 -0.9921
vn -0.4352 -0.8993 -0.0432
vn -0.4353 -0.8984 -0.0588
vn -0.4195 -0.9077 -0.0040
vn -0.4116 -0.9113 0.0117
vn 0.8980 -0.4153 -0.1451
vn 0.8902 -0.4167 -0.1843
vn 0.9216 -0.3776 -0.0902
vn 0.9294 -0.3655 -0.0510
vn 0.4196 0.9058 -0.0588
vn 0.4274 0.9003 -0.0823
vn 0.4120 0.9111 -0.0114
vn 0.4118 0.9113 0.0039
vn -0.9059 0.4121 0.0980
vn -0.9059 0.3885 0.1686
vn -0.9059 0.3690 0.2078
vn -0.0275 0.1743 -0.9843
vn 0.0274 0.1220 -0.9921
vn 0.0353 -0.0000 -0.9994
vn 0.0509 -0.0001 -0.9987
vn 0.0509 -0.0000 -0.9987
vn -0.3961 -0.9067 -0.1451
vn -0.3961 -0.9079 -0.1372
vn 0.9136 -0.4050 -0.0355
vn 0.9137 -0.4054 -0.0275
vn 0.9137 -0.4041 -0.0431
vn 0.9059 -0.4194 -0.0588
vn 0.3960 0.9152 0.0745
vn 0.3883 0.9179 0.0822
vn 0.4039 0.9134 0.0510
vn 0.4039 0.9138 0.0431
vn -0.9059 0.4205 0.0510
vn -0.9059 0.4214 0.0431
vn -0.4196 -0.9063 -0.0510
vn -0.4198 -0.9052 -0.0668
vn -0.4039 -0.9148 -0.0040
vn -0.3961 -0.9181 0.0118
vn 0.8980 -0.4395 -0.0196
vn 0.8980 -0.4398 -0.0117
vn 0.8980 -0.4400 -0.0040
vn 0.4195 0.9075 -0.0200
vn 0.4274 0.9034 -0.0353
vn 0.4039 0.9141 0.0352
vn 0.3961 0.9168 0.0509
vn -0.8902 0.4551 0.0196
vn -0.8902 0.4554 0.0118
vn -0.8980 0.4391 0.0274
vn -0.8980 0.4385 0.0353
vn 0.0980 0.0777 -0.9921
vn 0.0980 0.0776 -0.9922
vn 0.0980 0.0776 -0.9921
vn 0.1294 0.1726 -0.9765
vn 0.1294 0.1725 -0.9765
vn 0.1294 0.1200 -0.9843
vn 0.2078 0.3492 -0.9137
vn 0.2078 0.3279 -0.9216
vn 0.2076 0.3491 -0.9138
vn -0.3882 -0.8394 -0.3804
vn -0.3882 -0.8358 -0.3883
vn 0.8902 -0.4536 0.0431
vn 0.8902 -0.4507 0.0666
vn 0.8902 -0.4552 0.0196
vn 0.8902 -0.4556 -0.0038
vn 0.3804 0.8686 0.3176
vn 0.3882 0.8707 0.3019
vn 0.3882 0.8707 0.3020
vn -0.8823 0.4705 -0.0118
vn -0.8902 0.4556 -0.0039
vn -0.8823 0.4702 -0.0196
vn -0.8745 0.4842 -0.0274
vn 0.1135 0.1833 -0.9765
vn 0.1059 0.1879 -0.9765
vn 0.0898 0.2620 -0.9609
vn -0.3725 -0.9126 -0.1687
vn -0.3647 -0.9171 -0.1608
vn -0.3726 -0.9095 -0.1844
vn -0.3728 -0.9078 -0.1922
vn 0.9058 -0.4222 -0.0353
vn 0.9136 -0.4034 0.0513
vn 0.9137 -0.3943 0.0980
vn 0.3882 0.8996 0.2000
vn 0.3882 0.9013 0.1921
vn 0.3881 0.8996 0.2000
vn -0.9059 0.4231 -0.0196
vn -0.8902 0.4528 -0.0510
vn -0.9215 0.3859 0.0431
vn -0.9294 0.3615 0.0746
vn 0.1765 0.3007 -0.9372
vn 0.1843 0.4330 -0.8823
vn 0.3647 0.6206 -0.6941
vn 0.3647 0.6207 -0.6941
vn 0.3647 0.6026 -0.7098
vn 0.4274 0.7091 -0.5608
vn 0.4118 0.7361 -0.5372
vn 0.4274 0.7028 -0.5686
vn 0.4431 0.6661 -0.6000
vn -0.2862 -0.4831 -0.8274
vn -0.2862 -0.4693 -0.8353
vn -0.2940 -0.5289 -0.7961
vn -0.2941 -0.5518 -0.7804
vn 0.8274 -0.5576 -0.0667
vn 0.8274 -0.5566 -0.0745
vn 0.8274 -0.5585 -0.0588
vn 0.8196 -0.5707 -0.0510
vn 0.3176 0.5712 0.7568
vn 0.3255 0.5871 0.7412
vn 0.2785 0.5488 0.7882
vn 0.2627 0.5336 0.8039
vn -0.8117 0.5802 0.0667
vn -0.8039 0.5910 0.0667
vn -0.8274 0.5566 0.0745
vn -0.8353 0.5447 0.0745
vn -0.3333 -0.1022 -0.9372
vn -0.2706 -0.0607 -0.9608
vn -0.2784 -0.1200 -0.9529
vn -0.2863 -0.0999 -0.9529
vn -0.3255 -0.0293 -0.9451
vn -0.3092 -0.0000 -0.9510
vn -0.3177 -0.0768 -0.9451
vn -0.2783 -0.0000 -0.9605
vn -0.2545 -0.0000 -0.9671
vn -0.3412 -0.0718 -0.9372
vn -0.2549 0.1093 -0.9608
vn -0.8118 0.2290 0.5372
vn -0.3490 -0.4248 0.8353
vn -0.3098 0.1041 0.9451
vn -0.8431 -0.4156 0.3412
vn -0.8588 -0.5123 0.0039
vn -0.3647 -0.8600 0.3569
vn -0.0039 -0.4399 0.8980
vn -0.2784 0.7500 0.6000
vn 0.0274 0.7483 0.6628
vn -0.3334 -0.9428 0.0039
vn -0.1530 -0.8947 0.4196
vn -0.0667 -0.9978 0.0039
vn -0.3490 0.9371 0.0039
vn -0.7333 0.6092 0.3020
vn -0.8039 0.5947 0.0039
vn -0.9686 0.2485 0.0039
vn 0.0510 0.9987 0.0039
vn -0.1528 -0.8948 -0.4196
vn -0.3647 -0.8600 -0.3569
vn -0.7333 0.6091 -0.3020
vn -0.2784 0.7500 -0.6000
vn -0.8118 0.2289 -0.5373
vn -0.8339 -0.0000 -0.5520
vn -0.3490 -0.4248 -0.8353
vn -0.3098 0.1041 -0.9451
vn 0.0275 0.7484 -0.6627
vn -0.8431 -0.4219 -0.3333
vn -0.0039 -0.4400 -0.8980
vn 0.9686 -0.1363 -0.2078
vn 0.9921 -0.1251 0.0039
vn 0.9843 -0.1765 0.0039
vn 0.9529 -0.1863 -0.2392
vn 0.9843 -0.0728 -0.1608
vn 0.9921 -0.0942 -0.0824
vn 0.9686 -0.1364 0.2078
vn 0.9529 -0.1863 0.2393
vn 0.9843 -0.0728 0.1608
vn 0.9921 -0.0942 0.0823
vn 0.3412 0.1408 -0.9294
vn 0.3412 0.1407 -0.9294
vn -0.8667 -0.3404 -0.3647
vn -0.2706 -0.0609 0.9608
vn 0.4196 -0.9075 -0.0197
vn -0.8353 -0.3458 -0.4274
vn 0.5686 -0.3222 -0.7569
vn -0.5529 -0.8143 -0.1765
vn 0.0118 -0.2483 -0.9686
vn -0.8353 -0.4830 0.2628
vn -0.0117 -0.4850 -0.8745
vn -0.9608 -0.0887 0.2627
vn 0.9765 -0.0577 0.2078
vn 0.3961 -0.8207 0.4117
vn 0.3255 -0.2710 -0.9059
vn 0.1293 -0.8749 0.4667
vn -0.8980 -0.3469 -0.2706
vn 0.1216 -0.9908 0.0589
vn 0.0353 -0.8918 0.4510
vn -0.5529 -0.8143 -0.1764
vn 0.4196 -0.9075 -0.0196
vn -0.2706 -0.0608 0.9608
vn 0.2079 -0.9400 0.2706
vn 0.1294 -0.1201 0.9843
vn 0.9921 0.1005 0.0745
vn 0.1450 -0.8682 0.4745
vn 0.9999 -0.0000 -0.0118
vn 0.1216 -0.9908 0.0588
vn 0.1686 -0.3052 0.9372
vn 0.9451 -0.0295 0.3255
vn -0.7098 -0.3934 0.5843
vn -0.7961 -0.3549 0.4902
vn 0.3019 -0.9397 0.1607
vn 0.3569 0.1530 0.9215
vn 0.8510 -0.5219 0.0588
vn -0.8823 -0.4678 -0.0510
vn -0.9529 -0.3019 -0.0275
vn -0.6000 -0.6811 -0.4196
vn -0.3098 -0.7376 -0.6000
vn 0.1451 -0.5980 -0.7882
vn -0.3098 -0.4820 -0.8196
vn 0.0902 -0.9032 -0.4196
vn -0.0039 -0.8672 0.4980
vn -0.9215 -0.2928 0.2550
vn 0.2393 -0.4530 0.8588
vn 0.1137 -0.9748 0.1921
vn 0.2856 -0.0000 0.9584
vn 0.9216 -0.1093 0.3725
vn -0.7568 -0.4876 -0.4353
vn 0.1607 -0.5131 0.8432
vn -0.0354 -0.6340 -0.7725
vn -0.1922 -0.9079 0.3725
vn 0.2863 0.1991 0.9372
vn 0.5041 -0.0000 0.8636
vn 0.4040 -0.8172 0.4110
vn -0.8353 -0.4830 0.2627
vn 0.1294 -0.8749 0.4667
vn 0.9529 0.0999 0.2863
vn 0.9372 0.2379 0.2549
vn 0.2078 -0.9400 0.2706
vn 0.8667 -0.3404 -0.3647
vn 0.8353 -0.3458 -0.4274
vn -0.4197 -0.9075 -0.0196
vn 0.2706 -0.0609 0.9608
vn -0.5686 -0.3223 -0.7569
vn 0.5530 -0.8143 -0.1765
vn 0.8353 -0.4830 0.2627
vn 0.0117 -0.4849 -0.8745
vn 0.9608 -0.0888 0.2628
vn -0.9765 -0.0577 0.2078
vn -0.4050 -0.8168 0.4109
vn -0.3255 -0.2710 -0.9059
vn -0.1294 -0.8749 0.4667
vn -0.0666 -0.8457 -0.5294
vn -0.5608 -0.0293 -0.8274
vn 0.6941 -0.4514 -0.5608
vn -0.7647 -0.3784 -0.5216
vn -0.5041 -0.0000 0.8636
vn -0.7961 -0.5289 -0.2941
vn 0.1922 -0.8716 0.4510
vn 0.4039 -0.4643 -0.7882
vn -0.9451 -0.1943 -0.2627
vn -0.2863 0.1990 0.9372
vn -0.1608 -0.5131 0.8431
vn 0.1137 -0.9005 0.4196
vn -0.9983 -0.0000 -0.0587
vn -0.9922 -0.1058 0.0667
vn -0.2392 -0.4530 0.8588
vn 0.0821 -0.0000 0.9966
vn 0.0353 -0.6339 -0.7726
vn 0.1922 -0.9079 0.3725
vn -0.0667 -0.9937 0.0902
vn -0.8980 0.1041 0.4274
vn -0.1137 -0.9747 0.1922
vn -0.5686 -0.3222 -0.7568
vn -0.2078 -0.9400 0.2707
vn -0.4196 -0.9075 -0.0196
vn -0.1294 -0.1201 0.9843
vn -0.9059 0.0577 0.4196
vn -0.9921 0.1004 0.0745
vn -0.9999 -0.0000 -0.0118
vn -0.1215 -0.9908 0.0589
vn -0.1686 -0.3052 0.9372
vn -0.9451 -0.0294 0.3255
vn 0.7098 -0.3934 0.5843
vn 0.7961 -0.3548 0.4902
vn -0.8510 -0.5219 0.0588
vn 0.8823 -0.4678 -0.0510
vn 0.9529 -0.3019 -0.0275
vn 0.6000 -0.6811 -0.4196
vn 0.3098 -0.7376 -0.5999
vn -0.1450 -0.5981 -0.7882
vn 0.3098 -0.4820 -0.8196
vn -0.0902 -0.9032 -0.4196
vn 0.0039 -0.8672 0.4980
vn 0.9215 -0.2930 0.2549
vn -0.1138 -0.9748 0.1921
vn -0.9216 -0.1093 0.3725
vn 0.7568 -0.4875 -0.4353
vn -0.1607 -0.5132 0.8431
vn 0.0353 -0.6340 -0.7725
vn -0.0666 -0.8457 -0.5295
vn -0.3961 -0.8207 0.4118
vn 0.8353 -0.4829 0.2627
vn -0.1294 -0.8749 0.4666
vn -0.9765 -0.0576 0.2078
vn 0.9608 -0.0888 0.2627
vn -0.0353 -0.8919 0.4509
vn 0.8980 -0.3469 -0.2706
vn -0.1216 -0.9908 0.0588
vn -0.0353 -0.8918 0.4510
vn 0.1765 -0.4030 -0.8980
vn -0.8039 0.0556 0.5921
vn -0.1530 -0.2618 0.9529
vn 0.0745 -0.7588 0.6470
vn -0.4667 -0.8192 0.3334
vn 0.6235 -0.1626 0.7647
vn -0.7804 -0.4072 0.4745
vn -0.3882 -0.8080 -0.4432
vn -0.5922 -0.5935 -0.5451
vn -0.7725 -0.6274 0.0980
vn -0.6235 -0.6740 -0.3961
vn -0.2235 -0.3598 -0.9059
vn -0.7019 -0.3712 -0.6079
vn -0.2863 0.2623 0.9215
vn -0.5451 -0.2630 0.7961
vn -0.7804 -0.6043 -0.1608
vn 0.4902 -0.6009 0.6314
vn 0.3098 -0.9202 -0.2393
vn -0.7412 -0.6035 -0.2941
vn 0.9972 -0.0000 -0.0743
vn -0.7412 -0.5956 -0.3098
vn 0.7961 -0.5972 -0.0981
vn -0.1921 -0.9738 -0.1216
vn 0.0745 -0.7588 0.6471
vn -0.2863 0.2623 0.9216
vn 0.9137 0.2884 0.2864
vn 0.9371 -0.0000 0.3490
vn 0.5921 0.5105 0.6235
vn 0.7412 0.4587 0.4902
vn -0.1529 -0.2618 0.9529
vn -0.3960 0.5199 0.7569
vn 0.5529 0.6369 0.5372
vn 0.8431 0.4647 -0.2706
vn 0.5529 -0.0980 -0.8274
vn 0.5765 -0.1463 -0.8039
vn 0.6235 -0.4019 -0.6706
vn 0.3098 -0.9202 -0.2392
vn -0.7804 -0.6042 -0.1608
vn -0.7020 -0.3712 -0.6078
vn 0.8823 0.1585 0.4431
vn 0.2549 -0.2929 0.9216
vn 0.6235 -0.7818 0.0039
vn -0.3883 -0.8080 -0.4432
vn -0.4118 0.5191 0.7490
vn 0.6235 -0.1627 0.7647
vn -0.7412 -0.6034 -0.2941
vn -0.3412 0.3993 0.8510
vn -0.4196 -0.3902 0.8196
vn -0.1922 -0.9738 -0.1216
vn 0.4980 0.0297 0.8667
vn -0.1765 -0.4030 -0.8980
vn -0.0745 -0.7588 0.6470
vn 0.1530 -0.2618 0.9529
vn 0.8039 0.0554 0.5922
vn 0.4667 -0.8192 0.3333
vn -0.6235 -0.1626 0.7647
vn 0.7804 -0.4073 0.4745
vn 0.3882 -0.8080 -0.4431
vn 0.5922 -0.5935 -0.5451
vn 0.7725 -0.6274 0.0980
vn 0.6235 -0.6741 -0.3961
vn 0.2235 -0.3598 -0.9059
vn 0.7019 -0.3712 -0.6078
vn 0.2863 0.2623 0.9215
vn 0.5451 -0.2630 0.7961
vn 0.7804 -0.6043 -0.1608
vn -0.4902 -0.6009 0.6314
vn -0.3098 -0.9202 -0.2392
vn 0.7412 -0.6035 -0.2941
vn -0.9972 -0.0000 -0.0743
vn 0.7412 -0.5955 -0.3098
vn -0.7961 -0.5972 -0.0981
vn 0.1921 -0.9738 -0.1215
vn -0.0745 -0.7588 0.6471
vn -0.9137 0.2719 0.3020
vn -0.9137 0.2883 0.2864
vn -0.4902 -0.6009 0.6313
vn -0.5922 0.5105 0.6235
vn 0.1529 -0.2618 0.9529
vn 0.3960 0.5199 0.7569
vn -0.5530 0.6369 0.5372
vn -0.8431 0.4646 -0.2706
vn -0.5529 -0.0979 -0.8274
vn -0.5765 -0.1463 -0.8039
vn -0.6235 -0.4019 -0.6706
vn 0.7804 -0.6042 -0.1608
vn 0.7019 -0.3712 -0.6079
vn 0.8039 0.0556 0.5922
vn -0.8823 0.1585 0.4431
vn -0.2549 -0.2929 0.9216
vn 0.7804 -0.4072 0.4745
vn -0.6235 -0.7818 0.0040
vn 0.3883 -0.8080 -0.4431
vn -0.6235 -0.1627 0.7647
vn 0.4118 0.5191 0.7490
vn 0.7725 -0.6274 0.0981
vn 0.3411 0.3994 0.8510
vn 0.7412 -0.5956 -0.3098
vn 0.4196 -0.3901 0.8196
vn -0.4980 0.0295 0.8667
vn -0.1765 -0.1241 0.9765
vn -0.2706 -0.4191 0.8667
vn 0.4117 -0.4574 0.7882
vn 0.5529 -0.0981 0.8274
vn 0.7333 -0.3198 0.6000
vn -0.0196 0.4231 0.9059
vn -0.6157 0.1902 0.7647
vn -0.7726 -0.2292 0.5921
vn 0.7019 0.2168 0.6784
vn 0.9451 0.1041 0.3098
vn 0.8823 -0.2416 0.4039
vn -0.2706 -0.5637 0.7804
vn 0.3255 -0.5339 0.7804
vn 0.9294 -0.2937 0.2235
vn 0.7725 0.2979 0.5608
vn 0.0353 0.6340 0.7726
vn 0.6627 -0.3487 0.6627
vn -0.7255 0.2740 0.6313
vn 0.1765 -0.1241 0.9765
vn -0.5530 -0.0980 0.8274
vn -0.4117 -0.4574 0.7882
vn 0.2707 -0.4193 0.8666
vn -0.7333 -0.3198 0.6000
vn 0.0196 0.4231 0.9059
vn 0.6157 0.1902 0.7647
vn 0.7725 -0.2292 0.5921
vn -0.7020 0.2168 0.6784
vn -0.9451 0.1041 0.3098
vn -0.8823 -0.2415 0.4039
vn 0.2706 -0.5637 0.7804
vn -0.3255 -0.5339 0.7804
vn -0.9294 -0.2937 0.2235
vn -0.7726 0.2978 0.5608
vn -0.0353 0.6340 0.7726
vn -0.6628 -0.3486 0.6627
vn 0.7255 0.2740 0.6314
vn -0.9451 0.3249 -0.0353
vn -0.9686 0.1959 -0.1529
vn -0.9765 0.1345 -0.1686
vn -0.9765 -0.0000 -0.2157
vn -0.9765 -0.1240 -0.1765
vn -0.9529 -0.2841 -0.1059
vn -0.8745 -0.4849 -0.0118
vt 0.253877 0.370839
vt 0.258750 0.299687
vt 0.308459 0.306510
vt 0.306510 0.385460
vt 0.315282 0.453688
vt 0.257776 0.415675
vt 0.357194 0.397156
vt 0.333801 0.307485
vt 0.350371 0.466359
vt 0.322105 0.511195
vt 0.350371 0.525815
vt 0.305535 0.555056
vt 0.333801 0.585271
vt 0.285067 0.610613
vt 0.303586 0.641803
vt 0.243155 0.657398
vt 0.249003 0.634980
vt 0.403979 0.538486
vt 0.382536 0.602815
vt 0.439068 0.623284
vt 0.461486 0.553106
vt 0.388384 0.470258
vt 0.412751 0.472207
vt 0.473182 0.480004
vt 0.418599 0.406903
vt 0.429321 0.316257
vt 0.365966 0.309434
vt 0.479030 0.416650
vt 0.490726 0.326004
vt 0.444916 0.222687
vt 0.411776 0.223661
vt 0.508271 0.226586
vt 0.465384 0.141788
vt 0.518017 0.134965
vt 0.472207 0.075509
vt 0.420549 0.090129
vt 0.402030 0.148611
vt 0.477080 0.043344
vt 0.493650 0.047243
vt 0.521916 0.064787
vt 0.472207 0.019952
vt 0.484878 0.015078
vt 0.507296 0.023851
vt 0.518992 0.004357
vt 0.507296 0.004357
vt 0.375713 0.121319
vt 0.363042 0.151535
vt 0.326979 0.154459
vt 0.315282 0.219763
vt 0.264598 0.176876
vt 0.266548 0.151535
vt 0.259725 0.217813
vt 0.202218 0.218788
vt 0.228535 0.296763
vt 0.200269 0.180775
vt 0.133015 0.213915
vt 0.132041 0.282143
vt 0.067711 0.204168
vt 0.067711 0.279219
vt 0.196370 0.293839
vt 0.123269 0.358168
vt 0.184674 0.368890
vt 0.172003 0.448815
vt 0.121319 0.447840
vt 0.168104 0.510220
vt 0.124243 0.518992
vt 0.147636 0.591119
vt 0.173953 0.571625
vt 0.205142 0.615486
vt 0.194421 0.634980
vt 0.095003 0.360118
vt 0.133015 0.613537
vt 0.181750 0.663246
vt 0.179801 0.671044
vt 0.111572 0.636929
vt 0.242181 0.675917
vt 0.233408 0.696385
vt 0.178826 0.685664
vt 0.098901 0.652524
vt 0.222687 0.709056
vt 0.182725 0.718803
vt 0.216839 0.744145
vt 0.174927 0.743170
vt 0.214889 0.767537
vt 0.257776 0.801652
vt 0.267523 0.764614
vt 0.317232 0.784107
vt 0.326004 0.750968
vt 0.267523 0.722702
vt 0.299687 0.829918
vt 0.157383 0.778259
vt 0.155433 0.815297
vt 0.127167 0.779234
vt 0.121319 0.812373
vt 0.200269 0.823095
vt 0.244130 0.843563
vt 0.280194 0.865006
vt 0.194421 0.865006
vt 0.225611 0.882551
vt 0.258750 0.906918
vt 0.134965 0.751943
vt 0.229510 0.938108
vt 0.201244 0.920564
vt 0.188573 0.954678
vt 0.173953 0.929336
vt 0.182725 0.907893
vt 0.159332 0.903994
vt 0.153484 0.884500
vt 0.175902 0.865981
vt 0.150560 0.953703
vt 0.128142 0.923488
vt 0.321130 0.893272
vt 0.342573 0.853310
vt 0.347447 0.800677
vt 0.199294 0.989766
vt 0.137889 0.987817
vt 0.099876 0.941032
vt 0.076484 0.912766
vt 0.113522 0.900095
vt 0.127167 0.890348
vt 0.075509 0.961500
vt 0.107674 0.880601
vt 0.065762 0.886450
vt 0.078433 0.863057
vt 0.041395 0.867931
vt 0.057965 0.852336
vt 0.036521 0.850386
vt 0.013129 0.866956
vt 0.013129 0.842588
vt 0.075509 0.851361
vt 0.100851 0.852336
vt 0.088180 0.849411
vt 0.086231 0.826019
vt 0.126193 0.856234
vt 0.096952 0.810424
vt 0.106699 0.772411
vt 0.083306 0.781183
vt 0.078433 0.801652
vt 0.062838 0.788006
vt 0.060889 0.803601
vt 0.060889 0.769487
vt 0.080382 0.759740
vt 0.087205 0.739272
vt 0.048218 0.770462
vt 0.048218 0.792880
vt 0.040420 0.789955
vt 0.036521 0.782158
vt 0.032623 0.802626
vt 0.033597 0.794829
vt 0.021901 0.800677
vt 0.021901 0.812373
vt 0.021901 0.819196
vt 0.013129 0.820171
vt 0.012154 0.813348
vt 0.031648 0.810424
vt 0.041395 0.806525
vt 0.032623 0.788006
vt 0.020926 0.791905
vt 0.026775 0.785082
vt 0.018977 0.784107
vt 0.013129 0.791905
vt 0.013129 0.781183
vt 0.017028 0.777284
vt 0.027749 0.782158
vt 0.028724 0.768512
vt 0.039445 0.767537
vt 0.014104 0.766563
vt 0.013129 0.776310
vt 0.012154 0.801652
vt 0.066737 0.452713
vt 0.134965 0.171028
vt 0.059914 0.131066
vt 0.134965 0.143737
vt 0.069661 0.063813
vt 0.038471 0.056990
vt 0.014104 0.130091
vt 0.014104 0.057965
vt 0.198320 0.147636
vt 0.012154 0.203193
vt 0.027749 0.244130
vt 0.012154 0.245105
vt 0.045294 0.043344
vt 0.043344 0.023851
vt 0.030673 0.017028
vt 0.012154 0.286042
vt 0.061863 0.362067
vt 0.012154 0.364991
vt 0.071610 0.521916
vt 0.109623 0.577473
vt 0.056990 0.557005
vt 0.056990 0.589170
vt 0.082332 0.640828
vt 0.010205 0.584296
vt 0.012154 0.612562
vt 0.060889 0.626208
vt 0.008255 0.550182
vt 0.024825 0.512169
vt 0.064787 0.657398
vt 0.029699 0.646676
vt 0.099876 0.671044
vt 0.060889 0.675917
vt 0.012154 0.641803
vt 0.014104 0.663246
vt 0.088180 0.688588
vt 0.029699 0.686638
vt 0.048218 0.696385
vt 0.069661 0.720752
vt 0.082332 0.702233
vt 0.125218 0.693461
vt 0.130092 0.709056
vt 0.108648 0.726601
vt 0.068686 0.737322
vt 0.150560 0.728550
vt 0.129117 0.712955
vt 0.129117 0.702233
vt 0.149585 0.710031
vt 0.121319 0.685664
vt 0.142762 0.687613
vt 0.116446 0.654474
vt 0.058939 0.746094
vt 0.063813 0.727575
vt 0.046268 0.719778
vt 0.028724 0.711980
vt 0.014104 0.706132
vt 0.014104 0.679816
vt 0.012154 0.455637
vt 0.095003 0.336725
vt 0.061863 0.335751
vt 0.095003 0.301637
vt 0.065762 0.301637
vt 0.093053 0.259725
vt 0.071610 0.257776
vt 0.095977 0.221712
vt 0.012154 0.510220
vt 0.018977 0.487802
vt 0.009230 0.484878
vt 0.018977 0.458561
vt 0.009230 0.454663
vt 0.018002 0.432245
vt 0.011180 0.427371
vt 0.008255 0.403979
vt 0.381561 0.223661
vt 0.436144 0.191497
vt 0.415675 0.223661
vt 0.416650 0.194421
vt 0.419574 0.164206
vt 0.432245 0.162256
vt 0.421523 0.128142
vt 0.349396 0.672993
vt 0.275320 0.706132
vt 0.286042 0.673967
vt 0.339649 0.705158
vt 0.403979 0.691512
vt 0.386434 0.730499
vt 0.371814 0.774360
vt 0.363042 0.808474
vt 0.243155 0.714904
vt 0.371814 0.625233
vt 0.256801 0.299687
vt 0.245105 0.259725
vt 0.226586 0.257776
vt 0.241206 0.219763
vt 0.229510 0.217813
vt 0.238282 0.204168
vt 0.472207 0.597942
vt 0.501448 0.606714
vt 0.479030 0.643752
vt 0.442966 0.634980
vt 0.510220 0.577473
vt 0.519967 0.589170
vt 0.466359 0.692487
vt 0.435169 0.665195
vt 0.427371 0.691512
vt 0.475131 0.735373
vt 0.440042 0.742196
vt 0.554081 0.568701
vt 0.515093 0.780208
vt 0.486827 0.785082
vt 0.517043 0.809449
vt 0.531663 0.802626
vt 0.557005 0.830892
vt 0.523866 0.741221
vt 0.555056 0.794829
vt 0.517043 0.696385
vt 0.518992 0.675917
vt 0.600866 0.746094
vt 0.603790 0.761689
vt 0.664221 0.748044
vt 0.608663 0.781183
vt 0.670069 0.793854
vt 0.597942 0.698335
vt 0.658373 0.701259
vt 0.700284 0.775335
vt 0.704183 0.793854
vt 0.659347 0.680790
vt 0.672993 0.830892
vt 0.623284 0.830892
vt 0.611588 0.792880
vt 0.623284 0.873779
vt 0.671044 0.870854
vt 0.574549 0.832842
vt 0.582347 0.876703
vt 0.580397 0.878652
vt 0.708081 0.831867
vt 0.754867 0.796778
vt 0.750968 0.833816
vt 0.801652 0.798728
vt 0.795803 0.757791
vt 0.749018 0.754867
vt 0.786057 0.708081
vt 0.765588 0.707107
vt 0.795803 0.833816
vt 0.748044 0.859158
vt 0.749993 0.868905
vt 0.793854 0.865981
vt 0.703208 0.868905
vt 0.694436 0.750968
vt 0.744145 0.706132
vt 0.685664 0.703208
vt 0.660322 0.655448
vt 0.688588 0.657398
vt 0.663246 0.619385
vt 0.611588 0.615486
vt 0.602815 0.651550
vt 0.621334 0.577473
vt 0.670069 0.579423
vt 0.692487 0.622309
vt 0.701259 0.583322
vt 0.544334 0.607689
vt 0.569676 0.572600
vt 0.520941 0.645702
vt 0.745120 0.664221
vt 0.745120 0.626208
vt 0.748044 0.583322
vt 0.715879 0.548233
vt 0.758765 0.547258
vt 0.677866 0.559929
vt 0.603790 0.519967
vt 0.605739 0.521916
vt 0.641803 0.533612
vt 0.684689 0.544334
vt 0.789955 0.626208
vt 0.788006 0.650575
vt 0.790930 0.582347
vt 0.811399 0.626208
vt 0.811399 0.580397
vt 0.799702 0.550182
vt 0.819196 0.548233
vt 0.821145 0.653499
vt 0.820171 0.639853
vt 0.854285 0.641803
vt 0.855259 0.647651
vt 0.887424 0.650575
vt 0.831867 0.577473
vt 0.832842 0.625233
vt 0.834791 0.658373
vt 0.810424 0.659347
vt 0.835766 0.711980
vt 0.807500 0.710031
vt 0.788006 0.661296
vt 0.817247 0.758765
vt 0.823095 0.798728
vt 0.767537 0.688588
vt 0.842588 0.760715
vt 0.845513 0.798728
vt 0.818221 0.835766
vt 0.814323 0.865006
vt 0.834791 0.865006
vt 0.839665 0.836740
vt 0.869880 0.757791
vt 0.875728 0.800677
vt 0.862082 0.866956
vt 0.868905 0.838690
vt 0.864032 0.710031
vt 0.866956 0.662271
vt 0.858184 0.621334
vt 0.849411 0.600866
vt 0.856234 0.575524
vt 0.838690 0.547258
vt 0.864032 0.542385
vt 0.884500 0.589170
vt 0.887424 0.573575
vt 0.937133 0.559929
vt 0.909842 0.554081
vt 0.895222 0.535562
vt 0.973197 0.548233
vt 0.940057 0.540435
vt 0.913741 0.537511
vt 0.890348 0.604765
vt 0.888399 0.613537
vt 0.946880 0.608663
vt 0.917640 0.619385
vt 0.887424 0.622309
vt 0.895222 0.664221
vt 0.921538 0.650575
vt 0.923488 0.675917
vt 0.892298 0.709056
vt 0.927387 0.711006
vt 0.924462 0.732449
vt 0.897171 0.757791
vt 0.929336 0.756816
vt 0.926412 0.777284
vt 0.899121 0.801652
vt 0.923488 0.799702
vt 0.924462 0.809449
vt 0.920564 0.830892
vt 0.895222 0.840639
vt 0.920564 0.840639
vt 0.916665 0.855259
vt 0.894247 0.870854
vt 0.912766 0.871829
vt 0.960526 0.786057
vt 0.957602 0.774360
vt 0.980020 0.785082
vt 0.978070 0.779234
vt 0.975146 0.770462
vt 0.950779 0.755841
vt 0.999513 0.786057
vt 0.945906 0.746094
vt 0.973197 0.751943
vt 0.971247 0.747069
vt 0.981969 0.742196
vt 0.967349 0.736348
vt 0.997564 0.745120
vt 0.958576 0.712955
vt 0.979045 0.714904
vt 0.959551 0.695411
vt 0.979045 0.707107
vt 0.982944 0.726601
vt 0.999513 0.713930
vt 0.958576 0.687613
vt 0.943956 0.672018
vt 0.980994 0.675917
vt 0.228535 0.625233
vt 0.880601 0.350371
vt 0.890348 0.396181
vt 0.844538 0.405928
vt 0.834791 0.358168
vt 0.810424 0.405928
vt 0.807500 0.362067
vt 0.811399 0.302611
vt 0.848437 0.295789
vt 0.859158 0.249004
vt 0.806525 0.266548
vt 0.900095 0.448815
vt 0.851361 0.454663
vt 0.937133 0.399105
vt 0.931285 0.379612
vt 0.991716 0.380586
vt 0.977095 0.359143
vt 0.927387 0.338675
vt 0.910817 0.342574
vt 0.964425 0.324054
vt 0.753892 0.324054
vt 0.760715 0.368890
vt 0.716854 0.330877
vt 0.720752 0.375713
vt 0.766563 0.414700
vt 0.724651 0.421523
vt 0.733423 0.480979
vt 0.773386 0.469283
vt 0.698335 0.422498
vt 0.687613 0.333801
vt 0.686638 0.379612
vt 0.651550 0.377662
vt 0.648626 0.334776
vt 0.652524 0.414700
vt 0.686638 0.422498
vt 0.617436 0.371814
vt 0.619385 0.323080
vt 0.655448 0.443941
vt 0.607689 0.435169
vt 0.608663 0.408852
vt 0.688588 0.464409
vt 0.643752 0.310409
vt 0.656423 0.454663
vt 0.688588 0.478055
vt 0.742196 0.518992
vt 0.683714 0.306510
vt 0.680790 0.281168
vt 0.647651 0.281168
vt 0.672018 0.235358
vt 0.712955 0.278244
vt 0.710031 0.228535
vt 0.747069 0.225611
vt 0.749993 0.273371
vt 0.750968 0.301637
vt 0.714904 0.303586
vt 0.778259 0.269472
vt 0.796778 0.213915
vt 0.852336 0.202218
vt 0.908867 0.244130
vt 0.874753 0.289940
vt 0.913741 0.281168
vt 0.951754 0.241206
vt 0.953703 0.280193
vt 0.906918 0.192472
vt 0.945906 0.197345
vt 0.897171 0.147636
vt 0.853310 0.149585
vt 0.828943 0.153484
vt 0.944931 0.148611
vt 0.890348 0.099876
vt 0.938108 0.100851
vt 0.932260 0.079408
vt 0.891323 0.072585
vt 0.858184 0.071610
vt 0.840639 0.102800
vt 0.825044 0.071610
vt 0.890348 0.028724
vt 0.865006 0.029699
vt 0.860133 0.008255
vt 0.897171 0.014104
vt 0.942981 0.034572
vt 0.943956 0.024825
vt 0.793854 0.108648
vt 0.790930 0.079408
vt 0.744145 0.089155
vt 0.748044 0.114497
vt 0.710031 0.093053
vt 0.712955 0.120345
vt 0.701259 0.173953
vt 0.748044 0.170054
vt 0.707107 0.063813
vt 0.740246 0.041395
vt 0.787031 0.031648
vt 0.707107 0.046268
vt 0.685664 0.177851
vt 0.711006 0.024825
vt 0.672993 0.004357
vt 0.675917 0.021901
vt 0.644727 0.019952
vt 0.640828 0.002407
vt 0.659347 0.066737
vt 0.613537 0.014104
vt 0.620360 0.027749
vt 0.623284 0.085256
vt 0.630107 0.102800
vt 0.669094 0.083306
vt 0.679816 0.100851
vt 0.636929 0.121319
vt 0.687613 0.125218
vt 0.646676 0.141788
vt 0.580397 0.114497
vt 0.582347 0.059914
vt 0.560904 0.102800
vt 0.568701 0.046268
vt 0.587220 0.026775
vt 0.596967 0.043344
vt 0.551157 0.140813
vt 0.594043 0.121319
vt 0.586245 0.157383
vt 0.610613 0.135940
vt 0.604765 0.161282
vt 0.624258 0.151535
vt 0.664221 0.182725
vt 0.623284 0.198320
vt 0.624258 0.241206
vt 0.539460 0.133990
vt 0.665195 0.166155
vt 0.681765 0.160307
vt 0.657398 0.138864
vt 0.671044 0.131066
vt 0.672993 0.096952
vt 0.626208 0.281168
vt 0.639853 0.262649
vt 0.644727 0.281168
vt 0.625233 0.263624
vt 0.637904 0.236332
vt 0.624258 0.238282
vt 0.629132 0.215864
vt 0.624258 0.215864
vt 0.969298 0.247054
vt 0.951754 0.186623
vt 0.962475 0.183699
vt 0.955652 0.249978
vt 0.946880 0.105724
vt 0.980020 0.102800
vt 0.943956 0.075509
vt 0.971247 0.059914
vt 0.997564 0.042369
vt 0.976121 0.287016
vt 0.997564 0.286042
vt 0.959551 0.287991
vt 0.817247 0.460511
vt 0.860133 0.504372
vt 0.824069 0.510220
vt 0.790930 0.465384
vt 0.881576 0.476106
vt 0.782158 0.515093
vt 0.040420 0.815297
vt 0.057965 0.812373
vt 0.075509 0.817247
vt 0.031648 0.820171
vt 0.021901 0.829918
vt 0.013129 0.829918
vt 0.068686 0.828943
vt 0.075509 0.837715
vt 0.061863 0.840639
vt 0.051142 0.842588
vt 0.037496 0.843563
vt 0.057965 0.835766
vt 0.040420 0.836740
vt 0.048218 0.836740
vt 0.055041 0.833816
vt 0.062838 0.826993
vt 0.033597 0.826993
vt 0.035547 0.826993
vt 0.042370 0.818221
vt 0.036521 0.826019
vt 0.043344 0.821145
vt 0.054066 0.816272
vt 0.064787 0.819196
vt 0.056015 0.820171
vt 0.052116 0.819196
vt 0.054066 0.821145
vt 0.050167 0.821145
vt 0.044319 0.822120
vt 0.039445 0.830892
vt 0.040420 0.830892
vt 0.046268 0.831867
vt 0.046268 0.832842
vt 0.054066 0.831867
vt 0.053091 0.831867
vt 0.057965 0.826993
vt 0.056990 0.826019
vt 0.056015 0.823095
vt 0.056990 0.823095
vt 0.594043 0.630107
vt 0.587220 0.650575
vt 0.611588 0.655448
vt 0.617436 0.640828
vt 0.634005 0.659347
vt 0.646676 0.648626
vt 0.662271 0.678841
vt 0.658373 0.702233
vt 0.685664 0.689562
vt 0.684689 0.708081
vt 0.713930 0.702233
vt 0.711006 0.710031
vt 0.737322 0.719778
vt 0.542385 0.687613
vt 0.539460 0.703208
vt 0.566752 0.696385
vt 0.560904 0.708081
vt 0.597942 0.709056
vt 0.792880 0.162256
vt 0.769487 0.167130
vt 0.823095 0.103775
vt 0.842588 0.100851
vt 0.826019 0.072585
vt 0.833816 0.065762
vt 0.820171 0.032623
vt 0.741221 0.024825
vt 0.785082 0.016053
vt 0.821145 0.008255
vt 0.820171 0.031648
vt 0.835766 0.008255
vt 0.842588 0.030673
vt 0.848437 0.008255
vt 0.291890 0.937133
vt 0.253877 0.970273
vt 0.151535 0.862082
vt 0.024825 0.894247
vt 0.042370 0.923488
vt 0.768512 0.688588
vt 0.784107 0.702233
vt 0.784107 0.716854
vt 0.815297 0.726601
vt 0.818221 0.715879
vt 0.841614 0.728550
vt 0.845513 0.740246
vt 0.873779 0.755841
vt 0.799702 0.251927
vt 0.777284 0.256801
vt 0.789955 0.239257
vt 0.771436 0.242181
vt 0.784107 0.212940
vt 0.773386 0.215864
vt 0.783133 0.188573
vt 0.707107 0.306510
vt 0.690537 0.305535
vt 0.689562 0.281168
vt 0.680790 0.282143
vt 0.675917 0.258750
vt 0.188573 0.843563
vt 0.173953 0.833816
vt 0.207092 0.814323
vt 0.198320 0.803601
vt 0.226586 0.777284
vt 0.013129 0.003382
vt 0.019952 0.025800
vt 0.020926 0.005331
vt 0.678841 0.903019
vt 0.685664 0.983918
vt 0.667145 0.973197
vt 0.654474 0.945906
vt 0.660322 0.914716
vt 0.726601 0.900095
vt 0.726601 0.986842
vt 0.757791 0.986842
vt 0.760715 0.903019
vt 0.795803 0.980994
vt 0.794829 0.906918
vt 0.813348 0.962475
vt 0.815297 0.922513
vt 0.745120 0.892298
vt 0.817247 0.894247
vt 0.838690 0.920564
vt 0.839665 0.960526
vt 0.760715 0.885475
vt 0.811399 0.995615
vt 0.732449 0.995615
vt 0.757791 0.998539
vt 0.863057 0.873779
vt 0.882551 0.889374
vt 0.883525 0.880601
vt 0.910817 0.882551
vt 0.910817 0.889374
vt 0.978070 0.879627
vt 0.868905 0.261674
vt 0.857209 0.261674
vt 0.864032 0.239257
vt 0.874753 0.246079
vt 0.867930 0.194421
vt 0.868905 0.273371
vt 0.853310 0.277269
vt 0.921538 0.324054
vt 0.907893 0.326978
vt 0.913741 0.311383
vt 0.903994 0.311383
vt 0.904969 0.283117
vt 0.390333 0.365966
vt 0.404954 0.364991
vt 0.417625 0.415675
vt 0.387409 0.419574
vt 0.412751 0.473182
vt 0.392283 0.312358
vt 0.791905 0.385460
vt 0.799702 0.352320
vt 0.810424 0.386434
vt 0.792880 0.409827
vt 0.811399 0.409827
vt 0.796778 0.440042
vt 0.816272 0.436144
vt 0.792880 0.465384
vt 0.699309 0.388384
vt 0.714904 0.390333
vt 0.721727 0.419574
vt 0.695411 0.427371
vt 0.705158 0.364017
vt 0.696385 0.363042
vt 0.702233 0.327953
vt 0.689562 0.337700
vt 0.029699 0.622309
vt 0.014104 0.618410
vt 0.021901 0.596967
vt 0.010205 0.594043
vt 0.017028 0.574549
vt 0.010205 0.574549
vt 0.009230 0.541410
vt 0.029699 0.623284
vt 0.095003 0.602815
vt 0.099876 0.591119
vt 0.115471 0.594043
vt 0.116446 0.609638
vt 0.091104 0.620360
vt 0.112547 0.634980
vt 0.081357 0.639853
vt 0.122294 0.581372
vt 0.108648 0.577473
vt 0.123269 0.558954
vt 0.116446 0.555056
vt 0.123269 0.529714
vt 0.687613 0.576499
vt 0.671044 0.578448
vt 0.698335 0.559929
vt 0.711006 0.561878
vt 0.714904 0.550182
vt 0.736348 0.540435
vt 0.457587 0.668119
vt 0.482929 0.672018
vt 0.476106 0.691512
vt 0.450764 0.692487
vt 0.500473 0.695411
vt 0.504372 0.681765
vt 0.518992 0.695411
vt 0.628157 0.774360
vt 0.630107 0.787031
vt 0.608663 0.780208
vt 0.654474 0.782158
vt 0.651550 0.790930
vt 0.679816 0.803601
vt 0.023850 0.162256
vt 0.011180 0.164206
vt 0.012154 0.132041
vt 0.010205 0.204168
vt 0.026775 0.204168
vt 0.355244 0.767537
vt 0.370840 0.774360
vt 0.373764 0.721727
vt 0.385460 0.728550
vt 0.390333 0.693461
vt 0.724651 0.769487
vt 0.723677 0.788981
vt 0.751943 0.784107
vt 0.746094 0.798728
vt 0.783133 0.804576
vt 0.823095 0.817247
vt 0.808474 0.833816
vt 0.810424 0.824069
vt 0.779234 0.831867
vt 0.780209 0.844538
vt 0.886450 0.450764
vt 0.865006 0.452713
vt 0.862082 0.429321
vt 0.875728 0.423473
vt 0.890348 0.465384
vt 0.877677 0.481954
vt 0.858184 0.389359
vt 0.403004 0.147636
vt 0.364991 0.153484
vt 0.365966 0.129117
vt 0.396181 0.108648
vt 0.255826 0.698335
vt 0.242181 0.714904
vt 0.241206 0.698335
vt 0.253877 0.673967
vt 0.264598 0.675917
vt 0.267523 0.661296
vt 0.261674 0.662271
vt 0.271421 0.648626
vt 0.335751 0.221712
vt 0.326004 0.263624
vt 0.312358 0.258750
vt 0.326004 0.220738
vt 0.335751 0.193446
vt 0.309434 0.306510
vt 0.326979 0.263624
vt 0.336725 0.221712
vt 0.326979 0.220738
vt 0.336725 0.193446
vt 0.711980 0.709056
vt 0.736348 0.719778
vt 0.764614 0.707107
vt 0.844538 0.739272
vt 0.593068 0.629132
vt 0.586245 0.650575
vt 0.678841 0.559929
vt 0.819196 0.639853
vt 0.855259 0.648626
vt 0.788981 0.626208
vt 0.788981 0.650575
vt 0.823095 0.816272
vt 0.809449 0.825044
vt 0.228535 0.295789
vt 0.095977 0.335751
vt 0.062838 0.336725
vt 0.061863 0.361093
vt 0.064787 0.301637
vt 0.094028 0.259725
vt 0.071610 0.258750
vt 0.026775 0.244130
vt 0.011180 0.510220
vt 0.028724 0.646676
vt 0.133990 0.750968
vt 0.142762 0.686638
vt 0.501448 0.695411
vt 0.519967 0.697360
vt 0.518017 0.694436
vt 0.435169 0.666170
vt 0.266548 0.723677
vt 0.256801 0.698335
vt 0.242181 0.698335
vt 0.116446 0.594043
vt 0.098901 0.592094
vt 0.112547 0.635955
vt 0.122294 0.580397
vt 0.109623 0.578448
vt 0.699309 0.389359
vt 0.714904 0.391308
vt 0.690537 0.306510
vt 0.716854 0.331852
vt 0.869880 0.261674
vt 0.873779 0.245105
vt 0.864032 0.241206
vt 0.857209 0.260700
vt 0.852336 0.278244
vt 0.909842 0.343548
vt 0.772411 0.215864
vt 0.779234 0.269472
vt 0.833816 0.066737
vt 0.672018 0.130091
vt 0.672993 0.101825
vt 0.658373 0.138864
vt 0.818221 0.460511
vt 0.699309 0.774360
vt 0.390333 0.364991
vt 0.388384 0.419574
vt 0.443941 0.223661
vt 0.420549 0.127167
vt 0.748044 0.169079
vt 0.749018 0.116446
vt 0.771436 0.113522
vt 0.762664 0.085256
vt 0.743170 0.090129
vt 0.769487 0.166155
vt 0.748044 0.063813
vt 0.756816 0.061863
vt 0.752917 0.038471
vt 0.341599 0.632056
vt 0.343548 0.631081
vt 0.374738 0.607689
vt 0.348422 0.606714
vt 0.371814 0.587220
vt 0.352320 0.585271
vt 0.372789 0.555056
vt 0.357194 0.557005
vt 0.367915 0.528739
vt 0.810424 0.654474
vt 0.713930 0.703208
vt 0.711980 0.710031
vt 0.737322 0.721727
vt 0.027749 0.729525
vt 0.047243 0.734398
vt 0.040420 0.738297
vt 0.025800 0.736348
vt 0.014104 0.729525
vt 0.014104 0.735373
vt 0.013129 0.738297
vt 0.035547 0.739272
vt 0.056015 0.744145
vt 0.045294 0.742196
vt 0.048218 0.741221
vt 0.056015 0.747069
vt 0.043344 0.754867
vt 0.040420 0.749993
vt 0.054066 0.746094
vt 0.031648 0.747069
vt 0.025800 0.749993
vt 0.027749 0.755841
vt 0.013129 0.749993
vt 0.014104 0.756816
vt 0.014104 0.747069
vt 0.391308 0.312358
vt 0.121319 0.579423
vt 0.105724 0.574549
vt 0.091104 0.600866
vt 0.114496 0.609638
vt 0.112547 0.556030
vt 0.089155 0.619385
vt 0.111572 0.634005
vt 0.784107 0.705158
vt 0.823095 0.813348
vt 0.779234 0.830892
vt 0.738297 0.721727
vt 0.784107 0.704183
vt 0.096952 0.335751
vt 0.375713 0.606714
vt 0.371814 0.586246
vt 0.374738 0.564802
vt 0.358169 0.558954
vt 0.365966 0.531663
vt 0.112547 0.555056
vt 0.749993 0.117421
vt 0.560904 0.707107
vt 0.226586 0.776310
vt 0.150560 0.862082
vt 0.607689 0.964425
vt 0.574549 0.952728
vt 0.574549 0.891323
vt 0.625233 0.906918
vt 0.574549 0.988792
vt 0.642777 0.986842
vt 0.663246 0.985868
vt 0.657398 0.974171
vt 0.641803 0.940057
vt 0.664221 0.475131
vt 0.669094 0.484878
vt 0.635955 0.515093
vt 0.638879 0.479030
vt 0.622309 0.478055
vt 0.610613 0.512169
vt 0.627182 0.463435
vt 0.674942 0.479030
vt 0.033597 0.742196
vt 0.047243 0.743170
vt 0.032623 0.747069
vt 0.014104 0.741221
vt 0.046268 0.746094
vt 0.297738 0.971247
vt 0.307485 0.990741
vt 0.291890 0.992691
vt 0.290915 0.972222
vt 0.279219 0.992691
vt 0.285067 0.971247
vt 0.277269 0.968323
vt 0.264598 0.988792
vt 0.289940 0.956627
vt 0.041395 0.944931
vt 0.048218 0.965399
vt 0.029699 0.966374
vt 0.031648 0.944931
vt 0.033597 0.931285
vt 0.020926 0.942007
vt 0.011180 0.962475
vt 0.032623 0.983918
vt 0.031648 0.988792
vt 0.041395 0.984893
vt 0.010205 0.983918
vt 0.010205 0.988792
vt 0.130092 0.712955
vt 0.571625 0.487802
vt 0.505346 0.480979
vt 0.509245 0.441017
vt 0.576499 0.448815
vt 0.513144 0.408852
vt 0.580397 0.414700
vt 0.598916 0.450764
vt 0.595018 0.490726
vt 0.568701 0.513144
vt 0.502422 0.506321
vt 0.480004 0.479030
vt 0.482929 0.437118
vt 0.584296 0.356219
vt 0.518017 0.350371
vt 0.523866 0.291890
vt 0.591119 0.297738
vt 0.526789 0.263624
vt 0.593068 0.268497
vt 0.617436 0.300662
vt 0.611588 0.358168
vt 0.584296 0.381561
vt 0.517043 0.376688
vt 0.495600 0.348422
vt 0.499498 0.290915
vt 0.565777 0.556030
vt 0.498524 0.548233
vt 0.569676 0.513144
vt 0.501448 0.508271
vt 0.498524 0.550182
vt 0.565777 0.555056
vt 0.880601 0.501448
vt 0.904969 0.457587
vt 0.938108 0.510220
vt 0.890348 0.515093
vt 0.999513 0.474156
vt 0.963450 0.411776
vt 0.877677 0.506321
vt 0.884500 0.518017
vt 0.869880 0.505346
vt 0.865006 0.501448
vt 0.866956 0.516068
vt 0.861108 0.515093
vt 0.885475 0.531663
vt 0.881576 0.525815
vt 0.870854 0.531663
vt 0.872804 0.525815
vt 0.856234 0.542385
vt 0.847462 0.525815
vt 0.584296 0.354270
vt 0.518992 0.349396
vt 0.609638 0.358168
vt 0.517043 0.374738
vt 0.584296 0.380586
vt 0.497549 0.348422
vt 0.258750 0.084281
vt 0.316257 0.075509
vt 0.326004 0.107674
vt 0.251927 0.108648
vt 0.345498 0.057965
vt 0.328928 0.004357
vt 0.357194 0.003382
vt 0.372789 0.077458
vt 0.329903 0.133016
vt 0.244130 0.133990
vt 0.170054 0.101825
vt 0.158357 0.116446
vt 0.385460 0.024825
vt 0.385460 0.096952
vt 0.403979 0.055040
vt 0.152509 0.009230
vt 0.184674 0.084281
vt 0.175902 0.007281
vt 0.266548 0.004357
vt 0.134965 0.010205
vt 0.243155 0.135940
vt 0.517043 0.213915
vt 0.571625 0.215864
vt 0.565777 0.261674
vt 0.515093 0.256801
vt 0.543359 0.163231
vt 0.579423 0.161282
vt 0.522891 0.173953
vt 0.516068 0.213915
vt 0.966374 0.825044
vt 0.966374 0.832842
vt 0.936159 0.840639
vt 0.933235 0.826019
vt 0.967349 0.819196
vt 0.937133 0.813348
vt 0.943956 0.797753
vt 0.953703 0.809449
vt 0.973197 0.807500
vt 0.972222 0.812373
vt 0.976121 0.802626
vt 0.960526 0.794829
vt 0.952728 0.790930
vt 0.976121 0.792880
vt 0.929336 0.854285
vt 0.973197 0.849411
vt 0.939083 0.872804
vt 0.999513 0.816272
vt 0.458561 0.806525
vt 0.458561 0.835766
vt 0.425422 0.828943
vt 0.441017 0.803601
vt 0.457587 0.778259
vt 0.455637 0.865006
vt 0.412751 0.850386
vt 0.396181 0.849411
vt 0.392283 0.826993
vt 0.369865 0.835766
vt 0.384485 0.853310
vt 0.413726 0.792880
vt 0.433219 0.884500
vt 0.399105 0.871829
vt 0.455637 0.910817
vt 0.481954 0.906918
vt 0.373764 0.802626
vt 0.362067 0.903019
vt 0.382536 0.918614
vt 0.453688 0.943956
vt 0.472207 0.953703
vt 0.412751 0.959551
vt 0.392283 0.942981
vt 0.378637 0.951754
vt 0.371814 0.930310
vt 0.386434 0.929336
vt 0.401055 0.914716
vt 0.375713 0.924462
vt 0.432245 0.976121
vt 0.484878 0.973197
vt 0.499498 0.953703
vt 0.491701 0.992691
vt 0.385460 0.960526
vt 0.347447 0.958576
vt 0.356219 0.931285
vt 0.322105 0.965399
vt 0.529714 0.951754
vt 0.518992 0.917640
vt 0.540435 0.934209
vt 0.561878 0.955652
vt 0.499498 0.890348
vt 0.540435 0.909842
vt 0.530688 0.896196
vt 0.563828 0.905943
vt 0.497549 0.853310
vt 0.518992 0.869880
vt 0.518017 0.851361
vt 0.539460 0.848437
vt 0.489751 0.843563
vt 0.478055 0.834791
vt 0.503397 0.837715
vt 0.498524 0.830892
vt 0.491701 0.825044
vt 0.511195 0.810424
vt 0.758765 0.077458
vt 0.741221 0.081357
vt 0.998539 0.825044
vt 0.917640 0.970273
vt 0.906918 0.976121
vt 0.892298 0.955652
vt 0.905943 0.947855
vt 0.897171 0.933235
vt 0.881576 0.961500
vt 0.914716 0.992691
vt 0.921538 0.989766
vt 0.906918 0.911791
vt 0.865006 0.928361
vt 0.873779 0.908867
vt 0.870854 0.904969
vt 0.929336 0.910817
vt 0.936159 0.947855
vt 0.949804 0.942007
vt 0.942981 0.913741
vt 0.954678 0.940057
vt 0.947855 0.916665
vt 0.863057 0.960526
vt 0.880601 0.970273
vt 0.865981 0.969298
vt 0.876703 0.986842
vt 0.868905 0.987817
vt 0.248029 0.535562
vt 0.231459 0.569676
vt 0.231459 0.546283
vt 0.234383 0.535562
vt 0.226586 0.569676
vt 0.218788 0.595018
vt 0.219763 0.588195
vt 0.257776 0.526789
vt 0.260700 0.531663
vt 0.269472 0.513144
vt 0.254852 0.474156
vt 0.240231 0.481954
vt 0.221712 0.481954
vt 0.200269 0.532638
vt 0.202218 0.481954
vt 0.184674 0.525815
vt 0.198320 0.540435
vt 0.183699 0.477081
vt 0.196370 0.560904
vt 0.187598 0.584296
vt 0.184674 0.574549
vt 0.182725 0.555056
vt 0.284092 0.543359
vt 0.276295 0.550182
vt 0.296763 0.560904
vt 0.299687 0.560904
vt 0.289940 0.565777
vt 0.271421 0.556030
vt 0.290915 0.569676
vt 0.283118 0.488777
vt 0.278244 0.502422
vt 0.265573 0.455637
vt 0.294814 0.482929
vt 0.291890 0.494625
vt 0.301637 0.493650
vt 0.314308 0.508271
vt 0.316257 0.507296
vt 0.308459 0.513144
vt 0.293839 0.507296
vt 0.311383 0.514119
vt 0.329903 0.914716
vt 0.329903 0.909842
vt 0.335751 0.908867
vt 0.336725 0.914716
vt 0.338675 0.908867
vt 0.330877 0.920564
vt 0.326004 0.918614
vt 0.322105 0.914716
vt 0.337700 0.918614
vt 0.342573 0.913741
vt 0.341599 0.910817
vt 0.327953 0.907893
vt 0.334776 0.906918
vt 0.343548 0.908867
vt 0.343548 0.914716
vt 0.339649 0.920564
vt 0.331852 0.922513
vt 0.337700 0.905943
vt 0.319181 0.913741
vt 0.324054 0.921538
vt 0.173953 0.834791
s 1
usemtl Wookie
f 1/1/1 3/2/2 2/3/3
f 2/3/3 4/4/4 1/1/1
f 1/1/1 4/4/4 5/5/5
f 5/5/5 6/6/6 1/1/1
f 7/7/7 4/4/4 2/3/3
f 2/3/3 8/8/8 7/7/7
f 4/4/4 7/7/7 9/9/9
f 9/9/9 5/5/5 4/4/4
f 10/10/10 5/5/5 9/9/9
f 9/9/9 11/11/11 10/10/10
f 12/12/12 10/10/10 11/11/11
f 11/11/11 13/13/13 12/12/12
f 14/14/14 12/12/12 13/13/13
f 13/13/13 15/15/15 14/14/14
f 14/14/14 15/15/15 16/16/16
f 16/16/16 17/17/17 14/14/14
f 13/13/13 11/11/11 18/18/18
f 18/18/18 11/11/11 9/9/9
f 18/18/18 19/19/19 13/13/13
f 20/20/20 19/19/19 18/18/18
f 18/18/18 21/21/21 20/20/20
f 7/7/7 22/22/22 9/9/9
f 7/7/7 23/23/23 22/22/22
f 21/21/21 18/18/18 23/23/23
f 24/22/24 23/23/23 18/18/18
f 9/9/9 24/22/24 18/18/18
f 23/23/23 25/24/25 21/21/21
f 25/24/25 23/23/23 26/25/26
f 7/7/7 26/25/26 23/23/23
f 27/26/27 26/25/26 7/7/7
f 7/7/7 28/27/28 27/26/27
f 26/25/26 29/28/21 25/24/25
f 29/28/21 26/25/26 27/26/27
f 27/26/27 30/29/21 29/28/21
f 30/29/21 27/26/27 31/30/29
f 31/30/29 27/26/27 32/31/30
f 32/31/30 27/26/27 28/27/28
f 31/30/29 33/32/21 30/29/21
f 33/32/21 31/30/29 34/33/31
f 34/33/31 35/34/32 33/32/21
f 35/34/32 34/33/31 36/35/33
f 37/36/34 36/35/33 34/33/31
f 34/33/31 38/37/35 37/36/34
f 39/38/36 36/35/33 37/36/34
f 36/35/33 39/38/36 40/39/37
f 40/39/37 41/40/25 36/35/33
f 36/35/33 41/40/25 35/34/32
f 37/36/34 42/41/38 39/38/36
f 39/38/36 43/42/39 40/39/37
f 44/43/40 41/40/25 40/39/37
f 44/43/40 45/44/21 41/40/25
f 40/39/37 46/45/41 44/43/40
f 37/36/34 38/37/35 47/46/42
f 47/46/42 38/37/35 48/47/43
f 48/47/43 49/48/44 47/46/42
f 50/49/45 49/48/44 48/47/43
f 51/50/46 49/48/44 50/49/45
f 52/51/47 49/48/44 51/50/46
f 50/49/45 53/52/48 51/50/46
f 53/52/48 50/49/45 54/3/49
f 54/3/49 55/2/50 53/52/48
f 56/53/51 53/52/48 55/2/50
f 51/50/46 53/52/48 56/53/51
f 55/2/50 57/54/52 56/53/51
f 56/53/51 58/55/53 51/50/46
f 58/55/53 56/53/51 59/56/54
f 60/57/55 59/56/54 56/53/51
f 61/58/56 59/56/54 60/57/55
f 60/57/55 62/59/57 61/58/56
f 56/53/51 63/60/58 60/57/55
f 57/54/52 63/60/58 56/53/51
f 64/61/54 60/57/55 63/60/58
f 63/60/58 65/62/59 64/61/54
f 65/62/59 63/60/58 57/54/52
f 66/63/60 64/61/54 65/62/59
f 66/63/60 67/64/61 64/61/54
f 67/64/61 66/63/60 68/65/62
f 68/65/62 69/66/63 67/64/61
f 70/67/64 69/66/63 68/65/62
f 68/65/62 71/68/65 70/67/64
f 70/67/64 71/68/65 72/69/66
f 72/69/66 73/70/67 70/67/64
f 64/61/54 74/71/68 60/57/55
f 62/59/57 60/57/55 74/71/68
f 75/72/69 70/67/64 73/70/67
f 73/70/67 76/73/70 75/72/69
f 75/72/69 76/73/70 77/74/71
f 77/74/71 78/75/72 75/72/69
f 77/74/71 76/73/70 79/76/73
f 79/76/73 80/77/74 77/74/71
f 78/75/72 77/74/71 81/78/75
f 81/78/75 77/74/71 80/77/74
f 81/78/75 82/79/76 78/75/72
f 76/73/70 73/70/67 16/16/16
f 16/16/16 79/76/73 76/73/70
f 80/77/74 83/80/77 81/78/75
f 84/81/78 81/78/75 83/80/77
f 83/80/77 85/82/79 84/81/78
f 86/83/80 84/81/78 85/82/79
f 85/82/79 87/84/81 86/83/80
f 88/85/82 87/84/81 85/82/79
f 85/82/79 89/86/83 88/85/82
f 85/82/79 83/80/77 89/86/83
f 88/85/82 89/86/83 90/87/84
f 91/88/85 90/87/84 89/86/83
f 89/86/83 92/89/86 91/88/85
f 90/87/84 93/90/87 88/85/82
f 86/83/80 87/84/81 94/91/88
f 95/92/89 94/91/88 87/84/81
f 94/91/88 95/92/89 96/93/90
f 96/93/90 95/92/89 97/94/91
f 87/84/81 98/95/92 95/92/89
f 98/95/92 87/84/81 88/85/82
f 99/96/93 88/85/82 93/90/87
f 88/85/82 99/96/93 98/95/92
f 93/90/87 100/97/94 99/96/93
f 101/98/95 98/95/92 99/96/93
f 99/96/93 102/99/96 101/98/95
f 102/99/96 99/96/93 100/97/94
f 100/97/94 103/100/97 102/99/96
f 104/101/98 94/91/88 96/93/90
f 102/99/96 103/100/97 105/102/99
f 105/102/99 106/103/100 102/99/96
f 106/103/100 105/102/99 107/104/101
f 107/104/101 108/105/102 106/103/100
f 109/106/103 106/103/100 108/105/102
f 109/106/103 101/98/95 102/99/96
f 102/99/96 106/103/100 109/106/103
f 109/106/103 110/107/104 101/98/95
f 108/105/102 110/107/104 109/106/103
f 110/107/104 111/108/105 101/98/95
f 112/109/106 101/98/95 111/108/105
f 113/110/107 108/105/102 107/104/101
f 114/111/108 108/105/102 113/110/107
f 108/105/102 114/111/108 110/107/104
f 103/100/97 100/97/94 115/112/109
f 116/113/110 115/112/109 100/97/94
f 100/97/94 93/90/87 116/113/110
f 117/114/111 116/113/110 93/90/87
f 93/90/87 90/87/84 117/114/111
f 118/115/112 113/110/107 107/104/101
f 118/115/112 119/116/113 113/110/107
f 120/117/114 113/110/107 119/116/113
f 113/110/107 120/117/114 114/111/108
f 114/111/108 120/117/114 121/118/115
f 121/118/115 122/119/116 114/111/108
f 123/120/117 114/111/108 122/119/116
f 119/116/113 124/121/118 120/117/114
f 121/118/115 120/117/114 124/121/118
f 125/122/119 122/119/116 121/118/115
f 122/119/116 125/122/119 123/120/117
f 121/118/115 126/123/120 125/122/119
f 125/122/119 126/123/120 127/124/121
f 128/125/65 127/124/121 126/123/120
f 127/124/121 128/125/65 129/126/122
f 128/125/65 130/127/123 129/126/122
f 130/127/123 128/125/65 131/128/124
f 131/128/124 132/129/125 130/127/123
f 129/126/122 133/130/126 127/124/121
f 134/131/127 127/124/121 133/130/126
f 127/124/121 134/131/127 125/122/119
f 133/130/126 135/132/128 134/131/127
f 136/133/129 134/131/127 135/132/128
f 134/131/127 137/134/130 125/122/119
f 123/120/117 125/122/119 137/134/130
f 137/134/130 134/131/127 97/94/91
f 134/131/127 136/133/129 97/94/91
f 136/133/129 138/135/131 97/94/91
f 97/94/91 138/135/131 139/136/132
f 140/137/133 139/136/132 138/135/131
f 138/135/131 141/138/134 140/137/133
f 142/139/135 140/137/133 141/138/134
f 141/138/134 143/140/136 142/139/135
f 140/137/133 142/139/135 144/141/133
f 139/136/132 140/137/133 145/142/55
f 144/141/133 145/142/55 140/137/133
f 145/142/55 146/143/137 139/136/132
f 147/144/138 144/141/133 142/139/135
f 142/139/135 148/145/139 147/144/138
f 149/146/140 147/144/138 148/145/139
f 149/146/140 150/147/141 147/144/138
f 148/145/139 151/148/142 149/146/140
f 149/146/140 151/148/142 152/149/143
f 153/150/144 152/149/143 151/148/142
f 151/148/142 154/151/145 153/150/144
f 155/152/146 154/151/145 151/148/142
f 154/151/145 155/152/146 156/153/147
f 156/153/147 157/154/148 154/151/145
f 153/150/144 154/151/145 157/154/148
f 151/148/142 158/155/149 155/152/146
f 151/148/142 148/145/139 159/156/150
f 159/156/150 158/155/149 151/148/142
f 160/157/151 150/147/141 149/146/140
f 149/146/140 152/149/143 160/157/151
f 152/149/143 153/150/144 161/158/152
f 161/158/152 160/157/151 152/149/143
f 162/159/153 160/157/151 161/158/152
f 160/157/151 162/159/153 150/147/141
f 161/158/152 163/160/154 162/159/153
f 163/160/154 161/158/152 164/161/155
f 164/161/155 165/162/156 163/160/154
f 162/159/153 163/160/154 166/163/157
f 166/163/157 163/160/154 165/162/156
f 167/164/158 162/159/153 166/163/157
f 166/163/157 168/165/159 167/164/158
f 167/164/158 168/165/159 169/166/160
f 169/166/160 150/147/141 167/164/158
f 162/159/153 167/164/158 150/147/141
f 166/163/157 170/167/161 168/165/159
f 166/163/157 171/168/162 170/167/161
f 165/162/156 171/168/162 166/163/157
f 147/144/138 150/147/141 169/166/160
f 172/169/163 164/161/155 161/158/152
f 161/158/152 153/150/144 172/169/163
f 157/154/148 172/169/163 153/150/144
f 173/163/164 170/167/161 171/168/162
f 173/163/164 171/168/162 165/162/156
f 173/163/164 174/165/165 170/167/161
f 173/163/164 175/164/166 174/165/165
f 176/166/167 174/165/165 175/164/166
f 175/164/166 177/147/168 176/166/167
f 178/159/169 177/147/168 175/164/166
f 175/164/166 173/163/164 178/159/169
f 178/159/169 173/163/164 179/160/170
f 178/159/169 179/160/170 180/158/171
f 180/158/171 181/157/172 178/159/169
f 181/157/172 177/147/168 178/159/169
f 164/161/155 180/158/171 179/160/170
f 180/158/171 164/161/155 172/169/163
f 179/160/170 165/162/156 164/161/155
f 165/162/156 179/160/170 173/163/164
f 182/146/173 177/147/168 181/157/172
f 182/146/173 183/144/174 177/147/168
f 183/144/174 176/166/167 177/147/168
f 184/145/175 183/144/174 182/146/173
f 182/146/173 185/148/176 184/145/175
f 182/146/173 186/149/177 185/148/176
f 181/157/172 186/149/177 182/146/173
f 186/149/177 181/157/172 180/158/171
f 185/148/176 186/149/177 187/150/178
f 180/158/171 187/150/178 186/149/177
f 187/150/178 188/151/179 185/148/176
f 185/148/176 188/151/179 189/152/180
f 156/153/147 189/152/180 188/151/179
f 188/151/179 157/154/148 156/153/147
f 157/154/148 188/151/179 187/150/178
f 189/152/180 190/155/181 185/148/176
f 185/148/176 190/155/181 191/156/182
f 191/156/182 184/145/175 185/148/176
f 183/144/174 184/145/175 192/139/183
f 192/139/183 184/145/175 191/156/182
f 192/139/183 193/141/184 183/144/174
f 194/137/184 193/141/184 192/139/183
f 195/138/185 194/137/184 192/139/183
f 194/137/184 195/138/185 196/135/186
f 196/135/186 197/136/187 194/137/184
f 192/139/183 198/140/188 195/138/185
f 191/156/182 198/140/188 192/139/183
f 199/142/189 194/137/184 197/136/187
f 193/141/184 194/137/184 199/142/189
f 197/136/187 200/143/190 199/142/189
f 197/136/187 196/135/186 201/94/191
f 202/133/192 201/94/191 196/135/186
f 201/94/191 203/93/193 197/136/187
f 203/93/193 201/94/191 204/92/194
f 205/91/195 203/93/193 204/92/194
f 205/91/195 204/92/194 206/95/196
f 206/95/196 207/84/197 205/91/195
f 208/83/198 205/91/195 207/84/197
f 208/83/198 207/84/197 209/82/199
f 209/82/199 207/84/197 210/85/200
f 210/85/200 211/86/201 209/82/199
f 209/82/199 212/81/202 208/83/198
f 209/82/199 211/86/201 213/80/203
f 212/81/202 209/82/199 213/80/203
f 213/80/203 214/78/204 212/81/202
f 215/87/205 211/86/201 210/85/200
f 211/86/201 215/87/205 216/88/206
f 216/88/206 217/89/207 211/86/201
f 210/85/200 218/90/208 215/87/205
f 204/92/194 219/98/209 206/95/196
f 204/92/194 220/109/210 219/98/209
f 221/96/211 210/85/200 207/84/197
f 207/84/197 206/95/196 221/96/211
f 218/90/208 210/85/200 221/96/211
f 221/96/211 222/97/212 218/90/208
f 222/97/212 221/96/211 223/99/213
f 223/99/213 221/96/211 206/95/196
f 206/95/196 219/98/209 223/99/213
f 223/99/213 224/100/214 222/97/212
f 214/78/204 213/80/203 225/77/215
f 225/77/215 226/74/216 214/78/204
f 226/74/216 225/77/215 227/76/217
f 227/76/217 228/73/218 226/74/216
f 226/74/216 228/73/218 229/72/219
f 229/72/219 230/75/220 226/74/216
f 214/78/204 226/74/216 230/75/220
f 230/75/220 231/79/221 214/78/204
f 228/73/218 227/76/217 232/16/222
f 232/16/222 233/70/223 228/73/218
f 229/72/219 228/73/218 233/70/223
f 233/70/223 234/67/224 229/72/219
f 234/67/224 233/70/223 235/69/225
f 235/69/225 236/68/226 234/67/224
f 234/67/224 236/68/226 237/65/227
f 237/65/227 238/66/228 234/67/224
f 239/64/229 238/66/228 237/65/227
f 237/65/227 240/63/230 239/64/229
f 240/63/230 241/61/231 239/64/229
f 240/63/230 242/62/232 241/61/231
f 241/61/231 242/62/232 243/60/194
f 243/60/194 244/57/233 241/61/231
f 241/61/231 244/57/233 245/71/234
f 244/57/233 243/60/194 246/53/235
f 246/53/235 247/56/236 244/57/233
f 244/57/233 247/56/236 248/58/237
f 248/58/237 249/59/238 244/57/233
f 245/71/234 244/57/233 249/59/238
f 250/170/239 239/64/229 241/61/231
f 241/61/231 245/71/234 250/170/239
f 248/58/237 247/56/236 251/171/240
f 251/171/240 252/172/241 248/58/237
f 252/172/241 251/171/240 253/173/242
f 253/173/242 254/174/243 252/172/241
f 254/174/243 255/175/244 252/172/241
f 256/176/245 252/172/241 255/175/244
f 248/58/237 252/172/241 256/176/245
f 255/175/244 257/177/246 256/176/245
f 256/176/245 257/177/246 258/175/247
f 258/175/247 259/172/248 256/176/245
f 260/174/249 259/172/248 258/175/247
f 259/172/248 260/174/249 261/173/250
f 261/173/250 262/171/251 259/172/248
f 61/58/56 259/172/248 262/171/251
f 256/176/245 259/172/248 61/58/56
f 262/171/251 59/56/54 61/58/56
f 59/56/54 262/171/251 58/55/53
f 263/178/252 58/55/53 262/171/251
f 262/171/251 261/173/250 263/178/252
f 51/50/46 58/55/53 263/178/252
f 263/178/252 52/51/47 51/50/46
f 61/58/56 264/179/253 256/176/245
f 264/179/253 61/58/56 265/180/254
f 265/180/254 266/181/255 264/179/253
f 267/182/256 260/174/249 258/175/247
f 260/174/249 267/182/256 268/183/257
f 258/175/247 269/184/258 267/182/256
f 265/180/254 61/58/56 62/59/57
f 265/180/254 62/59/57 270/185/162
f 270/185/162 62/59/57 271/186/259
f 271/186/259 272/187/260 270/185/162
f 74/71/68 271/186/259 62/59/57
f 270/185/162 273/181/261 265/180/254
f 270/185/162 272/187/260 274/186/262
f 274/186/262 249/59/238 270/185/162
f 264/179/253 266/181/255 275/180/263
f 270/185/162 249/59/238 275/180/263
f 275/180/263 273/181/261 270/185/162
f 275/180/263 248/58/237 264/179/253
f 275/180/263 249/59/238 248/58/237
f 256/176/245 264/179/253 248/58/237
f 249/59/238 274/186/262 245/71/234
f 276/170/264 74/71/68 64/61/54
f 64/61/54 67/64/61 276/170/264
f 277/188/265 276/170/264 67/64/61
f 67/64/61 69/66/63 277/188/265
f 278/189/266 277/188/265 69/66/63
f 279/190/267 277/188/265 278/189/266
f 279/190/267 278/189/266 75/72/69
f 75/72/69 280/191/268 279/190/267
f 70/67/64 75/72/69 278/189/266
f 69/66/63 70/67/64 278/189/266
f 78/75/72 280/191/268 75/72/69
f 280/191/268 78/75/72 82/79/76
f 82/79/76 281/192/269 280/191/268
f 279/190/267 280/191/268 282/193/270
f 283/194/271 282/193/270 280/191/268
f 280/191/268 284/195/272 283/194/271
f 281/192/269 284/195/272 280/191/268
f 282/193/270 285/196/255 279/190/267
f 277/188/265 279/190/267 285/196/255
f 285/196/255 286/197/273 277/188/265
f 287/198/274 284/195/272 281/192/269
f 284/195/272 287/198/274 288/199/275
f 281/192/269 289/200/276 287/198/274
f 290/201/277 287/198/274 289/200/276
f 288/199/275 287/198/274 290/201/277
f 291/202/278 288/199/275 290/201/277
f 290/201/277 292/203/279 291/202/278
f 289/200/276 293/204/280 290/201/277
f 294/79/281 289/200/276 281/192/269
f 295/205/282 292/203/279 290/201/277
f 290/201/277 296/206/283 295/205/282
f 297/207/284 296/206/283 290/201/277
f 290/201/277 298/208/285 297/207/284
f 298/208/285 290/201/277 293/204/280
f 298/208/285 146/143/137 297/207/284
f 293/204/280 289/200/276 299/209/286
f 299/209/286 289/200/276 294/79/281
f 299/209/286 300/210/287 293/204/280
f 300/210/287 299/209/286 84/81/78
f 84/81/78 86/83/80 300/210/287
f 301/101/288 300/210/287 86/83/80
f 86/83/80 94/91/88 301/101/288
f 299/209/286 81/78/75 84/81/78
f 299/209/286 294/79/281 81/78/75
f 301/101/288 302/211/289 300/210/287
f 146/143/137 298/208/285 302/211/289
f 302/211/289 298/208/285 293/204/280
f 293/204/280 300/210/287 302/211/289
f 146/143/137 302/211/289 104/101/98
f 139/136/132 146/143/137 104/101/98
f 96/93/90 139/136/132 104/101/98
f 139/136/132 96/93/90 97/94/91
f 297/207/284 146/143/137 145/142/55
f 145/142/55 303/212/290 297/207/284
f 304/213/291 104/101/98 302/211/289
f 302/211/289 305/214/292 304/213/291
f 304/213/291 305/214/292 306/215/293
f 306/215/293 307/216/294 304/213/291
f 307/216/294 306/215/293 308/217/295
f 308/217/295 309/218/296 307/216/294
f 309/218/296 308/217/295 310/219/297
f 311/220/298 303/212/290 145/142/55
f 312/221/299 303/212/290 311/220/298
f 312/221/299 297/207/284 303/212/290
f 296/206/283 297/207/284 312/221/299
f 312/221/299 313/222/300 296/206/283
f 296/206/283 313/222/300 314/223/301
f 314/223/301 295/205/282 296/206/283
f 295/205/282 314/223/301 315/224/302
f 315/224/302 316/225/303 295/205/282
f 295/205/282 316/225/303 292/203/279
f 317/205/304 292/203/279 316/225/303
f 317/205/304 316/225/303 315/224/302
f 318/201/305 292/203/279 317/205/304
f 291/202/278 292/203/279 318/201/305
f 318/201/305 319/199/306 291/202/278
f 317/205/304 320/206/307 318/201/305
f 318/201/305 320/206/307 321/207/308
f 321/207/308 322/208/309 318/201/305
f 322/208/309 321/207/308 200/143/190
f 322/208/309 323/204/310 318/201/305
f 318/201/305 323/204/310 324/200/311
f 324/200/311 325/198/312 318/201/305
f 319/199/306 318/201/305 325/198/312
f 326/209/313 324/200/311 323/204/310
f 323/204/310 327/210/314 326/209/313
f 212/81/202 326/209/313 327/210/314
f 327/210/314 208/83/198 212/81/202
f 208/83/198 327/210/314 328/101/315
f 328/101/315 205/91/195 208/83/198
f 326/209/313 212/81/202 214/78/204
f 328/101/315 327/210/314 329/211/316
f 200/143/190 329/211/316 322/208/309
f 329/211/316 327/210/314 323/204/310
f 323/204/310 322/208/309 329/211/316
f 326/209/313 330/79/317 324/200/311
f 326/209/313 214/78/204 330/79/317
f 330/79/317 331/192/318 324/200/311
f 325/198/312 324/200/311 331/192/318
f 200/143/190 332/101/319 329/211/316
f 332/101/319 203/93/193 205/91/195
f 203/93/193 332/101/319 197/136/187
f 197/136/187 332/101/319 200/143/190
f 329/211/316 332/101/319 333/213/320
f 333/213/320 334/214/314 329/211/316
f 335/215/321 334/214/314 333/213/320
f 333/213/320 336/216/322 335/215/321
f 337/217/323 335/215/321 336/216/322
f 336/216/322 338/218/324 337/217/323
f 338/218/324 339/219/325 337/217/323
f 340/191/326 331/192/318 231/79/221
f 231/79/221 230/75/220 340/191/326
f 230/75/220 229/72/219 340/191/326
f 341/190/327 340/191/326 229/72/219
f 229/72/219 342/189/328 341/190/327
f 234/67/224 342/189/328 229/72/219
f 341/190/327 342/189/328 343/188/329
f 342/189/328 234/67/224 238/66/228
f 238/66/228 343/188/329 342/189/328
f 343/188/329 238/66/228 239/64/229
f 239/64/229 250/170/239 343/188/329
f 282/193/270 340/191/326 341/190/327
f 340/191/326 282/193/270 283/194/271
f 283/194/271 344/195/330 340/191/326
f 341/190/327 285/196/255 282/193/270
f 285/196/255 341/190/327 343/188/329
f 345/226/261 343/188/329 250/170/239
f 272/187/260 345/226/261 250/170/239
f 276/170/264 345/226/261 272/187/260
f 272/187/260 346/186/331 276/170/264
f 345/226/261 276/170/264 277/188/265
f 276/170/264 346/186/331 74/71/68
f 347/227/332 74/71/68 346/186/331
f 346/186/331 348/228/333 347/227/332
f 349/229/334 347/227/332 348/228/333
f 348/228/333 350/230/335 349/229/334
f 351/231/336 349/229/334 350/230/335
f 350/230/335 352/232/337 351/231/336
f 351/231/336 352/232/337 353/233/338
f 345/226/261 277/188/265 286/197/273
f 345/226/261 286/197/273 354/234/255
f 285/196/255 355/234/339 286/197/273
f 356/235/340 286/197/273 355/234/339
f 355/234/339 357/236/341 356/235/340
f 358/237/342 356/235/340 357/236/341
f 357/236/341 359/238/343 358/237/342
f 360/239/57 358/237/342 359/238/343
f 359/238/343 361/240/344 360/239/57
f 360/239/57 361/240/344 362/241/345
f 363/239/346 362/241/345 361/240/344
f 363/239/346 361/240/344 359/238/343
f 359/238/343 364/237/347 363/239/346
f 364/237/347 359/238/343 357/236/341
f 365/235/348 357/236/341 355/234/339
f 357/236/341 365/235/348 364/237/347
f 355/234/339 366/197/349 365/235/348
f 345/226/261 354/234/255 366/197/349
f 285/196/255 366/197/349 355/234/339
f 343/188/329 366/197/349 285/196/255
f 345/226/261 366/197/349 343/188/329
f 8/8/8 367/242/350 28/27/28
f 28/27/28 367/242/350 32/31/30
f 8/8/8 28/27/28 7/7/7
f 50/49/45 367/242/350 8/8/8
f 48/47/43 367/242/350 50/49/45
f 367/242/350 48/47/43 368/37/351
f 369/31/352 367/242/350 368/37/351
f 31/30/29 369/31/352 368/37/351
f 368/37/351 34/33/31 31/30/29
f 8/8/8 54/3/49 50/49/45
f 370/243/353 31/30/29 371/244/30
f 371/244/30 372/245/354 370/243/353
f 370/243/353 372/245/354 373/246/355
f 373/246/355 374/247/355 370/243/353
f 375/248/356 374/247/355 373/246/355
f 376/249/357 378/250/358 377/251/359
f 15/15/15 376/249/357 377/251/359
f 379/252/360 378/250/358 376/249/357
f 380/89/361 378/250/358 379/252/360
f 379/252/360 91/88/85 380/89/361
f 379/252/360 376/249/357 381/253/362
f 381/253/362 382/254/363 379/252/360
f 379/252/360 382/254/363 383/255/364
f 383/255/364 91/88/85 379/252/360
f 117/114/111 91/88/85 383/255/364
f 383/255/364 384/256/365 117/114/111
f 79/76/73 377/251/359 378/250/358
f 15/15/15 377/251/359 79/76/73
f 378/250/358 80/77/74 79/76/73
f 80/77/74 378/250/358 380/89/361
f 79/76/73 16/16/16 15/15/15
f 117/114/111 90/87/84 91/88/85
f 380/89/361 385/257/366 80/77/74
f 385/257/366 83/80/77 80/77/74
f 386/252/367 382/254/363 381/253/362
f 383/255/364 382/254/363 386/252/367
f 381/253/362 387/249/368 386/252/367
f 381/253/362 388/258/369 387/249/368
f 386/252/367 387/249/368 389/250/370
f 387/249/368 390/251/371 389/250/370
f 386/252/367 389/250/370 391/89/372
f 391/89/372 216/88/206 386/252/367
f 386/252/367 216/88/206 383/255/364
f 392/15/373 390/251/371 387/249/368
f 389/250/370 390/251/371 227/76/217
f 227/76/217 390/251/371 392/15/373
f 227/76/217 225/77/215 389/250/370
f 391/89/372 389/250/370 225/77/215
f 392/15/373 232/16/222 227/76/217
f 232/16/222 392/15/373 393/14/374
f 393/14/374 392/15/373 394/13/375
f 394/13/375 395/12/376 393/14/374
f 395/12/376 394/13/375 396/11/377
f 396/11/377 397/10/378 395/12/376
f 397/10/378 396/11/377 398/9/379
f 398/9/379 399/5/380 397/10/378
f 400/4/381 399/5/380 398/9/379
f 399/5/380 400/4/381 401/1/382
f 401/1/382 400/4/381 402/3/383
f 402/3/383 403/2/384 401/1/382
f 401/1/382 404/6/385 399/5/380
f 402/3/383 400/4/381 405/7/386
f 398/9/379 405/7/386 400/4/381
f 405/7/386 406/8/387 402/3/383
f 393/14/374 407/17/388 232/16/222
f 408/18/389 396/11/377 394/13/375
f 398/9/379 396/11/377 408/18/389
f 394/13/375 409/19/390 408/18/389
f 408/18/389 409/19/390 20/20/20
f 20/20/20 21/21/21 408/18/389
f 405/7/386 398/9/379 410/22/391
f 408/18/389 410/22/391 398/9/379
f 410/22/391 408/18/389 411/23/392
f 411/23/392 408/18/389 21/21/21
f 405/7/386 410/22/391 412/23/393
f 405/7/386 412/23/393 413/25/394
f 405/7/386 413/25/394 414/26/395
f 414/26/395 415/27/396 405/7/386
f 406/8/387 405/7/386 415/27/396
f 406/8/387 415/27/396 416/242/397
f 416/242/397 415/27/396 414/26/395
f 414/26/395 417/30/398 416/242/397
f 417/30/398 414/26/395 30/29/21
f 30/29/21 33/32/21 417/30/398
f 413/25/394 412/23/393 25/24/25
f 21/21/21 25/24/25 411/23/392
f 25/24/25 29/28/21 413/25/394
f 414/26/395 413/25/394 29/28/21
f 29/28/21 30/29/21 414/26/395
f 418/37/386 416/242/397 417/30/398
f 416/242/397 418/37/386 419/47/399
f 417/30/398 420/33/400 418/37/386
f 420/33/400 417/30/398 33/32/21
f 33/32/21 35/34/32 420/33/400
f 421/35/401 420/33/400 35/34/32
f 420/33/400 421/35/401 422/36/402
f 422/36/402 423/37/403 420/33/400
f 419/47/399 423/37/403 424/46/404
f 422/36/402 424/46/404 423/37/403
f 424/46/404 425/48/405 419/47/399
f 422/36/402 421/35/401 426/38/406
f 427/39/407 426/38/406 421/35/401
f 421/35/401 41/40/25 427/39/407
f 35/34/32 41/40/25 421/35/401
f 426/38/406 428/41/408 422/36/402
f 426/38/406 427/39/407 429/42/409
f 427/39/407 41/40/25 430/43/410
f 430/43/410 41/40/25 45/44/21
f 430/43/410 431/45/411 427/39/407
f 419/47/399 425/48/405 432/49/412
f 432/49/412 425/48/405 433/50/413
f 434/51/414 433/50/413 425/48/405
f 433/50/413 435/52/415 432/49/412
f 436/3/416 432/49/412 435/52/415
f 435/52/415 437/2/417 436/3/416
f 437/2/417 435/52/415 246/53/235
f 246/53/235 435/52/415 433/50/413
f 246/53/235 438/54/418 437/2/417
f 433/50/413 439/55/419 246/53/235
f 247/56/236 246/53/235 439/55/419
f 439/55/419 251/171/240 247/56/236
f 251/171/240 439/55/419 440/178/420
f 440/178/420 439/55/419 433/50/413
f 433/50/413 434/51/414 440/178/420
f 440/178/420 253/173/242 251/171/240
f 438/54/418 246/53/235 243/60/194
f 438/54/418 243/60/194 242/62/232
f 242/62/232 401/1/382 438/54/418
f 404/6/385 401/1/382 242/62/232
f 242/62/232 240/63/230 404/6/385
f 403/2/384 438/54/418 401/1/382
f 438/54/418 442/259/384 441/260/421
f 441/260/421 443/261/422 438/54/418
f 443/261/422 441/260/421 444/262/423
f 444/262/423 445/263/424 443/261/422
f 444/262/423 446/264/425 445/263/424
f 447/265/65 449/266/426 448/267/427
f 448/267/427 450/268/66 447/265/65
f 449/266/426 447/265/65 451/269/62
f 451/269/62 452/270/428 449/266/426
f 453/271/429 450/268/66 448/267/427
f 453/271/429 454/272/430 450/268/66
f 453/271/429 455/273/431 454/272/430
f 455/273/431 453/271/429 456/274/432
f 456/274/432 457/275/433 455/273/431
f 458/276/434 452/270/428 451/269/62
f 457/275/433 456/274/432 459/277/435
f 459/277/435 460/278/436 457/275/433
f 461/279/10 460/278/436 459/277/435
f 459/277/435 462/280/437 461/279/10
f 463/281/5 461/279/10 462/280/437
f 459/277/435 456/274/432 464/282/438
f 464/282/438 456/274/432 453/271/429
f 464/282/438 465/283/439 459/277/435
f 462/280/437 459/277/435 465/283/439
f 463/281/5 462/280/437 465/283/439
f 453/271/429 466/284/440 464/282/438
f 467/285/441 466/284/440 453/271/429
f 453/271/429 448/267/427 467/285/441
f 465/283/439 464/282/438 468/286/442
f 468/286/442 469/287/443 465/283/439
f 470/288/444 469/287/443 468/286/442
f 470/288/444 471/289/445 469/287/443
f 470/288/444 472/290/446 471/289/445
f 470/288/444 468/286/442 473/291/447
f 473/291/447 474/292/448 470/288/444
f 472/290/446 470/288/444 475/293/449
f 475/293/449 476/294/450 472/290/446
f 477/295/441 474/292/448 473/291/447
f 468/286/442 464/282/438 478/284/451
f 478/284/451 473/291/447 468/286/442
f 473/291/447 478/284/451 467/285/441
f 479/296/452 472/290/446 476/294/450
f 472/290/446 479/296/452 480/297/453
f 480/297/453 481/298/454 472/290/446
f 472/290/446 481/298/454 471/289/445
f 482/299/455 480/297/453 479/296/452
f 479/296/452 483/300/456 482/299/455
f 465/283/439 481/298/454 480/297/453
f 480/297/453 484/301/457 465/283/439
f 485/302/458 484/301/457 480/297/453
f 480/297/453 482/299/455 485/302/458
f 465/283/439 484/301/457 463/281/5
f 463/281/5 484/301/457 485/302/458
f 485/302/458 486/303/6 463/281/5
f 476/294/450 487/304/459 479/296/452
f 487/304/459 476/294/450 488/305/460
f 488/305/460 489/306/461 487/304/459
f 489/306/461 488/305/460 490/307/462
f 491/308/463 490/307/462 488/305/460
f 488/305/460 492/309/464 491/308/463
f 493/310/465 491/308/463 492/309/464
f 492/309/464 494/311/466 493/310/465
f 490/307/462 495/312/467 489/306/461
f 495/312/467 496/313/468 489/306/461
f 495/312/467 497/314/469 496/313/468
f 495/312/467 498/315/470 497/314/469
f 487/304/459 499/313/471 497/314/469
f 487/304/459 489/306/461 499/313/471
f 497/314/469 500/316/472 487/304/459
f 488/305/460 501/317/473 492/309/464
f 488/305/460 502/293/474 501/317/473
f 488/305/460 476/294/450 502/293/474
f 503/318/475 492/309/464 501/317/473
f 492/309/464 503/318/475 494/311/466
f 501/317/473 504/319/476 503/318/475
f 504/319/476 501/317/473 470/288/444
f 470/288/444 505/292/477 504/319/476
f 504/319/476 505/292/477 477/295/441
f 504/319/476 477/295/441 506/320/478
f 504/319/476 506/320/478 507/321/479
f 503/318/475 504/319/476 507/321/479
f 507/321/479 506/320/478 508/322/480
f 509/323/481 508/322/480 506/320/478
f 506/320/478 510/324/482 509/323/481
f 508/322/480 509/323/481 511/325/483
f 511/325/483 512/326/484 508/322/480
f 508/322/480 513/327/485 507/321/479
f 513/327/485 508/322/480 512/326/484
f 512/326/484 514/328/486 513/327/485
f 511/325/483 509/323/481 515/329/487
f 515/329/487 516/330/488 511/325/483
f 458/276/434 516/330/488 515/329/487
f 515/329/487 452/270/428 458/276/434
f 515/329/487 449/266/426 452/270/428
f 449/266/426 515/329/487 517/331/489
f 517/331/489 448/267/427 449/266/426
f 518/332/490 507/321/479 513/327/485
f 513/327/485 519/333/491 518/332/490
f 519/333/491 513/327/485 514/328/486
f 514/328/486 520/334/492 519/333/491
f 520/334/492 514/328/486 521/335/493
f 521/335/493 522/336/469 520/334/492
f 523/337/494 521/335/493 514/328/486
f 514/328/486 512/326/484 523/337/494
f 516/330/488 458/276/434 524/338/495
f 524/338/495 525/339/496 516/330/488
f 511/325/483 516/330/488 525/339/496
f 525/339/496 526/340/497 511/325/483
f 527/337/498 511/325/483 526/340/497
f 526/340/497 528/341/456 527/337/498
f 523/337/494 528/341/456 521/335/493
f 529/342/499 519/333/491 520/334/492
f 518/332/490 519/333/491 529/342/499
f 529/342/499 530/343/500 518/332/490
f 520/334/492 531/344/501 529/342/499
f 531/344/501 520/334/492 522/336/469
f 532/345/502 529/342/499 531/344/501
f 531/344/501 533/346/503 532/345/502
f 533/346/503 531/344/501 534/347/470
f 522/336/469 534/347/470 531/344/501
f 534/347/470 535/348/504 533/346/503
f 536/349/505 530/343/500 529/342/499
f 529/342/499 537/350/506 536/349/505
f 536/349/505 537/350/506 538/351/507
f 538/351/507 539/352/508 536/349/505
f 538/351/507 540/353/509 539/352/508
f 527/337/498 512/326/484 511/325/483
f 532/345/502 533/346/503 541/354/510
f 541/354/510 533/346/503 535/348/504
f 541/354/510 542/355/511 532/345/502
f 532/345/502 542/355/511 543/356/512
f 543/356/512 544/357/513 532/345/502
f 544/357/513 543/356/512 545/358/514
f 545/358/514 546/359/515 544/357/513
f 547/360/146 544/357/513 546/359/515
f 547/360/146 548/343/516 544/357/513
f 546/359/515 493/310/465 547/360/146
f 491/308/463 493/310/465 546/359/515
f 546/359/515 549/361/517 491/308/463
f 549/361/517 546/359/515 545/358/514
f 490/307/462 491/308/463 549/361/517
f 549/361/517 550/362/518 490/307/462
f 551/363/519 547/360/146 493/310/465
f 493/310/465 494/311/466 551/363/519
f 550/362/518 549/361/517 552/364/520
f 545/358/514 552/364/520 549/361/517
f 552/364/520 553/365/521 550/362/518
f 490/307/462 550/362/518 554/366/522
f 554/366/522 550/362/518 553/365/521
f 554/366/522 495/312/467 490/307/462
f 498/315/470 495/312/467 554/366/522
f 554/366/522 555/367/523 498/315/470
f 556/368/524 555/367/523 554/366/522
f 554/366/522 557/369/525 556/368/524
f 553/365/521 557/369/525 554/366/522
f 553/365/521 552/364/520 558/370/526
f 558/370/526 559/371/527 553/365/521
f 560/372/528 556/368/524 557/369/525
f 557/369/525 561/373/529 560/372/528
f 561/373/529 557/369/525 553/365/521
f 553/365/521 559/371/527 561/373/529
f 562/374/530 558/370/526 552/364/520
f 552/364/520 545/358/514 562/374/530
f 563/375/531 562/374/530 545/358/514
f 545/358/514 543/356/512 563/375/531
f 564/376/532 563/375/531 543/356/512
f 543/356/512 542/355/511 564/376/532
f 542/355/511 565/377/533 564/376/532
f 542/355/511 541/354/510 565/377/533
f 565/377/533 541/354/510 566/378/534
f 566/378/534 541/354/510 567/379/524
f 535/348/504 567/379/524 541/354/510
f 567/379/524 568/380/528 566/378/534
f 569/381/535 565/377/533 566/378/534
f 566/378/534 570/382/536 569/381/535
f 570/382/536 566/378/534 568/380/528
f 569/381/535 570/382/536 571/383/537
f 572/384/538 571/383/537 570/382/536
f 572/384/538 570/382/536 573/385/539
f 568/380/528 573/385/539 570/382/536
f 572/384/538 574/386/540 571/383/537
f 572/384/538 575/387/541 574/386/540
f 573/385/539 576/388/542 572/384/538
f 576/388/542 575/387/541 572/384/538
f 564/376/532 565/377/533 577/389/543
f 578/390/544 577/389/543 579/391/545
f 578/390/544 579/391/545 580/392/546
f 580/392/546 581/393/547 578/390/544
f 577/389/543 578/390/544 564/376/532
f 564/376/532 578/390/544 581/393/547
f 563/375/531 564/376/532 581/393/547
f 581/393/547 582/394/548 563/375/531
f 581/393/547 583/395/549 582/394/548
f 584/396/550 582/394/548 583/395/549
f 585/397/551 582/394/548 584/396/550
f 586/398/552 585/397/551 584/396/550
f 585/397/551 586/398/552 587/399/553
f 588/400/554 585/397/551 587/399/553
f 587/399/553 589/401/555 588/400/554
f 588/400/554 589/401/555 590/402/556
f 591/403/557 588/400/554 590/402/556
f 590/402/556 592/404/558 591/403/557
f 593/405/559 591/403/557 592/404/558
f 591/403/557 593/405/559 594/406/560
f 594/406/560 595/407/561 591/403/557
f 596/408/562 595/407/561 594/406/560
f 595/407/561 596/408/562 597/409/563
f 598/410/564 595/407/561 597/409/563
f 599/411/542 598/410/564 597/409/563
f 585/397/551 588/400/554 558/370/526
f 558/370/526 562/374/530 585/397/551
f 559/371/527 558/370/526 588/400/554
f 588/400/554 591/403/557 559/371/527
f 559/371/527 591/403/557 595/407/561
f 595/407/561 561/373/529 559/371/527
f 561/373/529 595/407/561 598/410/564
f 598/410/564 560/372/528 561/373/529
f 600/412/565 590/402/556 589/401/555
f 589/401/555 601/413/566 600/412/565
f 602/414/567 600/412/565 601/413/566
f 601/413/566 603/415/568 602/414/567
f 604/416/569 603/415/568 601/413/566
f 601/413/566 605/417/570 604/416/569
f 589/401/555 605/417/570 601/413/566
f 603/415/568 606/418/571 602/414/567
f 604/416/569 606/418/571 603/415/568
f 589/401/555 607/419/572 605/417/570
f 608/420/573 605/417/570 607/419/572
f 607/419/572 609/421/574 608/420/573
f 610/422/575 609/421/574 607/419/572
f 607/419/572 611/423/576 610/422/575
f 612/424/577 608/420/573 609/421/574
f 610/422/575 612/424/577 609/421/574
f 586/398/552 611/423/576 607/419/572
f 586/398/552 613/425/578 611/423/576
f 611/423/576 613/425/578 614/426/579
f 614/426/579 613/425/578 615/427/580
f 586/398/552 615/427/580 613/425/578
f 615/427/580 616/428/581 614/426/579
f 614/426/579 617/429/582 611/423/576
f 616/428/581 618/430/583 614/426/579
f 614/426/579 618/430/583 617/429/582
f 615/427/580 586/398/552 584/396/550
f 584/396/550 619/431/584 615/427/580
f 620/432/585 619/431/584 584/396/550
f 620/432/585 621/433/586 619/431/584
f 583/395/549 621/433/586 620/432/585
f 583/395/549 620/432/585 584/396/550
f 607/419/572 587/399/553 586/398/552
f 587/399/553 607/419/572 589/401/555
f 622/434/430 17/17/17 16/16/16
f 622/434/430 16/16/16 73/70/67
f 73/70/67 72/69/66 622/434/430
f 623/435/587 625/436/588 624/437/589
f 624/437/589 626/438/590 623/435/587
f 626/438/590 624/437/589 627/439/1
f 627/439/1 628/440/591 626/438/590
f 623/435/587 626/438/590 629/441/592
f 626/438/590 628/440/591 629/441/592
f 629/441/592 630/442/593 623/435/587
f 631/443/594 630/442/593 629/441/592
f 629/441/592 632/444/595 631/443/594
f 624/437/589 625/436/588 633/445/34
f 633/445/34 634/446/596 624/437/589
f 635/447/597 633/445/34 625/436/588
f 625/436/588 636/448/598 635/447/597
f 636/448/598 625/436/588 623/435/587
f 637/449/599 635/447/597 636/448/598
f 636/448/598 638/450/600 637/449/599
f 638/450/600 636/448/598 639/451/601
f 636/448/598 640/452/602 639/451/601
f 639/451/601 641/453/603 638/450/600
f 642/454/604 629/441/592 628/440/591
f 628/440/591 643/455/605 642/454/604
f 644/456/606 642/454/604 643/455/605
f 643/455/605 645/457/607 644/456/606
f 645/457/607 643/455/605 646/458/608
f 646/458/608 647/459/609 645/457/607
f 648/460/610 647/459/609 646/458/608
f 646/458/608 649/461/611 648/460/610
f 650/462/612 647/459/609 648/460/610
f 645/457/607 651/463/613 644/456/606
f 652/464/614 645/457/607 647/459/609
f 645/457/607 652/464/614 651/463/613
f 651/463/613 652/464/614 653/465/615
f 653/465/615 654/466/616 651/463/613
f 655/467/425 653/465/615 652/464/614
f 652/464/614 656/468/617 655/467/425
f 656/468/617 650/462/612 648/460/610
f 654/466/616 653/465/615 657/469/618
f 657/469/618 658/470/619 654/466/616
f 659/471/620 655/467/425 656/468/617
f 655/467/425 659/471/620 660/472/621
f 660/472/621 661/473/600 655/467/425
f 653/465/615 655/467/425 661/473/600
f 661/473/600 657/469/618 653/465/615
f 656/468/617 662/474/622 659/471/620
f 648/460/610 662/474/622 656/468/617
f 647/459/609 663/462/623 652/464/614
f 663/462/623 656/468/617 652/464/614
f 664/475/624 654/466/616 658/470/619
f 659/471/620 665/476/625 660/472/621
f 659/471/620 662/474/622 666/477/249
f 666/477/249 665/476/625 659/471/620
f 666/477/249 662/474/622 648/460/610
f 648/460/610 667/478/626 666/477/249
f 654/466/616 664/475/624 668/479/627
f 669/480/628 668/479/627 664/475/624
f 664/475/624 670/481/316 669/480/628
f 671/482/629 669/480/628 670/481/316
f 672/483/630 669/480/628 671/482/629
f 668/479/627 669/480/628 672/483/630
f 671/482/629 673/484/631 672/483/630
f 672/483/630 673/484/631 674/485/605
f 674/485/605 675/486/632 672/483/630
f 672/483/630 675/486/632 676/487/632
f 676/487/632 677/488/633 672/483/630
f 672/483/630 677/488/633 668/479/627
f 668/479/627 677/488/633 644/456/606
f 644/456/606 678/463/634 668/479/627
f 629/441/592 676/487/632 675/486/632
f 675/486/632 679/489/635 629/441/592
f 679/489/635 675/486/632 674/485/605
f 679/489/635 674/485/605 680/490/636
f 680/490/636 681/444/637 679/489/635
f 631/443/594 681/444/637 680/490/636
f 680/490/636 682/491/638 631/443/594
f 683/492/639 631/443/594 682/491/638
f 684/493/640 631/443/594 683/492/639
f 683/492/639 685/494/641 684/493/640
f 685/494/641 683/492/639 686/495/642
f 686/495/642 687/496/643 685/494/641
f 688/451/644 685/494/641 687/496/643
f 687/496/643 641/453/618 688/451/644
f 682/491/638 689/497/645 683/492/639
f 690/495/646 683/492/639 689/497/645
f 689/497/645 691/498/647 690/495/646
f 692/499/648 689/497/645 682/491/638
f 691/498/647 689/497/645 692/499/648
f 682/491/638 693/500/649 692/499/648
f 694/501/650 693/500/649 682/491/638
f 692/499/648 695/502/651 691/498/647
f 695/502/651 692/499/648 696/503/652
f 696/503/652 692/499/648 693/500/649
f 696/503/652 697/504/653 695/502/651
f 698/505/654 697/504/653 696/503/652
f 696/503/652 699/506/655 698/505/654
f 700/507/656 699/506/655 696/503/652
f 696/503/652 701/508/657 700/507/656
f 693/500/649 701/508/657 696/503/652
f 701/508/657 702/509/658 700/507/656
f 701/508/657 693/500/649 703/501/659
f 704/510/660 699/506/655 700/507/656
f 700/507/656 705/511/661 704/510/660
f 704/510/660 705/511/661 706/512/662
f 706/512/662 707/513/663 704/510/660
f 699/506/655 704/510/660 708/514/664
f 708/514/664 698/505/654 699/506/655
f 708/514/664 704/510/660 707/513/663
f 707/513/663 709/515/665 708/514/664
f 702/509/658 701/508/657 710/516/666
f 710/516/666 701/508/657 703/501/659
f 710/516/666 711/517/667 702/509/658
f 712/518/668 711/517/667 710/516/666
f 710/516/666 713/519/669 712/518/668
f 714/520/670 712/518/668 713/519/669
f 713/519/669 715/521/671 714/520/670
f 716/522/672 715/521/671 713/519/669
f 713/519/669 717/523/673 716/522/672
f 717/523/673 713/519/669 710/516/666
f 712/518/668 714/520/670 718/524/674
f 718/524/674 719/525/675 712/518/668
f 720/526/676 711/517/667 712/518/668
f 712/518/668 719/525/675 720/526/676
f 718/524/674 721/527/677 719/525/675
f 673/484/631 716/522/672 717/523/673
f 717/523/673 674/485/605 673/484/631
f 722/528/581 716/522/672 673/484/631
f 673/484/631 671/482/629 722/528/581
f 719/525/675 721/527/677 723/529/678
f 724/530/679 723/529/678 721/527/677
f 721/527/677 725/531/680 724/530/679
f 724/530/679 725/531/680 726/532/681
f 726/532/681 727/533/682 724/530/679
f 725/531/680 721/527/677 728/534/683
f 728/534/683 726/532/681 725/531/680
f 728/534/683 721/527/677 718/524/674
f 729/535/684 727/533/682 726/532/681
f 726/532/681 730/536/685 729/535/684
f 730/536/685 726/532/681 728/534/683
f 728/534/683 731/537/686 730/536/685
f 732/538/687 731/537/686 728/534/683
f 728/534/683 733/539/688 732/538/687
f 732/538/687 733/539/688 734/540/689
f 734/540/689 735/541/690 732/538/687
f 735/541/690 734/540/689 736/542/691
f 736/542/691 737/543/692 735/541/690
f 738/544/693 731/537/686 732/538/687
f 731/537/686 738/544/693 739/545/694
f 739/545/694 738/544/693 740/546/695
f 740/546/695 741/547/696 739/545/694
f 739/545/694 741/547/696 742/548/697
f 742/548/697 729/535/684 730/536/685
f 742/548/697 743/549/698 739/545/694
f 739/545/694 743/549/698 731/537/686
f 731/537/686 743/549/698 730/536/685
f 730/536/685 743/549/698 742/548/697
f 740/546/695 738/544/693 744/550/664
f 738/544/693 745/551/699 744/550/664
f 732/538/687 745/551/699 738/544/693
f 745/551/699 732/538/687 735/541/690
f 746/552/654 744/550/664 745/551/699
f 745/551/699 747/553/700 746/552/654
f 735/541/690 747/553/700 745/551/699
f 747/553/700 735/541/690 737/543/692
f 748/554/653 746/552/654 747/553/700
f 747/553/700 749/555/701 748/554/653
f 737/543/692 749/555/701 747/553/700
f 748/554/653 749/555/701 750/556/702
f 749/555/701 737/543/692 750/556/702
f 750/556/702 751/557/703 748/554/653
f 751/557/703 750/556/702 671/482/629
f 671/482/629 752/558/647 751/557/703
f 744/550/664 753/559/665 740/546/695
f 671/482/629 750/556/702 722/528/581
f 722/528/581 750/556/702 754/560/704
f 754/560/704 755/561/705 722/528/581
f 755/561/705 754/560/704 756/562/706
f 756/562/706 757/563/707 755/561/705
f 757/563/707 756/562/706 758/564/708
f 752/558/647 671/482/629 670/481/316
f 670/481/316 759/565/646 752/558/647
f 760/528/709 750/556/702 737/543/692
f 737/543/692 736/542/691 760/528/709
f 716/522/672 760/528/709 736/542/691
f 716/522/672 736/542/691 715/521/671
f 715/521/671 736/542/691 734/540/689
f 734/540/689 714/520/670 715/521/671
f 714/520/670 734/540/689 733/539/688
f 733/539/688 718/524/674 714/520/670
f 718/524/674 733/539/688 728/534/683
f 664/475/624 761/565/642 670/481/316
f 658/470/619 761/565/642 664/475/624
f 762/566/710 763/567/711 761/565/642
f 761/565/642 764/568/712 762/566/710
f 765/569/713 762/566/710 764/568/712
f 764/568/712 766/570/714 765/569/713
f 767/571/715 765/569/713 766/570/714
f 766/570/714 768/572/713 767/571/715
f 769/557/716 767/571/715 768/572/713
f 770/573/625 772/574/717 771/575/599
f 770/573/625 773/576/718 772/574/717
f 771/575/599 772/574/717 774/577/719
f 774/577/719 775/578/720 771/575/599
f 775/578/720 774/577/719 776/579/721
f 776/579/721 777/580/722 775/578/720
f 775/578/720 777/580/722 778/581/723
f 773/576/718 770/573/625 779/582/724
f 779/582/724 770/573/625 780/583/249
f 779/582/724 781/584/725 773/576/718
f 782/573/726 772/574/717 773/576/718
f 782/573/726 783/575/727 772/574/717
f 774/577/719 772/574/717 783/575/727
f 783/575/727 784/578/728 774/577/719
f 776/579/721 774/577/719 784/578/728
f 784/578/728 785/580/729 776/579/721
f 784/578/728 786/581/402 785/580/729
f 773/576/718 781/584/725 787/582/730
f 787/582/730 782/573/726 773/576/718
f 787/582/730 788/583/243 782/573/726
f 789/585/731 634/446/596 790/586/44
f 790/586/44 791/587/47 789/585/731
f 624/437/589 634/446/596 789/585/731
f 789/585/731 627/439/1 624/437/589
f 792/588/732 789/585/731 791/587/47
f 646/458/608 627/439/1 789/585/731
f 627/439/1 646/458/608 643/455/605
f 643/455/605 628/440/591 627/439/1
f 789/585/731 793/588/733 646/458/608
f 794/589/42 790/586/44 634/446/596
f 633/445/34 794/589/42 634/446/596
f 792/588/732 791/587/47 795/590/252
f 795/590/252 649/461/611 792/588/732
f 793/588/733 649/461/611 646/458/608
f 649/461/611 795/590/252 667/478/626
f 667/478/626 648/460/610 649/461/611
f 159/156/150 148/145/139 142/139/135
f 142/139/135 143/140/136 159/156/150
f 796/591/734 159/156/150 143/140/136
f 143/140/136 797/592/735 796/591/734
f 797/592/735 143/140/136 141/138/134
f 141/138/134 798/593/736 797/592/735
f 159/156/150 796/591/734 799/594/737
f 799/594/737 158/155/149 159/156/150
f 158/155/149 799/594/737 800/595/280
f 800/595/280 155/152/146 158/155/149
f 155/152/146 800/595/280 801/596/738
f 801/596/738 156/153/147 155/152/146
f 141/138/134 138/135/131 798/593/736
f 138/135/131 136/133/129 798/593/736
f 798/593/736 136/133/129 802/597/739
f 136/133/129 803/598/740 802/597/739
f 136/133/129 135/132/128 803/598/740
f 803/598/740 135/132/128 133/130/126
f 133/130/126 804/599/741 803/598/740
f 802/597/739 803/598/740 804/599/741
f 804/599/741 133/130/126 129/126/122
f 129/126/122 805/600/742 804/599/741
f 806/601/743 805/600/742 129/126/122
f 129/126/122 130/127/123 806/601/743
f 130/127/123 800/595/280 806/601/743
f 132/129/125 801/596/738 800/595/280
f 800/595/280 130/127/123 132/129/125
f 804/599/741 807/602/744 802/597/739
f 807/602/744 804/599/741 805/600/742
f 805/600/742 806/601/743 808/603/745
f 808/603/745 809/604/746 805/600/742
f 807/602/744 805/600/742 809/604/746
f 809/604/746 810/605/747 807/602/744
f 802/597/739 807/602/744 810/605/747
f 810/605/747 811/606/748 802/597/739
f 808/603/745 806/601/743 812/607/749
f 800/595/280 812/607/749 806/601/743
f 812/607/749 800/595/280 799/594/737
f 812/607/749 799/594/737 796/591/734
f 813/608/750 812/607/749 796/591/734
f 812/607/749 813/608/750 808/603/745
f 796/591/734 814/609/751 813/608/750
f 815/610/752 813/608/750 814/609/751
f 814/609/751 816/611/753 815/610/752
f 817/612/754 814/609/751 796/591/734
f 796/591/734 797/592/735 817/612/754
f 818/613/755 817/612/754 797/592/735
f 797/592/735 798/593/736 818/613/755
f 818/613/755 798/593/736 802/597/739
f 802/597/739 811/606/748 818/613/755
f 817/612/754 818/613/755 819/614/756
f 819/614/756 820/615/757 817/612/754
f 820/615/757 816/611/753 814/609/751
f 814/609/751 817/612/754 820/615/757
f 820/615/757 819/614/756 821/616/758
f 821/616/758 822/617/759 820/615/757
f 820/615/757 822/617/759 823/618/760
f 823/618/760 816/611/753 820/615/757
f 813/608/750 815/610/752 824/619/761
f 825/620/762 824/619/761 815/610/752
f 824/619/761 825/620/762 826/621/763
f 826/621/763 827/622/764 824/619/761
f 815/610/752 828/610/765 825/620/762
f 816/611/753 823/618/760 828/610/765
f 829/623/766 827/622/764 826/621/763
f 826/621/763 830/624/767 829/623/766
f 831/625/768 829/623/766 830/624/767
f 830/624/767 832/626/769 831/625/768
f 831/625/768 832/626/769 833/627/770
f 833/627/770 834/628/771 831/625/768
f 834/628/771 833/627/770 821/616/758
f 821/616/758 819/614/756 834/628/771
f 808/603/745 824/619/761 827/622/764
f 827/622/764 809/604/746 808/603/745
f 824/619/761 808/603/745 813/608/750
f 827/622/764 829/623/766 810/605/747
f 810/605/747 809/604/746 827/622/764
f 829/623/766 831/625/768 811/606/748
f 811/606/748 810/605/747 829/623/766
f 818/613/755 811/606/748 831/625/768
f 818/613/755 831/625/768 834/628/771
f 819/614/756 818/613/755 834/628/771
f 828/610/765 815/610/752 816/611/753
f 835/629/772 836/630/773 517/331/489
f 837/631/485 836/630/773 835/629/772
f 835/629/772 838/632/774 837/631/485
f 835/629/772 517/331/489 515/329/487
f 515/329/487 509/323/481 835/629/772
f 839/633/775 837/631/485 838/632/774
f 838/632/774 840/634/776 839/633/775
f 840/634/776 841/635/777 839/633/775
f 467/285/441 517/331/489 836/630/773
f 467/285/441 836/630/773 473/291/447
f 836/630/773 510/324/482 473/291/447
f 473/291/447 510/324/482 506/320/478
f 506/320/478 477/295/441 473/291/447
f 842/629/778 509/323/481 510/324/482
f 510/324/482 836/630/773 842/629/778
f 448/267/427 517/331/489 467/285/441
f 843/636/779 477/295/441 844/637/780
f 844/637/780 845/638/781 843/636/779
f 845/638/781 844/637/780 846/639/782
f 846/639/782 847/640/783 845/638/781
f 848/641/252 847/640/783 846/639/782
f 466/284/440 467/285/441 849/642/784
f 849/642/784 850/643/785 466/284/440
f 850/643/785 849/642/784 851/644/786
f 851/644/786 852/645/787 850/643/785
f 851/644/786 853/646/788 852/645/787
f 854/647/789 680/490/636 674/485/605
f 674/485/605 855/648/790 854/647/789
f 682/491/638 680/490/636 854/647/789
f 854/647/789 694/501/650 682/491/638
f 674/485/605 717/523/673 855/648/790
f 710/516/666 855/648/790 717/523/673
f 710/516/666 854/647/789 855/648/790
f 703/501/659 854/647/789 710/516/666
f 694/501/650 857/649/791 856/650/792
f 856/650/792 857/649/791 858/651/793
f 858/651/793 859/652/794 856/650/792
f 856/650/792 693/500/649 694/501/650
f 858/651/793 860/653/795 859/652/794
f 723/529/678 861/654/796 719/525/675
f 720/526/676 719/525/675 861/654/796
f 861/654/796 862/655/797 720/526/676
f 720/526/676 862/655/797 863/656/798
f 863/656/798 864/657/799 720/526/676
f 720/526/676 864/657/799 702/509/658
f 702/509/658 711/517/667 720/526/676
f 864/657/799 863/656/798 865/658/800
f 865/658/800 866/659/801 864/657/799
f 702/509/658 864/657/799 866/659/801
f 866/659/801 700/507/656 702/509/658
f 705/511/661 700/507/656 866/659/801
f 705/511/661 866/659/801 867/660/802
f 867/660/802 706/512/662 705/511/661
f 115/112/109 868/661/803 103/100/97
f 105/102/99 103/100/97 868/661/803
f 868/661/803 869/662/804 105/102/99
f 105/102/99 869/662/804 118/115/112
f 118/115/112 107/104/101 105/102/99
f 224/100/214 868/661/803 115/112/109
f 115/112/109 222/97/212 224/100/214
f 222/97/212 115/112/109 116/113/110
f 116/113/110 218/90/208 222/97/212
f 218/90/208 116/113/110 870/114/805
f 870/114/805 215/87/205 218/90/208
f 868/661/803 224/100/214 871/102/806
f 871/102/806 869/662/804 868/661/803
f 118/115/112 869/662/804 871/102/806
f 871/102/806 224/100/214 223/99/213
f 223/99/213 872/103/807 871/102/806
f 873/104/808 871/102/806 872/103/807
f 871/102/806 873/104/808 118/115/112
f 872/103/807 874/105/809 873/104/808
f 875/106/810 874/105/809 872/103/807
f 875/106/810 872/103/807 223/99/213
f 876/110/811 873/104/808 874/105/809
f 118/115/112 873/104/808 876/110/811
f 877/111/812 876/110/811 874/105/809
f 118/115/112 876/110/811 119/116/113
f 119/116/113 876/110/811 878/117/813
f 876/110/811 877/111/812 878/117/813
f 879/118/814 878/117/813 877/111/812
f 877/111/812 880/119/815 879/118/814
f 881/120/816 880/119/815 877/111/812
f 878/117/813 124/121/118 119/116/113
f 124/121/118 878/117/813 879/118/814
f 874/105/809 882/107/817 877/111/812
f 881/120/816 877/111/812 882/107/817
f 874/105/809 875/106/810 882/107/817
f 875/106/810 219/98/209 882/107/817
f 223/99/213 219/98/209 875/106/810
f 882/107/817 219/98/209 883/108/818
f 882/107/817 883/108/818 881/120/816
f 881/120/816 883/108/818 884/663/819
f 884/663/819 883/108/818 885/109/820
f 883/108/818 219/98/209 885/109/820
f 884/663/819 886/134/821 881/120/816
f 201/94/191 886/134/821 884/663/819
f 886/134/821 201/94/191 887/131/822
f 887/131/822 888/122/823 886/134/821
f 879/118/814 880/119/815 888/122/823
f 880/119/815 881/120/816 888/122/823
f 881/120/816 886/134/821 888/122/823
f 888/122/823 887/131/822 889/124/824
f 890/130/825 889/124/824 887/131/822
f 889/124/824 890/130/825 891/126/826
f 891/126/826 892/125/827 889/124/824
f 892/125/827 891/126/826 893/127/828
f 131/128/124 892/125/827 893/127/828
f 893/127/828 132/129/125 131/128/124
f 887/131/822 894/132/829 890/130/825
f 202/133/192 894/132/829 887/131/822
f 887/131/822 201/94/191 202/133/192
f 892/125/827 895/123/830 889/124/824
f 889/124/824 895/123/830 888/122/823
f 884/663/819 204/92/194 201/94/191
f 888/122/823 895/123/830 879/118/814
f 892/125/827 131/128/124 896/664/831
f 896/664/831 895/123/830 892/125/827
f 879/118/814 895/123/830 896/664/831
f 896/664/831 131/128/124 128/125/65
f 128/125/65 126/123/120 896/664/831
f 896/664/831 126/123/120 121/118/115
f 121/118/115 897/665/832 896/664/831
f 896/664/831 897/665/832 879/118/814
f 124/121/118 897/665/832 121/118/115
f 879/118/814 897/665/832 124/121/118
f 202/133/192 898/598/833 894/132/829
f 890/130/825 894/132/829 898/598/833
f 898/598/833 899/599/834 890/130/825
f 891/126/826 890/130/825 899/599/834
f 899/599/834 900/600/835 891/126/826
f 891/126/826 900/600/835 901/601/836
f 901/601/836 893/127/828 891/126/826
f 893/127/828 901/601/836 902/595/837
f 132/129/125 893/127/828 902/595/837
f 902/595/837 801/596/738 132/129/125
f 801/596/738 902/595/837 189/152/180
f 189/152/180 156/153/147 801/596/738
f 190/155/181 189/152/180 902/595/837
f 902/595/837 903/594/838 190/155/181
f 191/156/182 190/155/181 903/594/838
f 903/594/838 904/591/839 191/156/182
f 198/140/188 191/156/182 904/591/839
f 904/591/839 905/592/840 198/140/188
f 195/138/185 198/140/188 905/592/840
f 905/592/840 906/593/841 195/138/185
f 195/138/185 906/593/841 196/135/186
f 196/135/186 906/593/841 202/133/192
f 906/593/841 907/597/842 202/133/192
f 202/133/192 907/597/842 898/598/833
f 899/599/834 898/598/833 907/597/842
f 907/597/842 908/602/843 899/599/834
f 908/602/843 900/600/835 899/599/834
f 909/607/844 904/591/839 903/594/838
f 909/607/844 903/594/838 902/595/837
f 904/591/839 909/607/844 910/608/845
f 910/608/845 911/609/846 904/591/839
f 902/595/837 901/601/836 909/607/844
f 912/603/847 901/601/836 900/600/835
f 912/603/847 910/608/845 909/607/844
f 909/607/844 901/601/836 912/603/847
f 900/600/835 913/604/848 912/603/847
f 913/604/848 900/600/835 908/602/843
f 908/602/843 914/605/849 913/604/848
f 914/605/849 908/602/843 907/597/842
f 907/597/842 915/606/850 914/605/849
f 911/609/846 910/608/845 916/610/234
f 916/610/234 917/611/851 911/609/846
f 918/613/852 915/606/850 907/597/842
f 907/597/842 906/593/841 918/613/852
f 918/613/852 906/593/841 905/592/840
f 905/592/840 919/612/853 918/613/852
f 904/591/839 911/609/846 919/612/853
f 919/612/853 905/592/840 904/591/839
f 920/614/854 918/613/852 919/612/853
f 919/612/853 921/615/855 920/614/854
f 921/615/855 919/612/853 911/609/846
f 911/609/846 917/611/851 921/615/855
f 922/616/856 920/614/854 921/615/855
f 921/615/855 923/617/857 922/616/856
f 921/615/855 917/611/851 924/618/858
f 924/618/858 923/617/857 921/615/855
f 920/614/854 925/628/859 918/613/852
f 925/628/859 920/614/854 922/616/856
f 926/610/860 924/618/858 917/611/851
f 917/611/851 916/610/234 926/610/860
f 927/620/861 926/610/860 916/610/234
f 916/610/234 928/619/862 927/620/861
f 929/621/863 927/620/861 928/619/862
f 928/619/862 930/622/864 929/621/863
f 929/621/863 930/622/864 931/623/865
f 931/623/865 932/624/866 929/621/863
f 932/624/866 931/623/865 933/625/867
f 934/626/868 933/625/867 925/628/859
f 933/625/867 934/626/868 932/624/866
f 925/628/859 935/627/869 934/626/868
f 922/616/856 935/627/869 925/628/859
f 930/622/864 928/619/862 912/603/847
f 912/603/847 913/604/848 930/622/864
f 910/608/845 912/603/847 928/619/862
f 928/619/862 916/610/234 910/608/845
f 930/622/864 913/604/848 914/605/849
f 914/605/849 931/623/865 930/622/864
f 931/623/865 914/605/849 915/606/850
f 915/606/850 933/625/867 931/623/865
f 918/613/852 933/625/867 915/606/850
f 925/628/859 933/625/867 918/613/852
f 500/316/472 483/300/456 479/296/452
f 479/296/452 487/304/459 500/316/472
f 507/321/479 518/332/490 503/318/475
f 936/666/870 503/318/475 518/332/490
f 936/666/870 494/311/466 503/318/475
f 494/311/466 936/666/870 937/667/871
f 937/667/871 938/668/872 494/311/466
f 518/332/490 547/360/873 936/666/870
f 530/343/500 547/360/873 518/332/490
f 939/669/874 938/668/872 937/667/871
f 937/667/871 940/670/875 939/669/874
f 939/669/874 940/670/875 941/671/876
f 941/671/876 942/672/877 939/669/874
f 943/673/878 942/672/877 941/671/876
f 677/488/633 676/487/632 642/454/604
f 642/454/604 644/456/606 677/488/633
f 629/441/592 642/454/604 676/487/632
f 679/489/635 632/444/595 629/441/592
f 944/674/879 632/444/595 679/489/635
f 679/489/635 945/675/880 944/674/879
f 946/676/881 944/674/879 945/675/880
f 945/675/880 947/677/882 946/676/881
f 948/678/883 946/676/881 947/677/882
f 947/677/882 949/679/884 948/678/883
f 950/680/883 948/678/883 949/679/884
f 951/681/885 644/456/606 651/463/613
f 651/463/613 952/682/886 951/681/885
f 953/683/887 951/681/885 952/682/886
f 952/682/886 954/684/888 953/683/887
f 954/684/888 955/685/889 953/683/887
f 668/479/627 678/463/634 654/466/616
f 956/663/890 137/134/130 97/94/91
f 97/94/91 95/92/89 956/663/890
f 123/120/117 137/134/130 956/663/890
f 956/663/890 111/108/105 123/120/117
f 123/120/117 111/108/105 110/107/104
f 110/107/104 114/111/108 123/120/117
f 111/108/105 956/663/890 112/109/106
f 956/663/890 95/92/89 98/95/92
f 98/95/92 957/109/891 956/663/890
f 98/95/92 101/98/95 957/109/891
f 958/686/892 112/109/106 956/663/890
f 956/663/890 959/687/893 958/686/892
f 960/688/894 958/686/892 959/687/893
f 959/687/893 961/689/895 960/688/894
f 962/690/896 960/688/894 961/689/895
f 65/62/59 1/1/1 6/6/6
f 6/6/6 66/63/60 65/62/59
f 57/54/52 1/1/1 65/62/59
f 3/2/2 1/1/1 57/54/52
f 57/54/897 964/261/898 963/260/899
f 965/262/900 963/260/899 964/261/898
f 964/261/898 966/263/901 965/262/900
f 965/262/900 966/263/901 967/264/902
f 963/260/899 968/259/2 57/54/897
f 257/177/246 970/691/903 969/692/904
f 969/692/904 258/175/247 257/177/246
f 269/184/258 258/175/247 969/692/904
f 969/692/904 971/693/905 269/184/258
f 257/177/246 972/692/906 970/691/903
f 972/692/906 257/177/246 255/175/244
f 972/692/906 255/175/244 973/184/907
f 255/175/244 974/182/908 973/184/907
f 974/182/908 255/175/244 254/174/243
f 254/174/243 975/183/909 974/182/908
f 973/184/907 976/693/910 972/692/906
f 977/694/696 979/695/911 978/696/682
f 977/694/696 978/696/682 980/697/684
f 977/694/696 980/697/684 981/698/912
f 979/695/911 977/694/696 982/699/695
f 982/699/695 983/700/913 979/695/911
f 984/701/914 983/700/913 982/699/695
f 982/699/695 985/702/915 984/701/914
f 986/703/916 984/701/914 985/702/915
f 986/703/916 985/702/915 987/704/917
f 986/703/916 987/704/917 988/705/918
f 987/704/917 989/706/919 988/705/918
f 982/699/695 990/707/920 985/702/915
f 991/708/921 989/706/919 987/704/917
f 991/708/921 987/704/917 985/702/915
f 988/705/918 989/706/919 992/709/922
f 989/706/919 991/708/921 992/709/922
f 992/709/922 993/710/923 988/705/918
f 985/702/915 994/711/924 991/708/921
f 990/707/920 994/711/924 985/702/915
f 986/703/916 988/705/918 995/712/925
f 988/705/918 996/710/926 995/712/925
f 997/713/927 983/700/913 984/701/914
f 984/701/914 998/714/928 997/713/927
f 998/714/928 984/701/914 986/703/916
f 986/703/916 999/712/929 998/714/928
f 1000/715/930 1002/716/931 1001/717/932
f 1003/718/933 1001/717/932 1002/716/931
f 1002/716/931 1004/719/934 1003/718/933
f 1004/719/934 1005/720/935 1003/718/933
f 1006/721/936 1008/722/937 1007/723/938
f 1007/723/938 1009/724/939 1006/721/936
f 1010/725/940 1009/724/939 1007/723/938
f 1008/722/937 1006/721/936 1011/726/941
f 1011/726/941 1012/727/942 1008/722/937
f 1012/727/942 1011/726/941 1013/493/943
f 1013/493/943 630/442/593 1012/727/942
f 630/442/593 1013/493/943 623/435/587
f 640/452/602 623/435/587 1013/493/943
f 640/452/602 1013/493/943 685/494/641
f 685/494/641 688/451/644 640/452/602
f 623/435/587 640/452/602 636/448/598
f 631/443/594 684/493/640 630/442/593
f 1014/728/944 639/451/601 640/452/602
f 640/452/602 1015/729/945 1014/728/944
f 1016/730/946 1014/728/944 1015/729/945
f 1015/729/945 1017/731/947 1016/730/946
f 1017/731/947 1018/732/948 1016/730/946
f 1019/733/949 1021/734/950 1020/735/951
f 1020/735/951 1022/736/952 1019/733/949
f 1022/736/952 1020/735/951 1023/737/953
f 1023/737/953 24/22/24 1022/736/952
f 1019/733/949 1024/738/954 1021/734/950
f 1025/739/955 1027/740/956 1026/741/604
f 1028/742/59 1025/739/955 1026/741/604
f 1026/741/604 1029/743/957 1028/742/59
f 1030/744/958 1028/742/59 1029/743/957
f 1029/743/957 1031/745/959 1030/744/958
f 1030/744/958 1031/745/959 789/585/731
f 789/585/731 1032/746/732 1030/744/958
f 1033/747/960 1035/748/961 1034/749/609
f 1034/749/609 1036/750/612 1033/747/960
f 1037/751/962 1035/748/961 1033/747/960
f 1033/747/960 1038/752/963 1037/751/962
f 1039/753/964 1037/751/962 1038/752/963
f 1038/752/963 1040/754/965 1039/753/964
f 1041/755/966 288/199/275 291/202/278
f 291/202/278 1042/756/967 1041/755/966
f 1043/757/968 1041/755/966 1042/756/967
f 1042/756/967 1044/758/969 1043/757/968
f 1045/759/970 1043/757/968 1044/758/969
f 1044/758/969 1046/760/971 1045/759/970
f 1045/759/970 1046/760/971 1047/761/972
f 1048/762/973 1042/756/967 291/202/278
f 291/202/278 319/199/306 1048/762/973
f 1049/757/974 1044/758/969 1042/756/967
f 1042/756/967 1048/762/973 1049/757/974
f 1050/759/975 1047/761/972 1046/760/971
f 1050/759/975 1046/760/971 1044/758/969
f 1044/758/969 1049/757/974 1050/759/975
f 284/195/272 288/199/275 1051/202/976
f 1051/202/976 283/194/271 284/195/272
f 344/195/330 283/194/271 1051/202/976
f 1051/202/976 319/199/306 344/195/330
f 344/195/330 319/199/306 325/198/312
f 331/192/318 344/195/330 325/198/312
f 331/192/318 340/191/326 344/195/330
f 1052/763/977 1054/764/978 1053/765/979
f 1053/765/979 1055/766/481 1052/763/977
f 1056/767/980 1052/763/977 1055/766/481
f 1055/766/481 1057/768/981 1056/767/980
f 1058/769/982 1056/767/980 1057/768/981
f 1057/768/981 294/79/983 1058/769/982
f 1059/770/984 1053/765/979 1054/764/978
f 1054/764/978 1060/771/985 1059/770/984
f 1061/772/986 1059/770/984 1060/771/985
f 1060/771/985 1062/773/987 1061/772/986
f 1062/773/987 1063/774/988 1061/772/986
f 1064/775/315 1065/776/989 527/337/498
f 527/337/498 1066/777/990 1064/775/315
f 1067/778/991 1064/775/315 1066/777/990
f 1066/777/990 1068/779/992 1067/778/991
f 1069/780/993 1067/778/991 1068/779/992
f 1070/781/994 1072/782/995 1071/783/996
f 1071/783/996 1073/784/997 1070/781/994
f 454/272/430 1070/781/994 1073/784/997
f 1073/784/997 1074/273/17 454/272/430
f 1075/785/998 1071/783/996 1072/782/995
f 1072/782/995 1076/786/999 1075/785/998
f 1076/786/999 1077/787/1000 1075/785/998
f 1078/788/1001 1080/789/1002 1079/790/1003
f 1079/790/1003 469/287/443 1078/788/1001
f 1080/789/1002 1078/788/1001 1081/791/1004
f 1081/791/1004 1082/792/1005 1080/789/1002
f 1082/792/1005 1081/791/1004 1083/793/1006
f 465/283/439 469/287/443 1079/790/1003
f 1079/790/1003 481/298/454 465/283/439
f 1084/794/1007 1086/795/1008 1085/796/630
f 1087/797/1009 1086/795/1008 1084/794/1007
f 1084/794/1007 1088/798/280 1087/797/1009
f 1087/797/1009 1088/798/280 265/180/254
f 265/180/254 1089/181/261 1087/797/1009
f 1090/794/1010 1085/796/630 1086/795/1008
f 1090/794/1010 1086/795/1008 1087/797/1009
f 1087/797/1009 1089/181/261 275/180/263
f 275/180/263 1091/798/1011 1087/797/1009
f 1087/797/1009 1091/798/1011 1090/794/1010
f 117/114/111 1092/256/1012 116/113/110
f 1092/256/1012 117/114/111 1093/799/1013
f 1093/799/1013 1094/800/1014 1092/256/1012
f 1094/800/1014 1093/799/1013 1095/801/1015
f 1095/801/1015 1096/802/1016 1094/800/1014
f 1097/803/1017 1096/802/1016 1095/801/1015
f 870/114/805 116/113/110 1092/256/1012
f 1097/803/1017 1098/801/1018 1096/802/1016
f 1094/800/1014 1096/802/1016 1098/801/1018
f 1098/801/1018 1099/799/1019 1094/800/1014
f 1099/799/1019 870/114/805 1092/256/1012
f 1092/256/1012 1094/800/1014 1099/799/1019
f 215/87/205 870/114/805 216/88/206
f 383/255/364 216/88/206 870/114/805
f 870/114/805 1100/256/1020 383/255/364
f 470/288/444 501/317/473 475/293/449
f 475/293/449 501/317/473 1101/804/1021
f 1101/804/1021 1102/805/1022 475/293/449
f 1102/805/1022 1101/804/1021 1103/806/474
f 1103/806/474 1104/807/1013 1102/805/1022
f 1103/806/474 1105/808/1023 1104/807/1013
f 1106/809/1024 1108/810/1025 1107/811/1026
f 1109/812/1027 1107/811/1026 1108/810/1025
f 1108/810/1025 1110/813/1028 1109/812/1027
f 489/306/461 1109/812/1027 1110/813/1028
f 1110/813/1028 499/313/471 489/306/461
f 1111/814/1029 1113/815/355 1112/816/1030
f 1112/816/1030 1114/817/1031 1111/814/1029
f 1113/815/355 1111/814/1029 1115/818/1032
f 1115/818/1032 1116/819/1033 1113/815/355
f 1112/816/1030 1117/820/1034 1114/817/1031
f 1118/821/351 1120/822/43 1119/823/1033
f 1119/823/1033 1121/824/1032 1118/821/351
f 385/257/366 92/89/86 89/86/83
f 385/257/366 89/86/83 83/80/77
f 1122/825/1035 92/89/86 1123/826/366
f 1123/826/366 1124/827/1036 1122/825/1035
f 1125/827/1037 1127/828/1038 1126/829/1039
f 1126/829/1039 1128/825/1040 1125/827/1037
f 1129/830/1041 1126/829/1039 1127/828/1038
f 1127/828/1038 1130/831/1042 1129/830/1041
f 1131/832/1043 1129/830/1041 1130/831/1042
f 1132/833/1044 1134/834/1045 1133/835/1046
f 1133/835/1046 1135/836/1047 1132/833/1044
f 1132/833/1044 1135/836/1047 1136/837/1048
f 2/3/3 1133/835/1046 1134/834/1045
f 1134/834/1045 8/8/8 2/3/3
f 1137/838/1049 8/8/8 1138/839/1050
f 1138/839/1050 1139/835/1051 1137/838/1049
f 1139/835/1051 1138/839/1050 1140/840/1052
f 1140/840/1052 1141/841/622 1139/835/1051
f 1140/840/1052 1142/842/347 1141/841/622
f 1143/637/1053 1145/295/1054 1144/636/1055
f 1144/636/1055 1146/638/1056 1143/637/1053
f 1147/639/1057 1143/637/1053 1146/638/1056
f 1146/638/1056 1148/843/1058 1147/639/1057
f 1149/844/1059 1147/639/1057 1148/843/1058
f 1150/667/1060 1152/666/1061 1151/845/1062
f 1151/845/1062 1153/668/1063 1150/667/1060
f 1150/667/1060 1153/668/1063 1154/669/1064
f 1154/669/1064 1155/670/1065 1150/667/1060
f 1156/671/1066 1155/670/1065 1154/669/1064
f 1154/669/1064 1157/846/1067 1156/671/1066
f 1158/673/1068 1156/671/1066 1157/846/1067
f 1159/634/1069 1161/633/1070 1160/635/1071
f 1161/633/1070 1159/634/1069 1162/632/1072
f 1162/632/1072 1163/631/1073 1161/633/1070
f 1163/631/1073 1162/632/1072 1164/847/1074
f 1164/847/1074 1165/848/1075 1163/631/1073
f 1166/775/1076 1168/777/1077 1167/849/1078
f 1167/849/1078 1169/776/1079 1166/775/1076
f 1168/777/1077 1166/775/1076 1170/778/1080
f 1170/778/1080 1171/779/1081 1168/777/1077
f 1172/780/1082 1171/779/1081 1170/778/1080
f 1173/351/1083 1175/850/1084 1174/349/1085
f 1174/349/1085 1176/851/1083 1173/351/1083
f 1174/349/1085 1175/850/1084 1177/852/1086
f 1177/852/1086 1178/853/1087 1174/349/1085
f 1173/351/1083 1176/851/1083 1179/353/1083
f 1180/854/1088 1182/855/1089 1181/810/1090
f 1181/810/1090 1182/855/1089 1183/812/1091
f 1183/812/1091 1184/813/1092 1181/810/1090
f 1184/813/1092 1183/812/1091 1185/306/1093
f 1185/306/1093 1186/313/927 1184/813/1092
f 1187/261/1094 1189/260/1095 1188/262/1096
f 1188/262/1096 1190/263/1097 1187/261/1094
f 1188/262/1096 1191/264/1098 1190/263/1097
f 1189/260/1095 1187/261/1094 1192/856/1099
f 1192/856/1099 1193/259/1100 1189/260/1095
f 1194/857/1101 1196/858/1102 1195/859/1103
f 1195/859/1103 1197/71/1104 1194/857/1101
f 1196/858/1102 1194/857/1101 1198/229/1105
f 1198/229/1105 1199/860/1106 1196/858/1102
f 1199/860/1106 1198/229/1105 1200/861/1107
f 1200/861/1107 1201/862/1107 1199/860/1106
f 1200/861/1107 1202/233/1108 1201/862/1107
f 1203/794/1109 1205/796/1110 1204/795/1111
f 1203/794/1109 1204/795/1111 1206/797/1112
f 1206/797/1112 1207/798/1113 1203/794/1109
f 1208/863/1114 1207/798/1113 1206/797/1112
f 1206/797/1112 1209/181/1115 1208/863/1114
f 1210/794/1116 1204/795/1111 1205/796/1110
f 1206/797/1112 1204/795/1111 1210/794/1116
f 1211/863/1117 1209/181/1115 1206/797/1112
f 1206/797/1112 1212/798/1118 1211/863/1117
f 1210/794/1116 1212/798/1118 1206/797/1112
f 1213/239/1119 1215/241/1120 1214/240/1121
f 1213/239/1119 1214/240/1121 1216/238/1122
f 1216/238/1122 1217/237/1123 1213/239/1119
f 1217/237/1123 1216/238/1122 1218/236/1124
f 1218/236/1124 1219/235/1125 1217/237/1123
f 1219/235/1125 1218/236/1124 1220/864/1126
f 1220/864/1126 1221/197/1127 1219/235/1125
f 1222/239/1128 1214/240/1121 1215/241/1120
f 1216/238/1122 1214/240/1121 1222/239/1128
f 1222/239/1128 1223/237/1048 1216/238/1122
f 1218/236/1124 1216/238/1122 1223/237/1048
f 1220/864/1126 1218/236/1124 1224/235/1129
f 1223/237/1048 1224/235/1129 1218/236/1124
f 1224/235/1129 1225/197/1130 1220/864/1126
f 1226/755/1131 1228/756/1132 1227/202/1133
f 1227/202/1133 1229/865/1134 1226/755/1131
f 1228/756/1132 1226/755/1131 1230/757/1135
f 1230/757/1135 1231/758/1136 1228/756/1132
f 1231/758/1136 1230/757/1135 1232/759/1137
f 1232/759/1137 1233/760/1138 1231/758/1136
f 1232/759/1137 1234/761/1139 1233/760/1138
f 1227/202/1133 1228/756/1132 1235/762/1140
f 1235/762/1140 1236/865/1141 1227/202/1133
f 1237/757/1142 1235/762/1140 1228/756/1132
f 1228/756/1132 1231/758/1136 1237/757/1142
f 1238/759/1143 1233/760/1138 1234/761/1139
f 1238/759/1143 1237/757/1142 1231/758/1136
f 1231/758/1136 1233/760/1138 1238/759/1143
f 1239/213/1144 1241/214/1145 1240/211/1146
f 1240/211/1146 1242/866/1147 1239/213/1144
f 1243/215/1148 1241/214/1145 1239/213/1144
f 1239/213/1144 1244/216/1149 1243/215/1148
f 1245/217/1150 1243/215/1148 1244/216/1149
f 1244/216/1149 1246/867/1151 1245/217/1150
f 1246/867/1151 1247/219/1152 1245/217/1150
f 1248/781/1153 1250/784/1154 1249/783/1155
f 1249/783/1155 1251/782/1156 1248/781/1153
f 1251/782/1156 1249/783/1155 1252/868/1157
f 1252/868/1157 1253/786/1158 1251/782/1156
f 1253/786/1158 1252/868/1157 1254/869/1159
f 1254/869/1159 1255/870/1160 1253/786/1158
f 1250/784/1154 1248/781/1153 1256/871/1161
f 1256/871/1161 1257/273/1162 1250/784/1154
f 1258/826/1163 1260/872/1164 1259/873/1165
f 1259/873/1165 1261/874/1166 1258/826/1163
f 1262/874/1167 1264/873/1168 1263/829/1169
f 1263/829/1169 1265/828/1170 1262/874/1167
f 1265/828/1170 1263/829/1169 1266/830/1171
f 1266/830/1171 1267/831/1172 1265/828/1170
f 1268/832/1173 1267/831/1172 1266/830/1171
f 1269/763/1174 1271/766/649 1270/875/1175
f 1270/875/1175 1272/876/1176 1269/763/1174
f 1271/766/649 1269/763/1174 1273/767/948
f 1273/767/948 1274/877/1142 1271/766/649
f 1274/877/1142 1273/767/948 1275/769/1177
f 1275/769/1177 1276/79/1178 1274/877/1142
f 1272/876/1176 1270/875/1175 1277/878/1179
f 1277/878/1179 1278/879/1180 1272/876/1176
f 1278/879/1180 1277/878/1179 1279/772/1181
f 1279/772/1181 1280/773/1182 1278/879/1180
f 1280/773/1182 1279/772/1181 1281/774/1183
f 1282/880/24 1284/750/588 1283/749/1184
f 1283/749/1184 1285/881/1185 1282/880/24
f 1282/880/24 1285/881/1185 1286/751/1186
f 1286/751/1186 1287/752/1187 1282/880/24
f 1287/752/1187 1286/751/1186 1288/753/1188
f 1288/753/1188 1289/754/1189 1287/752/1187
f 1290/681/1190 1292/882/1191 1291/463/1192
f 1291/463/1192 1293/883/1193 1290/681/1190
f 1292/882/1191 1290/681/1190 1294/683/1069
f 1294/683/1069 1295/684/1194 1292/882/1191
f 1295/684/1194 1294/683/1069 1296/685/1195
f 1297/884/1196 1299/885/1197 1298/886/1198
f 1298/886/1198 1300/887/1199 1297/884/1196
f 1301/725/1200 1298/886/1198 1299/885/1197
f 1302/726/1201 1297/884/1196 1300/887/1199
f 1300/887/1199 1303/888/1202 1302/726/1201
f 1304/493/1203 1302/726/1201 1303/888/1202
f 1303/888/1202 1305/442/1204 1304/493/1203
f 1306/728/1205 1308/729/1206 1307/889/1207
f 1307/889/1207 1309/451/1208 1306/728/1205
f 1308/729/1206 1306/728/1205 1310/730/1209
f 1310/730/1209 1311/731/1210 1308/729/1206
f 1311/731/1210 1310/730/1209 1312/732/1211
f 1313/678/1212 1315/890/1213 1314/677/1214
f 1314/677/1214 1316/676/1215 1313/678/1212
f 1317/680/1212 1315/890/1213 1313/678/1212
f 1316/676/1215 1314/677/1214 1318/675/1216
f 1318/675/1216 1319/674/1217 1316/676/1215
f 1319/674/1217 1318/675/1216 1320/891/1218
f 1320/891/1218 1321/444/1219 1319/674/1217
f 1322/566/1220 1324/568/1221 1323/565/1222
f 1323/565/1222 1325/567/1223 1322/566/1220
f 1324/568/1221 1322/566/1220 1326/569/1224
f 1326/569/1224 1327/570/1225 1324/568/1221
f 1327/570/1225 1326/569/1224 1328/571/1226
f 1328/571/1226 1329/572/1227 1327/570/1225
f 1330/557/1228 1329/572/1227 1328/571/1226
f 1331/509/1229 1333/509/1230 1332/649/1231
f 1331/509/1229 1332/649/1231 1334/650/1232
f 1331/509/1229 1334/650/1232 1335/892/776
f 1334/650/1232 1332/649/1231 1336/501/1233
f 1336/501/1233 1337/500/1234 1334/650/1232
f 1331/509/1229 1335/892/776 1338/653/1235
f 1339/893/1236 1341/894/1237 1340/895/1238
f 1342/561/1239 1339/893/1236 1340/895/1238
f 1340/895/1238 1343/560/1240 1342/561/1239
f 1344/528/1241 1342/561/1239 1343/560/1240
f 1343/560/1240 1345/556/1242 1344/528/1241
f 1346/814/1243 1348/817/1244 1347/816/1245
f 1347/816/1245 1349/815/1246 1346/814/1243
f 1350/818/1247 1346/814/1243 1349/815/1246
f 1349/815/1246 1351/819/1248 1350/818/1247
f 1347/816/1245 1348/817/1244 1352/820/1249
f 1353/821/1248 1355/824/1247 1354/823/1248
f 1354/823/1248 1356/822/1250 1353/821/1248
f 1357/739/1251 1359/741/1252 1358/740/1253
f 1359/741/1252 1357/739/1251 1360/742/1254
f 1360/742/1254 1361/743/1255 1359/741/1252
f 1361/743/1255 1360/742/1254 1362/744/1256
f 1362/744/1256 1363/745/1257 1361/743/1255
f 1364/896/1258 1363/745/1257 1362/744/1256
f 1362/744/1256 1365/746/1259 1364/896/1258
f 1366/804/1260 1368/317/1261 1367/897/1262
f 1367/897/1262 1369/805/1263 1366/804/1260
f 1370/806/1264 1366/804/1260 1369/805/1263
f 1369/805/1263 1371/807/1265 1370/806/1264
f 1370/806/1264 1371/807/1265 1372/808/1266
f 1373/788/1267 1375/287/1268 1374/790/1269
f 1374/790/1269 1376/789/1270 1373/788/1267
f 1377/791/1271 1373/788/1267 1376/789/1270
f 1376/789/1270 1378/792/1272 1377/791/1271
f 1378/792/1272 1379/793/1273 1377/791/1271
f 1380/898/1274 1382/899/1275 1381/735/1276
f 1381/735/1276 1383/734/1277 1380/898/1274
f 1384/737/1278 1381/735/1276 1382/899/1275
f 1382/899/1275 1385/22/1279 1384/737/1278
f 1380/898/1274 1383/734/1277 1386/738/1280
f 1387/243/1281 1389/245/1282 1388/244/1283
f 1388/244/1283 1390/900/1284 1387/243/1281
f 1391/246/1246 1389/245/1282 1387/243/1281
f 1387/243/1281 1392/247/1246 1391/246/1246
f 1393/901/184 1391/246/1246 1392/247/1246
f 1394/902/673 1396/903/1285 1395/904/1286
f 1397/905/1287 1395/904/1286 1396/903/1285
f 1396/903/1285 1398/906/1288 1397/905/1287
f 1399/907/790 1394/902/673 1395/904/1286
f 1400/903/1289 1402/902/1290 1401/904/1291
f 1403/907/1292 1401/904/1291 1402/902/1290
f 1400/903/1293 1405/904/1294 1404/905/1295
f 1404/905/1295 1406/906/1296 1400/903/1293
f 1407/908/1297 1406/906/1296 1404/905/1295
f 1404/905/1295 1408/909/1298 1407/908/1297
f 1407/908/1297 1408/909/1298 1409/910/1299
f 409/19/390 394/13/375 1410/911/1300
f 1410/911/1300 1411/258/1301 409/19/390
f 392/15/373 1410/911/1300 394/13/375
f 1410/911/1300 392/15/373 387/249/368
f 1410/911/1300 387/249/368 388/258/369
f 20/20/20 409/19/390 388/258/369
f 388/258/369 381/253/362 20/20/20
f 19/19/19 20/20/20 381/253/362
f 381/253/362 376/249/357 19/19/19
f 13/13/13 19/19/19 376/249/357
f 376/249/357 15/15/15 13/13/13
f 1412/912/1300 388/258/1302 1413/913/1303
f 1413/913/1303 1414/914/1304 1412/912/1300
f 1414/914/1304 1413/913/1303 1415/915/1305
f 1415/915/1305 1416/916/1306 1414/914/1304
f 1416/916/1306 1415/915/1305 1417/917/1307
f 1417/917/1307 1418/918/1308 1416/916/1306
f 1419/919/1309 1418/918/1308 1417/917/1307
f 1420/265/226 1422/268/1310 1421/267/1311
f 1421/267/1311 1423/266/1312 1420/265/226
f 1424/269/227 1420/265/226 1423/266/1312
f 1423/266/1312 1425/270/1313 1424/269/227
f 1426/271/1314 1421/267/1311 1422/268/1310
f 1426/271/1314 1422/268/1310 1427/272/1315
f 1426/271/1314 1427/272/1315 1428/273/1316
f 1429/274/1317 1426/271/1314 1428/273/1316
f 1428/273/1316 1430/275/1318 1429/274/1317
f 1431/276/1319 1424/269/227 1425/270/1313
f 1432/277/1320 1429/274/1317 1430/275/1318
f 1430/275/1318 1433/278/1321 1432/277/1320
f 1432/277/1320 1433/278/1321 1434/279/378
f 1434/279/378 1435/280/1322 1432/277/1320
f 1436/281/380 1435/280/1322 1434/279/378
f 1437/282/1323 1429/274/1317 1432/277/1320
f 1426/271/1314 1429/274/1317 1437/282/1323
f 1432/277/1320 1438/283/1324 1437/282/1323
f 1435/280/1322 1438/283/1324 1432/277/1320
f 1438/283/1324 1435/280/1322 1436/281/380
f 1437/282/1323 1439/284/1325 1426/271/1314
f 1440/286/1326 1437/282/1323 1438/283/1324
f 1438/283/1324 1441/287/1327 1440/286/1326
f 1442/288/1328 1440/286/1326 1441/287/1327
f 1442/288/1328 1441/287/1327 1443/289/1329
f 1442/288/1328 1443/289/1329 1444/290/1330
f 1445/291/1331 1440/286/1326 1442/288/1328
f 1442/288/1328 1446/292/1332 1445/291/1331
f 1447/293/1333 1442/288/1328 1444/290/1330
f 1444/290/1330 1448/294/1334 1447/293/1333
f 1449/295/1335 1445/291/1331 1446/292/1332
f 1450/284/1336 1437/282/1323 1440/286/1326
f 1440/286/1326 1445/291/1331 1450/284/1336
f 1436/281/380 1451/301/1337 1438/283/1324
f 1438/283/1324 1451/301/1337 1452/297/1338
f 1444/290/1330 1453/298/1339 1452/297/1338
f 1452/297/1338 1453/298/1339 1438/283/1324
f 1444/290/1330 1443/289/1329 1453/298/1339
f 1452/297/1338 1454/296/1340 1444/290/1330
f 1448/294/1334 1444/290/1330 1454/296/1340
f 1454/296/1340 1452/297/1338 1455/299/1341
f 1455/299/1341 1456/300/1342 1454/296/1340
f 1457/302/1343 1455/299/1341 1452/297/1338
f 1452/297/1338 1451/301/1337 1457/302/1343
f 1457/302/1343 1451/301/1337 1436/281/380
f 1436/281/380 1458/303/385 1457/302/1343
f 1454/296/1340 1459/304/1344 1448/294/1334
f 1460/305/1345 1448/294/1334 1459/304/1344
f 1459/304/1344 1461/306/1346 1460/305/1345
f 1462/307/1347 1460/305/1345 1461/306/1346
f 1460/305/1345 1462/307/1347 1463/308/1348
f 1463/308/1348 1464/309/1349 1460/305/1345
f 1464/309/1349 1463/308/1348 1465/310/1350
f 1465/310/1350 1466/311/1351 1464/309/1349
f 1461/306/1346 1467/312/1352 1462/307/1347
f 1467/312/1352 1461/306/1346 1468/313/1353
f 1467/312/1352 1468/313/1353 1469/314/1354
f 1467/312/1352 1469/314/1354 1470/315/1355
f 1459/304/1344 1471/316/1356 1469/314/1357
f 1469/314/1357 1472/313/1358 1459/304/1344
f 1459/304/1344 1472/313/1358 1461/306/1346
f 1460/305/1345 1464/309/1349 1473/317/1359
f 1460/305/1345 1473/317/1359 1474/293/1360
f 1460/305/1345 1474/293/1360 1448/294/1334
f 1473/317/1359 1464/309/1349 1475/318/1361
f 1464/309/1349 1466/311/1351 1475/318/1361
f 1475/318/1361 1476/319/1362 1473/317/1359
f 1442/288/1328 1473/317/1359 1476/319/1362
f 1476/319/1362 1477/292/1363 1442/288/1328
f 1476/319/1362 1449/295/1335 1477/292/1363
f 1476/319/1362 1478/320/1364 1449/295/1335
f 1476/319/1362 1479/321/1365 1478/320/1364
f 1479/321/1365 1476/319/1362 1475/318/1361
f 1480/322/1366 1478/320/1364 1479/321/1365
f 1478/320/1364 1480/322/1366 1481/323/1367
f 1481/323/1367 1482/324/1368 1478/320/1364
f 1483/325/1369 1481/323/1367 1480/322/1366
f 1480/322/1366 1484/326/1370 1483/325/1369
f 1479/321/1365 1485/327/1371 1480/322/1366
f 1484/326/1370 1480/322/1366 1485/327/1371
f 1485/327/1371 1486/328/1372 1484/326/1370
f 1487/329/1373 1481/323/1367 1483/325/1369
f 1483/325/1369 1488/330/1374 1487/329/1373
f 1487/329/1373 1488/330/1374 1431/276/1319
f 1431/276/1319 1425/270/1313 1487/329/1373
f 1487/329/1373 1425/270/1313 1423/266/1312
f 1489/331/1375 1487/329/1373 1423/266/1312
f 1423/266/1312 1421/267/1311 1489/331/1375
f 1489/331/1375 1421/267/1311 1426/271/1314
f 1426/271/1314 1490/285/1376 1489/331/1375
f 1486/328/1372 1485/327/1371 1491/333/1377
f 1492/332/1378 1491/333/1377 1485/327/1371
f 1485/327/1371 1479/321/1365 1492/332/1378
f 1491/333/1377 1493/334/1379 1486/328/1372
f 1475/318/1361 1492/332/1378 1479/321/1365
f 1494/335/1356 1486/328/1372 1493/334/1379
f 1493/334/1379 1495/336/1354 1494/335/1356
f 1496/338/385 1431/276/1319 1488/330/1374
f 1488/330/1374 1497/339/1380 1496/338/385
f 1493/334/1379 1491/333/1377 1498/342/1381
f 1492/332/1378 1498/342/1381 1491/333/1377
f 1498/342/1381 1492/332/1378 1499/343/1382
f 1498/342/1381 1500/344/1383 1493/334/1379
f 1495/336/1354 1493/334/1379 1500/344/1383
f 1500/344/1383 1498/342/1381 1501/345/1384
f 1501/345/1384 1502/346/1385 1500/344/1383
f 1503/347/1355 1500/344/1383 1502/346/1385
f 1500/344/1383 1503/347/1355 1495/336/1354
f 1502/346/1385 1504/348/1386 1503/347/1355
f 1498/342/1381 1499/343/1387 1505/349/1388
f 1505/349/1388 1506/350/1389 1498/342/1381
f 1507/351/1390 1506/350/1389 1505/349/1388
f 1505/349/1388 1508/352/1390 1507/351/1390
f 1507/351/1390 1508/352/1390 1509/353/1391
f 1510/920/1392 1501/345/1384 1498/342/1381
f 1498/342/1381 1499/343/1382 1510/920/1392
f 1511/357/1393 1510/920/1392 1499/343/1382
f 1499/343/1382 1512/360/1394 1511/357/1393
f 1513/359/1395 1511/357/1393 1512/360/1394
f 1512/360/1394 1465/310/1350 1513/359/1395
f 1513/359/1395 1465/310/1350 1463/308/1348
f 1463/308/1348 1514/361/1396 1513/359/1395
f 1514/361/1396 1463/308/1348 1462/307/1347
f 1462/307/1347 1515/362/1397 1514/361/1396
f 1465/310/1350 1512/360/1394 1516/363/1398
f 1516/363/1398 1466/311/1351 1465/310/1350
f 1510/920/1392 1511/357/1393 1517/356/1399
f 1518/358/1400 1517/356/1399 1511/357/1393
f 1511/357/1393 1513/359/1395 1518/358/1400
f 1518/358/1400 1513/359/1395 1514/361/1396
f 1519/364/1401 1514/361/1396 1515/362/1397
f 1514/361/1396 1519/364/1401 1518/358/1400
f 1515/362/1397 1520/365/1402 1519/364/1401
f 1510/920/1392 1517/356/1399 1521/355/1403
f 1521/355/1403 1501/345/1384 1510/920/1392
f 1501/345/1384 1521/355/1403 1522/354/1404
f 1522/354/1404 1502/346/1385 1501/345/1384
f 1504/348/1386 1502/346/1385 1522/354/1404
f 1522/354/1404 1523/379/1405 1504/348/1386
f 1524/366/1406 1515/362/1397 1462/307/1347
f 1520/365/1402 1515/362/1397 1524/366/1406
f 1462/307/1347 1467/312/1352 1524/366/1406
f 1524/366/1406 1467/312/1352 1470/315/1355
f 1470/315/1355 1525/367/1386 1524/366/1406
f 1524/366/1406 1525/367/1386 1526/368/1407
f 1526/368/1407 1527/369/1408 1524/366/1406
f 1524/366/1406 1527/369/1408 1520/365/1402
f 1528/370/1409 1519/364/1401 1520/365/1402
f 1520/365/1402 1529/371/1410 1528/370/1409
f 1527/369/1408 1526/368/1407 1530/372/1411
f 1530/372/1411 1531/373/1412 1527/369/1408
f 1531/373/1412 1529/371/1410 1520/365/1402
f 1520/365/1402 1527/369/1408 1531/373/1412
f 1523/379/1405 1522/354/1404 1532/378/632
f 1532/378/632 1533/380/1413 1523/379/1405
f 1534/400/1414 1528/370/1409 1529/371/1410
f 1528/370/1409 1534/400/1414 1535/397/1415
f 1536/399/1416 1535/397/1415 1534/400/1414
f 1534/400/1414 1537/401/1417 1536/399/1416
f 1534/400/1414 1538/402/1418 1537/401/1417
f 1538/402/1418 1534/400/1414 1539/403/1419
f 1529/371/1410 1539/403/1419 1534/400/1414
f 1539/403/1419 1540/404/1420 1538/402/1418
f 1541/405/1421 1540/404/1420 1539/403/1419
f 1542/406/1422 1541/405/1421 1539/403/1419
f 1539/403/1419 1543/407/1338 1542/406/1422
f 1543/407/1338 1539/403/1419 1529/371/1410
f 1529/371/1410 1531/373/1412 1543/407/1338
f 1544/408/1423 1542/406/1422 1543/407/1338
f 1543/407/1338 1545/409/1424 1544/408/1423
f 1546/410/1425 1545/409/1424 1543/407/1338
f 1547/411/1426 1545/409/1424 1546/410/1425
f 1535/397/1415 1536/399/1416 1548/398/1427
f 1548/398/1427 1549/396/1428 1535/397/1415
f 1535/397/1415 1549/396/1428 1550/394/1429
f 1549/396/1428 1551/395/1430 1550/394/1429
f 1552/393/1431 1550/394/1429 1551/395/1430
f 1553/375/1432 1550/394/1429 1552/393/1431
f 1552/393/1431 1554/376/1433 1553/375/1432
f 1517/356/1399 1553/375/1432 1554/376/1433
f 1554/376/1433 1521/355/1403 1517/356/1399
f 1553/375/1432 1517/356/1399 1518/358/1400
f 1518/358/1400 1555/374/1434 1553/375/1432
f 1550/394/1429 1553/375/1432 1555/374/1434
f 1555/374/1434 1518/358/1400 1519/364/1401
f 1519/364/1401 1528/370/1409 1555/374/1434
f 1521/355/1403 1554/376/1433 1556/377/1435
f 1521/355/1403 1556/377/1435 1522/354/1404
f 1556/377/1435 1532/378/632 1522/354/1404
f 1532/378/632 1556/377/1435 1557/381/1436
f 1557/381/1436 1558/382/1437 1532/378/632
f 1557/381/1436 1559/383/1438 1558/382/1437
f 1560/384/1439 1558/382/1437 1559/383/1438
f 1560/384/1439 1561/385/1440 1558/382/1437
f 1560/384/1439 1559/383/1438 1562/386/1441
f 1560/384/1439 1562/386/1441 1563/387/1442
f 1561/385/1440 1560/384/1439 1564/388/1426
f 1564/388/1426 1560/384/1439 1563/387/1442
f 1535/397/1415 1555/374/1434 1528/370/1409
f 1555/374/1434 1535/397/1415 1550/394/1429
f 1558/382/1437 1561/385/1440 1533/380/1413
f 1533/380/1413 1532/378/632 1558/382/1437
f 1565/389/1443 1556/377/1435 1554/376/1433
f 1554/376/1433 1566/390/1444 1565/389/1443
f 1566/390/1444 1567/391/1445 1565/389/1443
f 1568/392/1446 1567/391/1445 1566/390/1444
f 1566/390/1444 1552/393/1431 1568/392/1446
f 1554/376/1433 1552/393/1431 1566/390/1444
f 1569/434/1315 232/16/222 407/17/388
f 233/70/223 232/16/222 1569/434/1315
f 1569/434/1315 235/69/225 233/70/223
f 1570/435/1447 1572/438/1448 1571/437/1449
f 1571/437/1449 1573/436/1450 1570/435/1447
f 1574/439/382 1571/437/1449 1572/438/1448
f 1572/438/1448 1575/440/1451 1574/439/382
f 1576/441/1212 1572/438/1448 1570/435/1447
f 1572/438/1448 1576/441/1212 1575/440/1451
f 1570/435/1447 1577/442/1452 1576/441/1212
f 1576/441/1212 1577/442/1452 1578/443/1453
f 1578/443/1453 1579/444/1454 1576/441/1212
f 1580/445/1455 1573/436/1450 1571/437/1449
f 1571/437/1449 1581/446/1456 1580/445/1455
f 1573/436/1450 1580/445/1455 1582/447/728
f 1582/447/728 1583/448/1457 1573/436/1450
f 1570/435/1447 1573/436/1450 1583/448/1457
f 1583/448/1457 1582/447/728 1584/449/1458
f 1584/449/1458 1585/450/1459 1583/448/1457
f 1586/451/1460 1583/448/1457 1585/450/1459
f 1583/448/1457 1586/451/1460 1587/452/1461
f 1585/450/1459 1588/453/1462 1586/451/1460
f 1575/440/1451 1576/441/1212 1589/454/1463
f 1589/454/1463 1590/455/1463 1575/440/1451
f 1590/455/1463 1589/454/1463 1591/456/1464
f 1591/456/1464 1592/457/1465 1590/455/1463
f 1593/458/1466 1590/455/1463 1592/457/1465
f 1592/457/1465 1594/459/1467 1593/458/1466
f 1593/458/1466 1594/459/1467 1595/460/1468
f 1595/460/1468 1596/461/1469 1593/458/1466
f 1597/462/1470 1595/460/1468 1594/459/1467
f 1592/457/1465 1591/456/1464 1598/463/1471
f 1594/459/1467 1592/457/1465 1599/464/1472
f 1592/457/1465 1598/463/1471 1599/464/1472
f 1600/465/1473 1599/464/1472 1598/463/1471
f 1598/463/1471 1601/466/1474 1600/465/1473
f 1599/464/1472 1600/465/1473 1602/467/902
f 1602/467/902 1603/468/1475 1599/464/1472
f 1595/460/1468 1597/462/1470 1603/468/1475
f 1604/469/1476 1600/465/1473 1601/466/1474
f 1601/466/1474 1605/470/1477 1604/469/1476
f 1603/468/1475 1602/467/902 1606/471/1478
f 1607/472/727 1606/471/1478 1602/467/902
f 1602/467/902 1608/473/1459 1607/472/727
f 1600/465/1473 1604/469/1476 1608/473/1459
f 1608/473/1459 1602/467/902 1600/465/1473
f 1606/471/1478 1609/474/56 1603/468/1475
f 1603/468/1475 1609/474/56 1595/460/1468
f 1599/464/1472 1610/462/1479 1594/459/1467
f 1610/462/1479 1599/464/1472 1603/468/1475
f 1611/475/1480 1605/470/1477 1601/466/1474
f 1606/471/1478 1607/472/727 1612/476/726
f 1606/471/1478 1612/476/726 1613/477/243
f 1613/477/243 1609/474/56 1606/471/1478
f 1595/460/1468 1609/474/56 1613/477/243
f 1613/477/243 1614/478/1481 1595/460/1468
f 1615/479/1482 1611/475/1480 1601/466/1474
f 1611/475/1480 1615/479/1482 1616/480/1483
f 1616/480/1483 1617/481/1484 1611/475/1480
f 1618/482/750 1617/481/1484 1616/480/1483
f 1618/482/750 1616/480/1483 1619/483/1485
f 1619/483/1485 1616/480/1483 1615/479/1482
f 1619/483/1485 1620/484/1486 1618/482/750
f 1621/485/1487 1620/484/1486 1619/483/1485
f 1619/483/1485 1622/486/534 1621/485/1487
f 1623/487/534 1622/486/534 1619/483/1485
f 1619/483/1485 1624/488/1488 1623/487/534
f 1615/479/1482 1624/488/1488 1619/483/1485
f 1591/456/1464 1624/488/1488 1615/479/1482
f 1615/479/1482 1625/463/1489 1591/456/1464
f 1622/486/534 1623/487/534 1576/441/1212
f 1576/441/1212 1626/489/1490 1622/486/534
f 1626/489/1490 1621/485/1487 1622/486/534
f 1627/490/1491 1621/485/1487 1626/489/1490
f 1626/489/1490 1628/444/1492 1627/490/1491
f 1627/490/1491 1628/444/1492 1578/443/1453
f 1578/443/1453 1629/491/588 1627/490/1491
f 1629/491/588 1578/443/1453 1630/492/1493
f 1630/492/1493 1578/443/1453 1631/493/1494
f 1631/493/1494 1632/494/1495 1630/492/1493
f 1633/495/1496 1630/492/1493 1632/494/1495
f 1632/494/1495 1634/496/1477 1633/495/1496
f 1634/496/1477 1632/494/1495 1635/451/1497
f 1635/451/1497 1588/453/1476 1634/496/1477
f 1630/492/1493 1636/497/1498 1629/491/588
f 1636/497/1498 1630/492/1493 1637/495/1499
f 1637/495/1499 1638/498/1500 1636/497/1498
f 1629/491/588 1636/497/1498 1639/499/1501
f 1639/499/1501 1636/497/1498 1638/498/1500
f 1639/499/1501 1640/500/1502 1629/491/588
f 1641/501/1320 1629/491/588 1640/500/1502
f 1638/498/1500 1642/502/1503 1639/499/1501
f 1643/503/1504 1639/499/1501 1642/502/1503
f 1642/502/1503 1644/504/733 1643/503/1504
f 1643/503/1504 1644/504/733 1645/505/1505
f 1645/505/1505 1646/506/1506 1643/503/1504
f 1643/503/1504 1646/506/1506 1647/507/1507
f 1647/507/1507 1648/508/1508 1643/503/1504
f 1648/508/1508 1647/507/1507 1649/509/1509
f 1648/508/1508 1641/501/1320 1650/500/1510
f 1650/500/1510 1639/499/1501 1643/503/1504
f 1643/503/1504 1648/508/1508 1650/500/1510
f 1647/507/1507 1646/506/1506 1651/510/1511
f 1651/510/1511 1652/511/1512 1647/507/1507
f 1653/512/1513 1652/511/1512 1651/510/1511
f 1651/510/1511 1654/513/1514 1653/512/1513
f 1646/506/1506 1645/505/1505 1655/514/1515
f 1655/514/1515 1651/510/1511 1646/506/1506
f 1654/513/1514 1651/510/1511 1655/514/1515
f 1655/514/1515 1656/515/1516 1654/513/1514
f 1657/516/1517 1648/508/1508 1649/509/1509
f 1649/509/1509 1658/517/1518 1657/516/1517
f 1659/519/1519 1657/516/1517 1658/517/1518
f 1658/517/1518 1660/518/1520 1659/519/1519
f 1659/519/1519 1660/518/1520 1661/520/1521
f 1661/520/1521 1662/521/1522 1659/519/1519
f 1659/519/1519 1662/521/1522 1663/522/1523
f 1663/522/1523 1664/523/642 1659/519/1519
f 1665/524/1524 1661/520/1521 1660/518/1520
f 1660/518/1520 1666/525/1525 1665/524/1524
f 1667/526/1526 1666/525/1525 1660/518/1520
f 1660/518/1520 1658/517/1518 1667/526/1526
f 1668/654/1527 1666/525/1525 1667/526/1526
f 1667/526/1526 1669/655/1528 1668/654/1527
f 1665/524/1524 1666/525/1525 1670/527/1529
f 1664/523/642 1663/522/1523 1620/484/1486
f 1620/484/1486 1621/485/1487 1664/523/642
f 1620/484/1486 1663/522/1523 1671/528/1530
f 1663/522/1523 1672/542/1531 1671/528/1530
f 1663/522/1523 1662/521/1522 1672/542/1531
f 1671/528/1530 1618/482/750 1620/484/1486
f 1666/525/1525 1668/654/1527 1673/529/1532
f 1673/529/1532 1670/527/1529 1666/525/1525
f 1670/527/1529 1673/529/1532 1674/530/1533
f 1674/530/1533 1675/531/1534 1670/527/1529
f 1676/532/1535 1675/531/1534 1674/530/1533
f 1674/530/1533 1677/533/1536 1676/532/1535
f 1675/531/1534 1676/532/1535 1678/534/1537
f 1678/534/1537 1670/527/1529 1675/531/1534
f 1676/532/1535 1677/533/1536 1679/535/1538
f 1679/535/1538 1680/536/1539 1676/532/1535
f 1680/536/1539 1678/534/1537 1676/532/1535
f 1678/534/1537 1680/536/1539 1681/537/1540
f 1678/534/1537 1681/537/1540 1682/538/1541
f 1682/538/1541 1683/539/1542 1678/534/1537
f 1684/540/1543 1683/539/1542 1682/538/1541
f 1672/542/1531 1684/540/1543 1685/541/1544
f 1682/538/1541 1685/541/1544 1684/540/1543
f 1685/541/1544 1686/543/1545 1672/542/1531
f 1682/538/1541 1681/537/1540 1687/544/1546
f 1688/545/1547 1687/544/1546 1681/537/1540
f 1689/546/1548 1687/544/1546 1688/545/1547
f 1688/545/1547 1690/547/1549 1689/546/1548
f 1691/548/1550 1690/547/1549 1688/545/1547
f 1680/536/1539 1679/535/1538 1691/548/1550
f 1688/545/1547 1692/549/1551 1691/548/1550
f 1681/537/1540 1692/549/1551 1688/545/1547
f 1681/537/1540 1680/536/1539 1692/549/1551
f 1691/548/1550 1692/549/1551 1680/536/1539
f 1693/550/1515 1687/544/1546 1689/546/1548
f 1687/544/1546 1693/550/1515 1694/551/1552
f 1687/544/1546 1694/551/1552 1682/538/1541
f 1685/541/1544 1682/538/1541 1694/551/1552
f 1694/551/1552 1693/550/1515 1695/552/1505
f 1695/552/1505 1696/553/1553 1694/551/1552
f 1694/551/1552 1696/553/1553 1685/541/1544
f 1686/543/1545 1685/541/1544 1696/553/1553
f 1696/553/1553 1695/552/1505 1697/554/733
f 1697/554/733 1698/555/1554 1696/553/1553
f 1696/553/1553 1698/555/1554 1686/543/1545
f 1699/556/1555 1698/555/1554 1697/554/733
f 1698/555/1554 1699/556/1555 1686/543/1545
f 1697/554/733 1700/557/1503 1699/556/1555
f 1689/546/1548 1701/559/1516 1693/550/1515
f 1686/543/1545 1699/556/1555 1671/528/1530
f 1700/557/1503 1702/558/1500 1618/482/750
f 1618/482/750 1703/556/1556 1700/557/1503
f 1618/482/750 1671/528/1530 1703/556/1556
f 1704/560/1557 1703/556/1556 1671/528/1530
f 1671/528/1530 1705/561/1558 1704/560/1557
f 1706/562/1559 1704/560/1557 1705/561/1558
f 1705/561/1558 1707/563/1560 1706/562/1559
f 1707/563/1560 1708/564/1561 1706/562/1559
f 1617/481/1484 1618/482/750 1702/558/1500
f 1702/558/1500 1709/565/1562 1617/481/1484
f 1671/528/1530 1672/542/1531 1686/543/1545
f 1684/540/1543 1672/542/1531 1662/521/1522
f 1662/521/1522 1661/520/1521 1684/540/1543
f 1683/539/1542 1684/540/1543 1661/520/1521
f 1661/520/1521 1665/524/1524 1683/539/1542
f 1678/534/1537 1683/539/1542 1665/524/1524
f 1665/524/1524 1670/527/1529 1678/534/1537
f 1611/475/1480 1617/481/1484 1710/565/1496
f 1605/470/1477 1611/475/1480 1710/565/1496
f 1711/566/1563 1712/568/1564 1710/565/1496
f 1710/565/1496 1713/567/1484 1711/566/1563
f 1712/568/1564 1711/566/1563 1714/569/1565
f 1714/569/1565 1715/570/1566 1712/568/1564
f 1715/570/1566 1714/569/1565 1716/571/1567
f 1716/571/1567 1717/572/1565 1715/570/1566
f 1718/557/1568 1717/572/1565 1716/571/1567
f 1719/585/1569 1721/587/414 1720/586/405
f 1720/586/405 1581/446/1456 1719/585/1569
f 1719/585/1569 1581/446/1456 1571/437/1449
f 1571/437/1449 1574/439/382 1719/585/1569
f 1722/588/1570 1721/587/414 1719/585/1569
f 1719/585/1569 1574/439/382 1593/458/1466
f 1590/455/1463 1593/458/1466 1574/439/382
f 1574/439/382 1575/440/1451 1590/455/1463
f 1593/458/1466 1723/588/1571 1719/585/1569
f 1724/589/404 1581/446/1456 1720/586/405
f 1580/445/1455 1581/446/1456 1724/589/404
f 1725/590/420 1721/587/414 1722/588/1570
f 1722/588/1570 1596/461/1469 1725/590/420
f 1723/588/1571 1593/458/1466 1596/461/1469
f 1614/478/1481 1725/590/420 1596/461/1469
f 1596/461/1469 1595/460/1468 1614/478/1481
f 204/92/194 884/663/819 220/109/210
f 1726/686/1572 1727/687/1573 884/663/819
f 1727/687/1573 1726/686/1572 1728/688/1574
f 1728/688/1574 1729/689/1575 1727/687/1573
f 1730/690/1576 1729/689/1575 1728/688/1574
f 884/663/819 885/109/820 1726/686/1572
f 1731/629/1577 1489/331/1375 1732/630/1578
f 1731/629/1577 1732/630/1578 1733/631/1371
f 1733/631/1371 1734/632/1470 1731/629/1577
f 1487/329/1373 1489/331/1375 1731/629/1577
f 1731/629/1577 1481/323/1367 1487/329/1373
f 1445/291/1331 1732/630/1578 1489/331/1375
f 1732/630/1578 1445/291/1331 1482/324/1368
f 1478/320/1364 1482/324/1368 1445/291/1331
f 1445/291/1331 1449/295/1335 1478/320/1364
f 1735/629/1579 1732/630/1578 1482/324/1368
f 1482/324/1368 1481/323/1367 1735/629/1579
f 1445/291/1331 1489/331/1375 1490/285/1376
f 1445/291/1331 1490/285/1376 1450/284/1336
f 1734/632/1470 1733/631/1371 1736/633/1580
f 1736/633/1580 1737/634/1265 1734/632/1470
f 1737/634/1265 1736/633/1580 1738/635/1581
f 1739/637/1582 1449/295/1583 1740/636/1332
f 1740/636/1332 1741/638/1584 1739/637/1582
f 1742/921/1585 1739/637/1582 1741/638/1584
f 1741/638/1584 1743/922/1586 1742/921/1585
f 1744/923/1469 1742/921/1585 1743/922/1586
f 1426/271/1314 1439/284/1325 1490/285/1376
f 1745/642/1587 1490/285/1376 1439/284/1325
f 1439/284/1325 1746/643/1588 1745/642/1587
f 1747/644/1589 1745/642/1587 1746/643/1588
f 1746/643/1588 1748/645/1590 1747/644/1589
f 1747/644/1589 1748/645/1590 1749/646/1591
f 1750/647/1592 1751/648/1593 1621/485/1487
f 1621/485/1487 1627/490/1491 1750/647/1592
f 1750/647/1592 1627/490/1491 1629/491/588
f 1629/491/588 1641/501/1320 1750/647/1592
f 1657/516/1517 1750/647/1592 1641/501/1320
f 1641/501/1320 1648/508/1508 1657/516/1517
f 1621/485/1487 1751/648/1593 1664/523/642
f 1657/516/1517 1752/648/1594 1750/647/1592
f 1659/519/1519 1664/523/642 1752/648/1594
f 1752/648/1594 1657/516/1517 1659/519/1519
f 1641/501/1320 1640/500/1502 1753/650/1595
f 1753/650/1595 1754/649/1596 1641/501/1320
f 1755/651/1597 1754/649/1596 1753/650/1595
f 1753/650/1595 1756/652/1013 1755/651/1597
f 1755/651/1597 1756/652/1013 1757/653/1598
f 1471/316/1356 1459/304/1344 1454/296/1340
f 1454/296/1340 1456/300/1342 1471/316/1356
f 1758/257/1599 213/80/203 211/86/201
f 1758/257/1599 225/77/215 213/80/203
f 1758/257/1599 211/86/201 217/89/207
f 225/77/215 1758/257/1599 391/89/372
f 1759/826/1599 217/89/1600 1760/825/1601
f 1760/825/1601 1761/827/1602 1759/826/1599
f 1761/827/1602 1760/825/1601 1762/829/1603
f 1762/829/1603 1763/828/1604 1761/827/1602
f 1763/828/1604 1762/829/1603 1764/830/1605
f 1764/830/1605 1765/831/1606 1763/828/1604
f 1766/832/1607 1765/831/1606 1764/830/1605
f 321/207/308 1767/212/1608 199/142/189
f 199/142/189 200/143/190 321/207/308
f 1768/221/1609 1767/212/1608 321/207/308
f 1768/221/1609 321/207/308 320/206/307
f 320/206/307 1769/222/1610 1768/221/1609
f 1770/223/1611 1769/222/1610 320/206/307
f 320/206/307 317/205/304 1770/223/1611
f 315/224/302 1770/223/1611 317/205/304
f 1769/222/1610 1770/223/1611 1771/924/1467
f 1771/924/1467 1770/223/1611 315/224/302
f 1771/924/1467 1772/925/1612 1769/222/1610
f 1769/222/1610 1772/925/1612 1768/221/1609
f 1773/926/1613 1772/925/1612 1771/924/1467
f 1771/924/1467 1774/927/1614 1773/926/1613
f 1774/927/1614 1771/924/1467 1775/928/260
f 315/224/302 1775/928/260 1771/924/1467
f 1776/924/1615 1775/928/260 315/224/302
f 1775/928/260 1776/924/1615 1777/927/1616
f 1777/927/1616 1778/929/1617 1775/928/260
f 1775/928/260 1778/929/1617 1774/927/1614
f 1779/930/1618 1778/929/1617 1777/927/1616
f 1774/927/1614 1778/929/1617 1779/930/1618
f 1777/927/1616 1780/931/1619 1779/930/1618
f 1777/927/1616 1781/926/1620 1780/931/1619
f 1781/926/1620 1777/927/1616 1776/924/1615
f 1776/924/1615 1782/925/1621 1781/926/1620
f 313/222/300 1782/925/1621 1776/924/1615
f 1776/924/1615 314/223/301 313/222/300
f 315/224/302 314/223/301 1776/924/1615
f 313/222/300 312/221/299 1782/925/1621
f 1782/925/1621 312/221/299 1783/932/1622
f 312/221/299 311/220/298 1783/932/1622
f 1784/933/1623 1780/931/1619 1781/926/1620
f 1783/932/1622 1784/933/1623 1785/934/1624
f 1781/926/1620 1785/934/1624 1784/933/1623
f 1785/934/1624 1781/926/1620 1782/925/1621
f 1785/934/1624 1782/925/1621 1783/932/1622
f 1779/930/1618 1786/931/1625 1774/927/1614
f 145/142/55 144/141/133 311/220/298
f 1787/935/1626 311/220/298 144/141/133
f 1787/935/1626 144/141/133 147/144/138
f 147/144/138 1788/936/334 1787/935/1626
f 1788/936/334 1789/937/1627 1787/935/1626
f 1790/938/1628 1787/935/1626 1789/937/1627
f 1790/938/1628 311/220/298 1787/935/1626
f 1789/937/1627 1791/939/1629 1790/938/1628
f 1792/940/1630 1789/937/1627 1788/936/334
f 1789/937/1627 1792/940/1630 1791/939/1629
f 1788/936/334 1793/941/1631 1792/940/1630
f 1794/942/1632 1792/940/1630 1793/941/1631
f 1793/941/1631 1795/943/260 1794/942/1632
f 1792/940/1630 1794/942/1632 1796/944/1633
f 1796/944/1633 1791/939/1629 1792/940/1630
f 168/165/159 1793/941/1631 1788/936/334
f 1788/936/334 169/166/160 168/165/159
f 169/166/160 1788/936/334 147/144/138
f 1793/941/1631 168/165/159 170/167/161
f 170/167/161 1795/943/260 1793/941/1631
f 1794/942/1632 1795/943/260 1797/941/1634
f 1797/941/1634 1795/943/260 170/167/161
f 1797/941/1634 1798/940/1635 1794/942/1632
f 1796/944/1633 1794/942/1632 1798/940/1635
f 1798/940/1635 1797/941/1634 1799/936/1246
f 1799/936/1246 1800/937/1636 1798/940/1635
f 1800/937/1636 1801/939/1637 1798/940/1635
f 1798/940/1635 1801/939/1637 1796/944/1633
f 1802/938/1638 1801/939/1637 1800/937/1636
f 1800/937/1636 1803/935/1639 1802/938/1638
f 1799/936/1246 1803/935/1639 1800/937/1636
f 1799/936/1246 1797/941/1634 174/165/165
f 170/167/161 174/165/165 1797/941/1634
f 174/165/165 176/166/167 1799/936/1246
f 176/166/167 183/144/174 1799/936/1246
f 1803/935/1639 1799/936/1246 183/144/174
f 183/144/174 193/141/184 1803/935/1639
f 1802/938/1638 1803/935/1639 1804/220/1640
f 1803/935/1639 193/141/184 1804/220/1640
f 199/142/189 1804/220/1640 193/141/184
f 1804/220/1640 199/142/189 1767/212/1608
f 1768/221/1609 1804/220/1640 1767/212/1608
f 1768/221/1609 1805/932/1641 1804/220/1640
f 1772/925/1612 1805/932/1641 1768/221/1609
f 1806/934/1642 1805/932/1641 1772/925/1612
f 1805/932/1641 1806/934/1642 1807/933/1643
f 1807/933/1643 1806/934/1642 1773/926/1613
f 1806/934/1642 1772/925/1612 1773/926/1613
f 1773/926/1613 1786/931/1625 1807/933/1643
f 1774/927/1614 1786/931/1625 1773/926/1613
f 1624/488/1488 1591/456/1464 1589/454/1463
f 1589/454/1463 1623/487/534 1624/488/1488
f 1576/441/1212 1623/487/534 1589/454/1463
f 1626/489/1490 1576/441/1212 1579/444/1454
f 1626/489/1490 1579/444/1454 1808/674/1644
f 1808/674/1644 1809/675/1645 1626/489/1490
f 1809/675/1645 1808/674/1644 1810/676/1646
f 1810/676/1646 1811/677/1647 1809/675/1645
f 1811/677/1647 1810/676/1646 1812/678/1648
f 1812/678/1648 1813/679/1649 1811/677/1647
f 1814/680/1648 1813/679/1649 1812/678/1648
f 1598/463/1471 1591/456/1464 1815/681/1650
f 1815/681/1650 1816/682/1651 1598/463/1471
f 1816/682/1651 1815/681/1650 1817/683/1652
f 1817/683/1652 1818/684/1653 1816/682/1651
f 1818/684/1653 1817/683/1652 1819/685/1654
f 1601/466/1474 1625/463/1489 1615/479/1482
f 1820/337/1655 1484/326/1370 1486/328/1372
f 1486/328/1372 1494/335/1356 1820/337/1655
f 1820/337/1655 1494/335/1356 1821/341/1342
f 1822/337/1656 1821/341/1657 1823/340/1658
f 1823/340/1658 1483/325/1369 1822/337/1656
f 1822/337/1656 1483/325/1369 1484/326/1370
f 1483/325/1369 1823/340/1658 1497/339/1380
f 1497/339/1380 1488/330/1374 1483/325/1369
f 1824/775/1659 1825/777/1660 1822/337/1661
f 1822/337/1661 1826/776/1370 1824/775/1659
f 1825/777/1660 1824/775/1659 1827/778/1662
f 1827/778/1662 1828/779/1663 1825/777/1660
f 1829/780/1664 1828/779/1663 1827/778/1662
f 1667/526/1526 1658/517/1518 1649/509/1509
f 1649/509/1509 1830/657/1665 1667/526/1526
f 1667/526/1526 1830/657/1665 1831/656/1666
f 1831/656/1666 1669/655/1528 1667/526/1526
f 1832/658/1667 1831/656/1666 1830/657/1665
f 1830/657/1665 1833/659/1668 1832/658/1667
f 1649/509/1509 1833/659/1668 1830/657/1665
f 1833/659/1668 1649/509/1509 1647/507/1507
f 1652/511/1512 1833/659/1668 1647/507/1507
f 1834/660/1669 1833/659/1668 1652/511/1512
f 1652/511/1512 1653/512/1513 1834/660/1669
f 250/170/239 1835/186/1670 272/187/260
f 250/170/239 245/71/234 1835/186/1670
f 1835/186/1670 245/71/234 1836/227/1671
f 1836/227/1671 1837/228/1672 1835/186/1670
f 1837/228/1672 1836/227/1671 1838/229/1673
f 1838/229/1673 1839/230/1674 1837/228/1672
f 1839/230/1674 1838/229/1673 1840/231/1675
f 1840/231/1675 1841/232/1675 1839/230/1674
f 1840/231/1675 1842/233/1676 1841/232/1675
f 187/150/178 172/169/163 157/154/148
f 172/169/163 187/150/178 180/158/171
f 1843/694/1549 1845/698/1550 1844/697/1538
f 1843/694/1549 1844/697/1538 1846/696/1677
f 1843/694/1549 1846/696/1677 1847/695/1533
f 1848/699/1548 1843/694/1549 1847/695/1533
f 1847/695/1533 1849/700/1532 1848/699/1548
f 1848/699/1548 1849/700/1532 1850/701/1678
f 1850/701/1678 1851/702/1679 1848/699/1548
f 1851/702/1679 1850/701/1678 1852/703/1680
f 1852/703/1680 1850/701/1678 1853/714/1681
f 1853/714/1681 1854/712/1682 1852/703/1680
f 1850/701/1678 1855/713/1683 1853/714/1681
f 1855/713/1683 1850/701/1678 1849/700/1532
f 1851/702/1679 1852/703/1680 1856/704/1684
f 1852/703/1680 1857/705/1685 1856/704/1684
f 1852/703/1680 1854/712/1682 1857/705/1685
f 1857/705/1685 1858/706/1686 1856/704/1684
f 1857/705/1685 1854/712/1682 1859/710/1687
f 1848/699/1548 1851/702/1679 1860/707/1688
f 1861/708/1689 1856/704/1684 1858/706/1686
f 1851/702/1679 1856/704/1684 1861/708/1689
f 1857/705/1685 1859/710/1687 1862/709/1690
f 1862/709/1690 1858/706/1686 1857/705/1685
f 1858/706/1686 1862/709/1690 1861/708/1689
f 1861/708/1689 1863/711/1691 1851/702/1679
f 1860/707/1688 1851/702/1679 1863/711/1691
f 1864/721/1692 1866/885/1693 1865/723/1694
f 1865/723/1694 1867/722/656 1864/721/1692
f 1868/725/1695 1865/723/1694 1866/885/1693
f 1869/726/1696 1864/721/1692 1867/722/656
f 1867/722/656 1870/727/1697 1869/726/1696
f 1871/493/1698 1869/726/1696 1870/727/1697
f 1870/727/1697 1577/442/1452 1871/493/1698
f 1577/442/1452 1570/435/1447 1871/493/1698
f 1587/452/1461 1871/493/1698 1570/435/1447
f 1632/494/1495 1871/493/1698 1587/452/1461
f 1587/452/1461 1635/451/1497 1632/494/1495
f 1583/448/1457 1587/452/1461 1570/435/1447
f 1578/443/1453 1577/442/1452 1631/493/1494
f 1872/728/1699 1873/729/1700 1587/452/1461
f 1587/452/1461 1586/451/1460 1872/728/1699
f 1873/729/1700 1872/728/1699 1874/730/1701
f 1874/730/1701 1875/731/1702 1873/729/1700
f 1875/731/1702 1874/730/1701 1876/732/1703
f 1877/733/1704 1879/736/1705 1878/735/1706
f 1878/735/1706 1880/734/1707 1877/733/1704
f 1881/737/392 1878/735/1706 1879/736/1705
f 1879/736/1705 410/22/391 1881/737/392
f 1877/733/1704 1880/734/1707 1882/945/1708
f 1883/739/1709 1885/741/1710 1884/740/1711
f 1885/741/1710 1883/739/1709 1886/742/232
f 1886/742/232 1887/743/1712 1885/741/1710
f 1887/743/1712 1886/742/232 1888/744/1713
f 1888/744/1713 1889/745/1714 1887/743/1712
f 1719/585/1715 1889/745/1714 1888/744/1713
f 1888/744/1713 1890/746/1570 1719/585/1715
f 1891/747/547 1893/750/1470 1892/749/1467
f 1892/749/1467 1894/748/1009 1891/747/547
f 1891/747/547 1894/748/1009 1895/751/1716
f 1895/751/1716 1896/752/1556 1891/747/547
f 1896/752/1556 1895/751/1716 1897/753/1717
f 1897/753/1717 1898/754/1718 1896/752/1556
f 1899/946/1719 1901/947/1720 1900/948/1721
f 1900/948/1721 1902/949/1722 1899/946/1719
f 1901/947/1720 1899/946/1719 1903/772/1723
f 1903/772/1723 1904/950/1724 1901/947/1720
f 1902/949/1722 1900/948/1721 1905/951/1725
f 1905/951/1725 1906/952/1726 1902/949/1722
f 1906/952/1726 1905/951/1725 1907/769/318
f 1907/769/318 330/79/1727 1906/952/1726
f 1904/950/1724 1903/772/1723 1908/774/1728
f 1909/781/1729 1911/784/1730 1910/783/1731
f 1910/783/1731 1912/782/1732 1909/781/1729
f 1912/782/1732 1910/783/1731 1913/785/1733
f 1913/785/1733 1914/786/1734 1912/782/1732
f 1914/786/1734 1913/785/1733 1915/787/1735
f 1911/784/1730 1909/781/1729 1427/272/1315
f 1427/272/1315 1916/273/388 1911/784/1730
f 1917/788/1736 1441/287/1327 1918/790/1737
f 1918/790/1737 1919/789/1738 1917/788/1736
f 1920/791/1739 1917/788/1736 1919/789/1738
f 1919/789/1738 1921/792/1740 1920/791/1739
f 1921/792/1740 1922/793/1308 1920/791/1739
f 1438/283/1324 1918/790/1737 1441/287/1327
f 1918/790/1737 1438/283/1324 1453/298/1339
f 1923/953/1741 1924/666/1742 1466/311/1351
f 1466/311/1351 1925/668/1743 1923/953/1741
f 1924/666/1742 1475/318/1361 1466/311/1351
f 1492/332/1378 1475/318/1361 1924/666/1742
f 1924/666/1742 1512/360/1394 1492/332/1378
f 1499/343/1382 1492/332/1378 1512/360/1394
f 1923/953/1741 1925/668/1743 1926/669/1744
f 1926/669/1744 1927/670/1745 1923/953/1741
f 1928/671/1746 1927/670/1745 1926/669/1744
f 1926/669/1744 1929/672/1747 1928/671/1746
f 1930/673/1748 1928/671/1746 1929/672/1747
f 1442/288/1328 1447/293/1333 1473/317/1359
f 1931/804/1749 1473/317/1359 1447/293/1333
f 1447/293/1333 1932/805/1750 1931/804/1749
f 1933/806/1360 1931/804/1749 1932/805/1750
f 1932/805/1750 1934/807/1751 1933/806/1360
f 1933/806/1360 1934/807/1751 1935/808/1752
f 1936/954/1753 1938/811/1754 1937/810/1755
f 1937/810/1755 1938/811/1754 1939/955/1756
f 1939/955/1756 1940/813/1757 1937/810/1755
f 1940/813/1757 1939/955/1756 1461/306/1346
f 1461/306/1346 1472/313/1358 1940/813/1757
f 432/49/412 416/242/397 419/47/399
f 406/8/387 416/242/397 432/49/412
f 432/49/412 436/3/416 406/8/387
f 402/3/383 406/8/387 1941/834/1758
f 1941/834/1758 1942/835/1759 402/3/383
f 1942/835/1759 1941/834/1758 1943/833/1123
f 1943/833/1123 1944/836/1320 1942/835/1759
f 1943/833/1123 1945/837/1760 1944/836/1320
f 1946/839/1761 406/8/1762 1947/838/1763
f 1947/838/1763 1948/835/1764 1946/839/1761
f 1949/840/342 1946/839/1761 1948/835/1764
f 1948/835/1764 1950/841/56 1949/840/342
f 1949/840/342 1950/841/56 1951/842/1765
f 1952/814/1766 1954/817/1767 1953/816/1768
f 1953/816/1768 1955/815/1769 1952/814/1766
f 1956/818/1770 1952/814/1766 1955/815/1769
f 1955/815/1769 1957/819/1771 1956/818/1770
f 1953/816/1768 1954/817/1767 1958/820/1772
f 1959/821/386 1961/824/1770 1960/823/1771
f 1960/823/1771 1962/822/1773 1959/821/386
f 1963/637/1774 1965/638/1775 1964/636/1776
f 1964/636/1776 1966/295/1777 1963/637/1774
f 1965/638/1775 1963/637/1774 1967/639/1778
f 1967/639/1778 1968/922/1779 1965/638/1775
f 1969/956/1780 1968/922/1779 1967/639/1778
f 1970/957/1781 1972/668/1782 1971/845/1783
f 1971/845/1783 1973/666/1784 1970/957/1781
f 1974/669/1785 1972/668/1782 1970/957/1781
f 1970/957/1781 1975/670/1786 1974/669/1785
f 1974/669/1785 1975/670/1786 1976/671/1787
f 1976/671/1787 1977/846/1788 1974/669/1785
f 1978/673/1789 1977/846/1788 1976/671/1787
f 1979/634/1598 1981/635/1790 1980/633/1791
f 1982/632/1792 1979/634/1598 1980/633/1791
f 1980/633/1791 1983/631/1793 1982/632/1792
f 1984/847/1794 1982/632/1792 1983/631/1793
f 1983/631/1793 1985/848/1795 1984/847/1794
f 1986/775/1796 1988/776/1797 1987/849/1798
f 1987/849/1798 1989/777/1799 1986/775/1796
f 1990/778/1800 1986/775/1796 1989/777/1799
f 1989/777/1799 1991/779/1801 1990/778/1800
f 1992/780/1802 1990/778/1800 1991/779/1801
f 1993/351/32 1995/851/32 1994/349/1803
f 1994/349/1803 1996/850/1804 1993/351/32
f 1997/852/1805 1996/850/1804 1994/349/1803
f 1994/349/1803 1998/853/1806 1997/852/1805
f 1993/351/32 1999/353/32 1995/851/32
f 2000/954/1807 2002/810/1808 2001/855/1809
f 2003/955/1810 2001/855/1809 2002/810/1808
f 2002/810/1808 2004/813/1811 2003/955/1810
f 2005/306/1812 2003/955/1810 2004/813/1811
f 2004/813/1811 2006/313/1813 2005/306/1812
f 2007/261/1814 2009/263/1815 2008/262/1816
f 2008/262/1816 2010/260/1817 2007/261/1814
f 2008/262/1816 2009/263/1815 2011/264/1818
f 2012/856/1819 2007/261/1814 2010/260/1817
f 2010/260/1817 2013/259/1820 2012/856/1819
f 2014/958/1821 2016/71/1822 2015/859/1823
f 2015/859/1823 2017/858/1824 2014/958/1821
f 2018/229/1825 2014/958/1821 2017/858/1824
f 2017/858/1824 2019/860/1825 2018/229/1825
f 2020/861/1826 2018/229/1825 2019/860/1825
f 2019/860/1825 2021/862/1827 2020/861/1826
f 2020/861/1826 2021/862/1827 2022/233/1828
f 2023/781/1829 2025/782/1830 2024/783/1831
f 2024/783/1831 2026/784/1832 2023/781/1829
f 2027/868/1833 2024/783/1831 2025/782/1830
f 2025/782/1830 2028/786/1834 2027/868/1833
f 2029/869/1835 2027/868/1833 2028/786/1834
f 2028/786/1834 2030/870/1836 2029/869/1835
f 2031/871/1837 2023/781/1829 2026/784/1832
f 2026/784/1832 2032/273/1838 2031/871/1837
f 2033/959/1839 2035/258/1840 2034/912/1841
f 2034/912/1841 2036/914/1842 2033/959/1839
f 2037/960/1843 2033/959/1839 2036/914/1842
f 2036/914/1842 2038/916/1844 2037/960/1843
f 2039/961/297 2037/960/1843 2038/916/1844
f 2038/916/1844 2040/962/1845 2039/961/297
f 2041/963/1846 2039/961/297 2040/962/1845
f 2042/826/1847 2044/874/1848 2043/873/1849
f 2043/873/1849 2045/872/1850 2042/826/1847
f 2046/829/1851 2043/873/1849 2044/874/1848
f 2044/874/1848 2047/828/1852 2046/829/1851
f 2048/830/1853 2046/829/1851 2047/828/1852
f 2047/828/1852 2049/831/1854 2048/830/1853
f 2050/832/1855 2048/830/1853 2049/831/1854
f 2051/946/1856 2053/949/1857 2052/948/1858
f 2052/948/1858 2054/947/1859 2051/946/1856
f 2055/772/407 2051/946/1856 2054/947/1859
f 2054/947/1859 2056/964/22 2055/772/407
f 2057/951/1860 2052/948/1858 2053/949/1857
f 2053/949/1857 2058/952/1861 2057/951/1860
f 2059/769/1862 2057/951/1860 2058/952/1861
f 2058/952/1861 2060/79/1863 2059/769/1862
f 2056/964/22 2061/774/1864 2055/772/407
f 2062/880/391 2064/881/1865 2063/749/922
f 2063/749/922 2065/750/638 2062/880/391
f 2066/751/1866 2064/881/1865 2062/880/391
f 2062/880/391 2067/752/1867 2066/751/1866
f 2068/753/1868 2066/751/1866 2067/752/1867
f 2067/752/1867 2069/754/1869 2068/753/1868
f 2070/681/1870 2072/883/1871 2071/463/1241
f 2071/463/1241 2073/882/1872 2070/681/1870
f 2074/683/1873 2070/681/1870 2073/882/1872
f 2073/882/1872 2075/684/1874 2074/683/1873
f 2075/684/1874 2076/685/1875 2074/683/1873
f 2077/721/1876 2079/887/1877 2078/886/1878
f 2078/886/1878 2080/885/1879 2077/721/1876
f 2081/725/1880 2080/885/1879 2078/886/1878
f 2079/887/1877 2077/721/1876 2082/726/1881
f 2082/726/1881 2083/888/1882 2079/887/1877
f 2083/888/1882 2082/726/1881 2084/493/1883
f 2084/493/1883 2085/442/1884 2083/888/1882
f 2086/728/1885 2088/451/1886 2087/889/1887
f 2087/889/1887 2089/729/1888 2086/728/1885
f 2090/730/1889 2086/728/1885 2089/729/1888
f 2089/729/1888 2091/731/1890 2090/730/1889
f 2091/731/1890 2092/732/1891 2090/730/1889
f 2093/678/592 2095/676/1892 2094/677/1893
f 2094/677/1893 2096/890/1894 2093/678/592
f 2097/680/592 2093/678/592 2096/890/1894
f 2098/675/1895 2094/677/1893 2095/676/1892
f 2095/676/1892 2099/674/1896 2098/675/1895
f 2100/891/1897 2098/675/1895 2099/674/1896
f 2099/674/1896 2101/444/1898 2100/891/1897
f 2102/566/1899 2104/567/1900 2103/565/1901
f 2103/565/1901 2105/568/1902 2102/566/1899
f 2106/569/1903 2102/566/1899 2105/568/1902
f 2105/568/1902 2107/570/1904 2106/569/1903
f 2108/571/1905 2106/569/1903 2107/570/1904
f 2107/570/1904 2109/572/1903 2108/571/1905
f 2110/557/1906 2108/571/1905 2109/572/1903
f 2111/509/1907 2113/892/1265 2112/650/1908
f 2111/509/1907 2112/650/1908 2114/649/1909
f 2111/509/1907 2114/649/1909 2115/509/1910
f 2116/501/1911 2114/649/1909 2112/650/1908
f 2112/650/1908 2117/500/1912 2116/501/1911
f 2111/509/1907 2118/653/1913 2113/892/1265
f 2119/893/1914 2121/895/1915 2120/894/1916
f 2121/895/1915 2119/893/1914 2122/561/1917
f 2122/561/1917 2123/560/1918 2121/895/1915
f 2123/560/1918 2122/561/1917 2124/528/1919
f 2124/528/1919 2125/556/1920 2123/560/1918
f 2126/814/1921 2128/815/334 2127/816/1922
f 2127/816/1922 2129/817/1923 2126/814/1921
f 2128/815/334 2126/814/1921 2130/818/1924
f 2130/818/1924 2131/819/1925 2128/815/334
f 2127/816/1922 2132/820/1926 2129/817/1923
f 2133/821/1925 2135/822/1927 2134/823/1925
f 2134/823/1925 2136/824/1924 2133/821/1925
f 2137/739/1928 2139/740/1817 2138/741/1929
f 2140/742/1930 2137/739/1928 2138/741/1929
f 2138/741/1929 2141/743/1931 2140/742/1930
f 2142/744/1932 2140/742/1930 2141/743/1931
f 2141/743/1931 2143/745/1933 2142/744/1932
f 2142/744/1932 2143/745/1933 2144/896/1934
f 2144/896/1934 2145/746/1935 2142/744/1932
f 2146/804/1936 2148/805/1937 2147/897/1938
f 2147/897/1938 2149/317/1939 2146/804/1936
f 2148/805/1937 2146/804/1936 2150/806/1940
f 2150/806/1940 2151/807/776 2148/805/1937
f 2150/806/1940 2152/808/1941 2151/807/776
f 2153/788/1942 2155/789/1943 2154/790/1944
f 2154/790/1944 2156/287/1945 2153/788/1942
f 2155/789/1943 2153/788/1942 2157/791/1946
f 2157/791/1946 2158/792/1947 2155/789/1943
f 2158/792/1947 2157/791/1946 2159/793/1845
f 2160/733/1948 2162/734/1949 2161/735/1950
f 2161/735/1950 2163/899/1951 2160/733/1948
f 2163/899/1951 2161/735/1950 2164/737/1952
f 2164/737/1952 2165/22/1953 2163/899/1951
f 2160/733/1948 2166/945/1954 2162/734/1949
f 2167/904/1955 2169/903/1956 2168/902/642
f 2169/903/1956 2167/904/1955 2170/905/1957
f 2170/905/1957 2171/906/1713 2169/903/1956
f 2172/908/1958 2171/906/1713 2170/905/1957
f 2170/905/1957 2173/909/1959 2172/908/1958
f 2172/908/1958 2173/909/1959 2174/910/1960
f 2175/907/1593 2167/904/1955 2168/902/642
f 2176/904/1961 2178/902/1962 2177/965/1963
f 2179/907/1964 2178/902/1962 2176/904/1961
f 2177/965/1965 2181/906/1966 2180/905/1967
f 2180/905/1967 2181/906/1966 2182/908/1968
f 2182/908/1968 2183/909/1969 2180/905/1967
f 2182/908/1968 2184/910/1970 2183/909/1969
f 2180/905/1967 2185/904/1971 2177/965/1965
f 2186/644/1972 2188/642/1973 2187/643/1974
f 2187/643/1974 2189/645/1975 2186/644/1972
f 2186/644/1972 2189/645/1975 2190/646/1976
f 2191/284/1977 2187/643/1974 2188/642/1973
f 2188/642/1973 2192/285/1978 2191/284/1977
f 2193/284/1979 2195/285/1980 2194/642/1981
f 2194/642/1981 2196/643/1982 2193/284/1979
f 2196/643/1982 2194/642/1981 2197/644/1983
f 2197/644/1983 2198/966/1984 2196/643/1982
f 2197/644/1983 2199/646/1985 2198/966/1984
f 2200/967/1986 2202/689/1575 2201/688/1574
f 2201/688/1574 2202/689/1575 2203/687/1573
f 2203/687/1573 2204/686/1572 2201/688/1574
f 2204/686/1572 2203/687/1573 2205/968/1987
f 2205/968/1987 2206/109/1988 2204/686/1572
f 2207/969/1989 2209/970/1990 2208/971/1991
f 2208/971/1991 2210/972/1619 2207/969/1989
f 2209/970/1990 2207/969/1989 2211/973/162
f 2207/969/1989 2212/974/1992 2211/973/162
f 2213/975/1993 2212/974/1992 2207/969/1989
f 2213/975/1993 2207/969/1989 2214/976/1622
f 2207/969/1989 2215/977/1623 2214/976/1622
f 2207/969/1989 2210/972/1619 2215/977/1623
f 2208/971/1991 2209/970/1990 2216/969/1994
f 2209/970/1990 2211/973/162 2216/969/1994
f 2216/969/1994 2217/972/1625 2208/971/1991
f 2216/969/1994 2211/973/162 2218/974/1995
f 2219/975/1996 2216/969/1994 2218/974/1995
f 2219/975/1996 2220/976/1997 2216/969/1994
f 2216/969/1994 2220/976/1997 2221/977/1998
f 2216/969/1994 2221/977/1998 2217/972/1625
f 2222/978/1992 2224/979/1999 2223/980/1629
f 2223/980/1629 2225/981/2000 2222/978/1992
f 2226/982/2001 2225/981/2000 2223/980/1629
f 2223/980/1629 2227/983/1633 2226/982/2001
f 2222/978/1992 2225/981/2000 2228/984/162
f 2225/981/2000 2226/982/2001 2228/984/162
f 2222/978/1992 2229/985/2002 2224/979/1999
f 2226/982/2001 2227/983/1633 2230/980/2003
f 2230/980/2003 2231/981/2004 2226/982/2001
f 2231/981/2004 2228/984/162 2226/982/2001
f 2232/978/1995 2231/981/2004 2230/980/2003
f 2232/978/1995 2228/984/162 2231/981/2004
f 2230/980/2003 2233/979/2005 2232/978/1995
f 2232/978/1995 2233/979/2005 2234/985/2006
f 2235/986/2007 2237/987/2008 2236/988/2009
f 2238/989/2010 2235/986/2007 2236/988/2009
f 2236/988/2009 2239/944/2011 2238/989/2010
f 2237/987/2008 2240/990/2012 2236/988/2009
f 2238/989/2010 2239/944/2011 2241/988/2013
f 2241/988/2013 2242/986/2014 2238/989/2010
f 2242/986/2014 2241/988/2013 2243/987/2015
f 2243/987/2015 2241/988/2013 2244/990/2016
f 2245/991/2017 2247/992/2018 2246/993/2019
f 2246/993/2019 2248/994/337 2245/991/2017
f 2248/994/337 2246/993/2019 2249/995/2020
f 2249/995/2020 2250/996/2021 2248/994/337
f 2251/997/2022 2250/996/2021 2249/995/2020
f 2249/995/2020 2252/998/536 2251/997/2022
f 2248/994/337 2253/999/2023 2245/991/2017
f 2251/997/2022 2253/999/2023 2250/996/2021
f 2250/996/2021 2253/999/2023 2248/994/337
f 2254/1000/2024 2256/1001/2025 2255/1002/2026
f 2255/1002/2026 2257/1003/2027 2254/1000/2024
f 2257/1003/2027 2258/1004/1645 2254/1000/2024
f 2259/1005/2028 2261/1003/2029 2260/1002/2030
f 2260/1002/2030 2262/1006/2031 2259/1005/2028
f 2259/1005/2028 2263/1004/2032 2261/1003/2029
f 2264/1007/2033 2266/1008/2034 2265/1009/2035
f 2266/1008/2034 2264/1007/2033 2267/1010/2036
f 2267/1010/2036 2268/1011/124 2266/1008/2034
f 2269/1008/2037 2268/1011/124 2267/1010/2036
f 2267/1010/2036 2270/1007/2038 2269/1008/2037
f 2270/1007/2038 2271/1009/2039 2269/1008/2037
f 2272/991/2040 2274/994/1675 2273/993/2041
f 2273/993/2041 2275/992/2042 2272/991/2040
f 2276/995/2043 2273/993/2041 2274/994/1675
f 2274/994/1675 2277/996/2044 2276/995/2043
f 2276/995/2043 2277/996/2044 2278/997/1660
f 2278/997/1660 2279/998/1437 2276/995/2043
f 2274/994/1675 2272/991/2040 2280/999/2045
f 2278/997/1660 2277/996/2044 2280/999/2045
f 2277/996/2044 2274/994/1675 2280/999/2045
f 2281/1000/2046 2283/1003/2047 2282/1002/2048
f 2282/1002/2048 2284/1001/2049 2281/1000/2046
f 2283/1003/2047 2281/1000/2046 2285/1004/2050
f 2286/1005/2051 2288/1006/2052 2287/1002/2053
f 2287/1002/2053 2289/1003/2054 2286/1005/2051
f 2286/1005/2051 2289/1003/2054 2290/1004/2055
f 2291/213/2056 2293/866/2057 2292/211/2058
f 2292/211/2058 2294/1012/2059 2291/213/2056
f 2295/215/2060 2296/216/2061 2291/213/2056
f 2291/213/2056 2297/1012/2057 2295/215/2060
f 2298/218/2062 2300/217/2062 2299/219/2062
f 2301/216/2060 2303/215/2063 2302/217/2064
f 2302/217/2064 2304/218/2065 2301/216/2060
f 2305/1013/2066 2307/1014/2066 2306/1015/2066
f 2306/1015/2066 2308/1016/2066 2305/1013/2066
f 2309/1016/2067 2311/1015/2068 2310/1017/2069
f 2310/1017/2069 2312/1018/2067 2309/1016/2067
f 2313/1013/2070 2315/1016/2071 2314/1019/2072
f 2314/1019/2072 2316/1020/2073 2313/1013/2070
f 2317/1014/2074 2319/1013/2075 2318/1021/2076
f 2318/1021/2076 2320/1022/2077 2317/1014/2074
f 2321/1015/2078 2323/1014/2079 2322/1023/2080
f 2322/1023/2080 2324/1024/2081 2321/1015/2078
f 2325/1025/908 2327/1026/908 2326/1027/908
f 2326/1027/908 2328/1028/908 2325/1025/908
f 2329/1028/2082 2331/1027/2083 2330/1029/2084
f 2330/1029/2084 2332/1030/2085 2329/1028/2082
f 2333/1025/2086 2335/1028/2087 2334/1031/2088
f 2334/1031/2088 2336/1032/2089 2333/1025/2086
f 2337/1026/2090 2339/1025/2091 2338/1033/2092
f 2338/1033/2092 2340/1034/2093 2337/1026/2090
f 2341/1027/2094 2343/1026/2095 2342/1035/2096
f 2342/1035/2096 2344/1036/2097 2341/1027/2094
f 2345/1034/2098 2347/1033/2099 2346/1018/2098
f 2348/1018/2066 2350/1017/2066 2349/1034/2066
f 2351/1037/2100 2353/1038/2100 2352/1022/2101
f 2354/1022/2102 2356/1021/2102 2355/1037/2102
f 2357/1013/485 2359/1014/485 2358/1015/485
f 2358/1015/485 2360/1016/485 2357/1013/485
f 2361/1016/2103 2363/1015/2104 2362/1017/2104
f 2362/1017/2104 2364/1018/2104 2361/1016/2103
f 2365/1013/2105 2367/1016/2106 2366/1019/2107
f 2366/1019/2107 2368/1020/2108 2365/1013/2105
f 2369/1014/2109 2371/1013/2110 2370/1021/2111
f 2370/1021/2111 2372/1022/2112 2369/1014/2109
f 2373/1015/2113 2375/1014/2114 2374/1023/2115
f 2374/1023/2115 2376/1024/2116 2373/1015/2113
f 2377/1025/2117 2379/1026/2117 2378/1027/2117
f 2378/1027/2117 2380/1028/2117 2377/1025/2117
f 2381/1028/2118 2383/1027/2119 2382/1029/2120
f 2382/1029/2120 2384/1030/2121 2381/1028/2118
f 2385/1025/2122 2387/1028/2123 2386/1031/2124
f 2386/1031/2124 2388/1032/2125 2385/1025/2122
f 2389/1026/2126 2391/1025/2127 2390/1033/2128
f 2390/1033/2128 2392/1034/2129 2389/1026/2126
f 2393/1027/2130 2395/1026/2131 2394/1035/2132
f 2394/1035/2132 2396/1036/2133 2393/1027/2130
f 2397/1034/2134 2399/1033/2134 2398/1018/2134
f 2400/1018/2135 2402/1017/2135 2401/1034/2135
f 2403/1037/2136 2405/1038/2136 2404/1022/2136
f 2406/1022/2137 2408/1021/2137 2407/1037/2137
f 2409/1013/2138 2411/1014/2138 2410/1015/2139
f 2410/1015/2139 2412/1016/2139 2409/1013/2138
f 2413/1016/2140 2415/1015/2141 2414/1017/2140
f 2414/1017/2140 2416/1018/2142 2413/1016/2140
f 2417/1013/2143 2419/1016/2144 2418/1019/2145
f 2418/1019/2145 2420/1020/2146 2417/1013/2143
f 2421/1014/2147 2423/1013/2148 2422/1021/2149
f 2422/1021/2149 2424/1022/2150 2421/1014/2147
f 2425/1015/2151 2427/1014/2152 2426/1023/2153
f 2426/1023/2153 2428/1024/2154 2425/1015/2151
f 2429/1025/2155 2431/1026/2155 2430/1027/2156
f 2430/1027/2156 2432/1028/2156 2429/1025/2155
f 2433/1028/2157 2435/1027/2158 2434/1029/2159
f 2434/1029/2159 2436/1030/2160 2433/1028/2157
f 2437/1025/2161 2439/1028/2162 2438/1031/2162
f 2438/1031/2162 2440/1032/2163 2437/1025/2161
f 2441/1026/2164 2443/1025/2165 2442/1033/2166
f 2442/1033/2166 2444/1034/2167 2441/1026/2164
f 2445/1027/2168 2447/1026/2169 2446/1035/2170
f 2446/1035/2170 2448/1036/2171 2445/1027/2168
f 2449/1034/2172 2451/1033/2173 2450/1018/2172
f 2450/1018/2172 2452/1017/2172 2449/1034/2172
f 2453/1037/2174 2455/1038/2174 2454/1022/2174
f 2456/1022/2175 2458/1021/2175 2457/1037/2175
f 2459/1013/2176 2461/1014/2177 2460/1015/2177
f 2460/1015/2177 2462/1016/2176 2459/1013/2176
f 2463/1016/2178 2465/1015/2179 2464/1017/2179
f 2464/1017/2179 2466/1018/2180 2463/1016/2178
f 2467/1013/2181 2469/1016/2182 2468/1019/2183
f 2468/1019/2183 2470/1020/2184 2467/1013/2181
f 2471/1014/2185 2473/1013/2186 2472/1021/2187
f 2472/1021/2187 2474/1022/2188 2471/1014/2185
f 2475/1015/2189 2477/1014/2190 2476/1023/2191
f 2476/1023/2191 2478/1024/2192 2475/1015/2189
f 2479/1025/2193 2481/1026/2194 2480/1027/2195
f 2480/1027/2195 2482/1028/2196 2479/1025/2193
f 2483/1028/2197 2485/1027/2198 2484/1029/2199
f 2484/1029/2199 2486/1030/2200 2483/1028/2197
f 2487/1025/2201 2489/1028/2202 2488/1031/2203
f 2488/1031/2203 2490/1032/2204 2487/1025/2201
f 2491/1026/2205 2493/1025/2206 2492/1033/2207
f 2492/1033/2207 2494/1034/2208 2491/1026/2205
f 2495/1027/2209 2497/1026/2210 2496/1035/2211
f 2496/1035/2211 2498/1036/2212 2495/1027/2209
f 2499/1034/2213 2501/1033/2213 2500/1018/2213
f 2502/1018/2214 2504/1017/2214 2503/1034/2214
f 2505/1037/2215 2507/1038/2215 2506/1022/2215
f 2508/1022/2216 2510/1021/2216 2509/1037/2216
f 2511/1013/2217 2513/1014/2218 2512/1015/2219
f 2512/1015/2219 2514/1016/2220 2511/1013/2217
f 2515/1016/2221 2517/1015/2221 2516/1017/2221
f 2516/1017/2221 2518/1018/2222 2515/1016/2221
f 2519/1013/2223 2521/1016/2224 2520/1019/2225
f 2520/1019/2225 2522/1020/2226 2519/1013/2223
f 2523/1014/2227 2525/1013/2228 2524/1021/2229
f 2524/1021/2229 2526/1022/2230 2523/1014/2227
f 2527/1015/2231 2529/1014/2232 2528/1023/2233
f 2528/1023/2233 2530/1024/2234 2527/1015/2231
f 2531/1025/2235 2533/1026/2235 2532/1027/2236
f 2532/1027/2236 2534/1028/2235 2531/1025/2235
f 2535/1028/2237 2537/1027/2238 2536/1029/2239
f 2536/1029/2239 2538/1030/2240 2535/1028/2237
f 2539/1025/2241 2541/1028/2242 2540/1031/2243
f 2540/1031/2243 2542/1032/2244 2539/1025/2241
f 2543/1026/2245 2545/1025/2246 2544/1033/2247
f 2544/1033/2247 2546/1034/2248 2543/1026/2245
f 2547/1027/2249 2549/1026/2250 2548/1035/2251
f 2548/1035/2251 2550/1036/2252 2547/1027/2249
f 2551/1034/2253 2553/1033/2254 2552/1018/2254
f 2554/1018/2255 2556/1017/2256 2555/1034/2257
f 2557/1039/2258 2559/1040/2259 2558/1041/2258
f 2560/1041/2260 2562/1042/2260 2561/1039/2260
f 2563/1043/2261 2565/1044/2262 2564/1045/2263
f 2564/1045/2263 2566/1046/2264 2563/1043/2261
f 2567/1047/2263 2564/1045/2263 2565/1044/2262
f 2565/1044/2262 2568/1048/2263 2567/1047/2263
f 2569/1049/2261 2563/1043/2261 2566/1046/2264
f 2566/1046/2264 2570/1050/2265 2569/1049/2261
f 2571/1051/2264 2572/1052/2264 2563/1043/2261
f 2573/1043/2266 2569/1049/2261 2571/1051/2264
f 2572/1052/2264 2571/1051/2264 2574/1053/2066
f 2574/1053/2066 2575/1054/2267 2572/1052/2264
f 2576/1055/2268 2578/1056/2269 2577/1050/2268
f 2577/1050/2268 2579/1046/2269 2576/1055/2268
f 2578/1056/2269 2576/1055/2268 2580/1057/2270
f 2580/1057/2270 2581/1058/2270 2578/1056/2269
f 2582/1058/2271 2584/1057/2271 2583/1054/2271
f 2585/1054/2272 2587/1053/2272 2586/1058/2273
f 2588/1059/2274 2590/1060/2275 2589/1054/2276
f 2591/1054/2277 2593/1057/2277 2592/1059/2277
f 2594/1013/2278 2596/1016/2278 2595/1015/2279
f 2595/1015/2279 2597/1014/2279 2594/1013/2278
f 2598/1016/2280 2600/1018/2281 2599/1017/2282
f 2599/1017/2282 2601/1015/2283 2598/1016/2280
f 2602/1013/2284 2604/1020/2285 2603/1019/2286
f 2603/1019/2286 2605/1016/2183 2602/1013/2284
f 2606/1014/2287 2608/1022/2288 2607/1021/2289
f 2607/1021/2289 2609/1013/2290 2606/1014/2287
f 2610/1015/2291 2612/1024/2292 2611/1023/2293
f 2611/1023/2293 2613/1014/2294 2610/1015/2291
f 2614/1025/2295 2616/1028/2296 2615/1027/393
f 2615/1027/393 2617/1026/2297 2614/1025/2295
f 2618/1028/2298 2620/1030/2299 2619/1029/2300
f 2619/1029/2300 2621/1027/2301 2618/1028/2298
f 2622/1025/2302 2624/1032/2303 2623/1031/2304
f 2623/1031/2304 2625/1028/2305 2622/1025/2302
f 2626/1026/2306 2628/1034/2307 2627/1033/2308
f 2627/1033/2308 2629/1025/2309 2626/1026/2306
f 2630/1027/2310 2632/1036/2311 2631/1035/2312
f 2631/1035/2312 2633/1026/1534 2630/1027/2310
f 2634/1034/2313 2636/1017/2313 2635/1018/2313
f 2637/1018/2314 2639/1033/2314 2638/1034/2314
f 2640/1037/2315 2642/1021/2315 2641/1022/2315
f 2643/1022/2316 2645/1038/2316 2644/1037/2316
f 2646/1013/2317 2648/1016/2318 2647/1015/2317
f 2647/1015/2317 2649/1014/2319 2646/1013/2317
f 2650/1016/2320 2652/1018/2321 2651/1017/2322
f 2651/1017/2322 2653/1015/2323 2650/1016/2320
f 2654/1013/2324 2656/1020/2325 2655/1019/2326
f 2655/1019/2326 2657/1016/2327 2654/1013/2324
f 2658/1014/2328 2660/1022/2329 2659/1021/2165
f 2659/1021/2165 2661/1013/2165 2658/1014/2328
f 2662/1015/2330 2664/1024/2331 2663/1023/2332
f 2663/1023/2332 2665/1014/2333 2662/1015/2330
f 2666/1025/2334 2668/1028/2335 2667/1027/2336
f 2667/1027/2336 2669/1026/2337 2666/1025/2334
f 2670/1028/2338 2672/1030/2339 2671/1029/2340
f 2671/1029/2340 2673/1027/2341 2670/1028/2338
f 2674/1025/2342 2676/1032/2343 2675/1031/2344
f 2675/1031/2344 2677/1028/2345 2674/1025/2342
f 2678/1026/2346 2680/1034/2347 2679/1033/2348
f 2679/1033/2348 2681/1025/2349 2678/1026/2346
f 2682/1027/2350 2684/1036/2169 2683/1035/2351
f 2683/1035/2351 2685/1026/2352 2682/1027/2350
f 2686/1034/588 2688/1017/588 2687/1018/588
f 2689/1018/2353 2691/1033/2353 2690/1034/2353
f 2692/1037/2354 2694/1021/2354 2693/1022/2354
f 2695/1022/2355 2697/1038/2355 2696/1037/2355
f 2698/1013/2356 2700/1016/2357 2699/1015/2357
f 2699/1015/2357 2701/1014/2357 2698/1013/2356
f 2702/1016/2358 2704/1018/2358 2703/1017/2359
f 2703/1017/2359 2705/1015/2359 2702/1016/2358
f 2706/1013/2360 2708/1020/2361 2707/1019/2362
f 2707/1019/2362 2709/1016/2363 2706/1013/2360
f 2710/1014/2364 2712/1022/2365 2711/1021/2366
f 2711/1021/2366 2713/1013/2367 2710/1014/2364
f 2714/1015/2368 2716/1024/2368 2715/1023/2369
f 2715/1023/2369 2717/1014/2369 2714/1015/2368
f 2718/1025/1793 2720/1028/1793 2719/1027/1793
f 2719/1027/1793 2721/1026/1793 2718/1025/1793
f 2722/1028/2370 2724/1030/2371 2723/1029/2372
f 2723/1029/2372 2725/1027/2373 2722/1028/2370
f 2726/1025/2374 2728/1032/1353 2727/1031/2375
f 2727/1031/2375 2729/1028/2376 2726/1025/2374
f 2730/1026/2377 2732/1034/2378 2731/1033/2379
f 2731/1033/2379 2733/1025/2380 2730/1026/2377
f 2734/1027/2381 2736/1036/2382 2735/1035/2383
f 2735/1035/2383 2737/1026/2384 2734/1027/2381
f 2738/1034/2385 2740/1017/2385 2739/1018/2386
f 2739/1018/2386 2741/1033/2387 2738/1034/2385
f 2742/1037/2388 2744/1021/2389 2743/1022/2389
f 2743/1022/2389 2745/1038/2390 2742/1037/2388
f 2746/1013/2391 2748/1016/2392 2747/1015/2391
f 2747/1015/2391 2749/1014/2393 2746/1013/2391
f 2750/1016/2394 2752/1018/2395 2751/1017/2394
f 2751/1017/2394 2753/1015/2394 2750/1016/2394
f 2754/1013/2396 2756/1020/2397 2755/1019/2398
f 2755/1019/2398 2757/1016/2399 2754/1013/2396
f 2758/1014/2400 2760/1022/2400 2759/1021/2401
f 2759/1021/2401 2761/1013/2402 2758/1014/2400
f 2762/1015/2403 2764/1024/2404 2763/1023/2405
f 2763/1023/2405 2765/1014/2406 2762/1015/2403
f 2766/1061/2407 2768/1028/2390 2767/1027/2408
f 2767/1027/2408 2769/1062/2409 2766/1061/2407
f 2770/1028/2410 2772/1030/2411 2771/1029/2412
f 2771/1029/2412 2773/1027/2413 2770/1028/2410
f 2774/1061/2414 2776/1063/2145 2775/1031/2415
f 2775/1031/2415 2777/1028/2416 2774/1061/2414
f 2778/1062/2417 2780/1064/2418 2779/1065/2419
f 2779/1065/2419 2781/1061/2417 2778/1062/2417
f 2782/1027/2420 2784/1036/2421 2783/1066/2422
f 2783/1066/2422 2785/1062/2423 2782/1027/2420
f 2786/1064/2424 2788/1017/2424 2787/1018/2424
f 2789/1018/2425 2791/1065/2425 2790/1064/2425
f 2792/1037/2426 2794/1021/2427 2793/1022/2426
f 2793/1022/2426 2795/1038/2428 2792/1037/2426
f 2796/1025/2429 2798/1028/2430 2797/1027/2431
f 2797/1027/2431 2799/1026/2432 2796/1025/2429
f 2800/1028/2433 2802/1030/2434 2801/1029/2435
f 2801/1029/2435 2803/1027/2436 2800/1028/2433
f 2804/1025/2437 2806/1032/2438 2805/1031/2439
f 2805/1031/2439 2807/1028/2440 2804/1025/2437
f 2808/1026/2441 2810/1034/2442 2809/1033/2443
f 2809/1033/2443 2811/1025/2444 2808/1026/2441
f 2812/1027/2445 2814/1036/2446 2813/1035/2447
f 2813/1035/2447 2815/1026/2448 2812/1027/2445
f 2816/1043/377 2818/1046/2449 2817/1045/2450
f 2817/1045/2450 2819/1044/935 2816/1043/377
f 2819/1044/935 2817/1045/2450 2820/1047/2451
f 2820/1047/2451 2821/1048/2452 2819/1044/935
f 2818/1046/2449 2816/1043/377 2822/1049/2453
f 2822/1049/2453 2823/1050/1123 2818/1046/2449
f 2824/1051/2454 2822/1049/2453 2816/1043/377
f 2816/1043/377 2825/1052/2455 2824/1051/2454
f 2826/1053/2456 2824/1051/2454 2827/1052/2456
f 2827/1052/2456 2828/1054/391 2826/1053/2456
f 2829/1055/2450 2831/1046/2450 2830/1050/37
f 2830/1050/37 2832/1056/2450 2829/1055/2450
f 2833/1057/2457 2829/1055/2450 2832/1056/2450
f 2832/1056/2450 2834/1058/2457 2833/1057/2457
f 2835/1058/2458 2837/1053/2458 2836/1054/2458
f 2838/1054/2456 2840/1057/2456 2839/1058/2456
f 2841/1059/2459 2840/1057/2456 2838/1054/2456
f 2842/1054/1084 2844/1060/1084 2843/1059/1084
f 2845/1067/2460 2847/1068/2022 2846/1069/2461
f 2846/1069/2461 2848/1070/2462 2845/1067/2460
f 2846/1069/2461 2847/1068/2022 2849/1071/2463
f 2849/1071/2463 2847/1068/2022 2850/1072/1593
f 2850/1072/1593 2851/1073/2464 2849/1071/2463
f 2849/1071/2463 2852/1074/2465 2846/1069/2461
f 2852/1074/2465 2849/1071/2463 2851/1073/2464
f 2848/1070/2462 2846/1069/2461 2853/1075/2466
f 2853/1075/2466 2854/1076/612 2848/1070/2462
f 2855/1077/2467 2848/1070/2462 2854/1076/612
f 2854/1076/612 2856/1078/2468 2855/1077/2467
f 2851/1073/2464 2857/1079/2469 2852/1074/2465
f 2858/1080/2470 2852/1074/2465 2857/1079/2469
f 2846/1069/2461 2852/1074/2465 2858/1080/2470
f 2858/1080/2470 2853/1075/2466 2846/1069/2461
f 2857/1079/2469 2859/1081/2471 2858/1080/2470
f 2860/1082/2472 2855/1077/2467 2856/1078/2468
f 2861/1083/2473 2855/1077/2467 2860/1082/2472
f 2848/1070/2462 2855/1077/2467 2861/1083/2473
f 2860/1082/2472 2862/1084/2474 2861/1083/2473
f 2845/1067/2460 2861/1083/2473 2862/1084/2474
f 2861/1083/2473 2845/1067/2460 2848/1070/2462
f 2862/1084/2474 2863/1085/2475 2845/1067/2460
f 2856/1078/2468 2864/1086/2476 2860/1082/2472
f 2865/1080/2477 2859/1081/2471 2857/1079/2469
f 2857/1079/2469 2866/1074/2478 2865/1080/2477
f 2867/1083/2479 2862/1084/2474 2860/1082/2472
f 2860/1082/2472 2868/1077/2480 2867/1083/2479
f 2862/1084/2474 2867/1083/2479 2869/1067/2481
f 2869/1067/2481 2863/1085/2475 2862/1084/2474
f 2863/1085/2475 2869/1067/2481 2870/1068/2482
f 2871/1069/2483 2870/1068/2482 2869/1067/2481
f 2865/1080/2477 2866/1074/2478 2871/1069/2483
f 2869/1067/2481 2872/1070/2484 2871/1069/2483
f 2872/1070/2484 2869/1067/2481 2867/1083/2479
f 2867/1083/2479 2868/1077/2480 2872/1070/2484
f 2870/1068/2482 2850/1072/1593 2863/1085/2475
f 2873/1087/638 2872/1070/2484 2868/1077/2480
f 2868/1077/2480 2874/1078/2485 2873/1087/638
f 2875/1071/2486 2870/1068/2482 2871/1069/2483
f 2871/1069/2483 2866/1074/2478 2875/1071/2486
f 2850/1072/1593 2870/1068/2482 2875/1071/2486
f 2872/1070/2484 2873/1087/638 2876/1075/2487
f 2876/1075/2487 2871/1069/2483 2872/1070/2484
f 2871/1069/2483 2876/1075/2487 2865/1080/2477
f 2851/1073/2464 2875/1071/2486 2866/1074/2478
f 2875/1071/2486 2851/1073/2464 2850/1072/1593
f 2866/1074/2478 2857/1079/2469 2851/1073/2464
f 2860/1082/2472 2864/1086/2476 2874/1078/2485
f 2874/1078/2485 2868/1077/2480 2860/1082/2472
f 2863/1085/2475 2850/1072/1593 2847/1068/2022
f 2847/1068/2022 2845/1067/2460 2863/1085/2475
f 2877/1088/2488 2879/1089/2489 2878/1090/2490
f 2878/1090/2490 2880/1091/2491 2877/1088/2488
f 2881/1092/2492 2879/1089/2489 2877/1088/2488
f 2881/1092/2492 2882/1093/47 2879/1089/2489
f 2881/1092/2492 2877/1088/2488 2883/1094/2493
f 2878/1090/2490 2879/1089/2489 2884/1095/2494
f 2884/1095/2494 2885/1091/2495 2878/1090/2490
f 2886/1092/2496 2884/1095/2494 2879/1089/2489
f 2886/1092/2496 2879/1089/2489 2882/1093/47
f 2886/1092/2496 2887/1094/2497 2884/1095/2494
f 2888/1034/2498 2890/1017/2498 2889/1018/2498
f 2889/1018/2498 2891/1033/2499 2888/1034/2498
f 2892/1096/2500 2894/1097/2501 2893/1098/2502
f 2893/1098/2502 2895/1099/2503 2892/1096/2500
f 2896/1100/2504 2892/1096/2500 2895/1099/2503
f 2895/1099/2503 2897/1101/2505 2896/1100/2504
f 593/405/559 2897/1101/2505 2895/1099/2503
f 2897/1101/2505 593/405/559 592/404/558
f 592/404/558 2898/1102/2506 2897/1101/2505
f 2899/1103/2507 2897/1101/2505 2898/1102/2506
f 2899/1103/2507 2898/1102/2506 2900/1104/2508
f 2900/1104/2508 2901/1105/2509 2899/1103/2507
f 2902/1106/2510 2900/1104/2508 2898/1102/2506
f 2898/1102/2506 2903/1107/2511 2902/1106/2510
f 2903/1107/2511 2898/1102/2506 2904/1108/2512
f 2904/1108/2512 2905/1109/2513 2903/1107/2511
f 600/412/565 2905/1109/2513 2904/1108/2512
f 590/402/556 600/412/565 2904/1108/2512
f 590/402/556 2904/1108/2512 2898/1102/2506
f 590/402/556 2898/1102/2506 592/404/558
f 2895/1099/2503 594/406/560 593/405/559
f 594/406/560 2895/1099/2503 2893/1098/2502
f 2893/1098/2502 596/408/562 594/406/560
f 596/408/562 2893/1098/2502 2906/1110/2514
f 2906/1110/2514 2893/1098/2502 2907/1111/2515
f 2906/1110/2514 2907/1111/2515 2908/1112/541
f 2906/1110/2514 597/409/563 596/408/562
f 597/409/563 2906/1110/2514 2908/1112/541
f 2908/1112/541 599/411/542 597/409/563
f 2902/1106/2510 2909/1113/2516 2900/1104/2508
f 2900/1104/2508 2909/1113/2516 2901/1105/2509
f 2910/1114/2504 2912/1115/2517 2911/1116/2518
f 2910/1114/2504 2911/1116/2518 2913/1117/2519
f 2910/1114/2504 2913/1117/2519 2914/1118/2520
f 2911/1116/2518 2912/1115/2517 2915/1119/2521
f 2915/1119/2521 2916/1120/608 2911/1116/2518
f 2911/1116/2518 2916/1120/608 2917/1121/2522
f 2917/1121/2522 2918/1122/2523 2911/1116/2518
f 2919/1123/537 2918/1122/2523 2917/1121/2522
f 2917/1121/2522 2920/1124/2524 2919/1123/537
f 2918/1122/2523 2921/1125/2525 2911/1116/2518
f 2916/1120/608 2915/1119/2521 2922/1126/2526
f 2922/1126/2526 2923/1127/2527 2916/1120/608
f 2917/1121/2522 2923/1127/2527 2920/1124/2524
f 2916/1120/608 2923/1127/2527 2917/1121/2522
f 2924/1128/2528 2922/1126/2526 2915/1119/2521
f 2915/1119/2521 2925/1129/2529 2924/1128/2528
f 2919/1123/537 2926/1130/2530 2918/1122/2523
f 2927/1131/2531 2919/1123/537 2920/1124/2524
f 2927/1131/2531 2920/1124/2524 2923/1127/2527
f 2927/1131/2531 2923/1127/2527 2928/1132/2532
f 2929/1133/2533 2924/1128/2528 2925/1129/2529
f 2925/1129/2529 2930/1134/2534 2929/1133/2533
f 2929/1133/2533 2930/1134/2534 2931/1135/2535
f 2931/1135/2535 2932/1136/2536 2929/1133/2533
f 2933/1137/2537 2932/1136/2536 2931/1135/2535
f 2932/1136/2536 2933/1137/2537 2934/1138/2538
f 2934/1138/2538 2935/1139/2539 2932/1136/2536
f 2922/1126/2526 2936/1140/2540 2923/1127/2527
f 2924/1128/2528 2936/1140/2540 2922/1126/2526
f 2932/1136/2536 2936/1140/2540 2929/1133/2533
f 2928/1132/2532 2936/1140/2540 2935/1139/2539
f 2923/1127/2527 2936/1140/2540 2928/1132/2532
f 2929/1133/2533 2936/1140/2540 2924/1128/2528
f 2935/1139/2539 2936/1140/2540 2932/1136/2536
f 2935/1139/2539 2934/1138/2538 2937/1141/2541
f 2937/1141/2541 2927/1131/2531 2928/1132/2532
f 2928/1132/2532 2935/1139/2539 2937/1141/2541
f 2938/1142/549 2931/1135/2535 2930/1134/2534
f 2930/1134/2534 2939/1143/584 2938/1142/549
f 2940/1144/2542 2939/1143/584 2930/1134/2534
f 2940/1144/2542 2930/1134/2534 2925/1129/2529
f 2939/1143/584 2941/1145/2543 2938/1142/549
f 2931/1135/2535 2938/1142/549 2942/1146/2544
f 2942/1146/2544 2933/1137/2537 2931/1135/2535
f 2933/1137/2537 2942/1146/2544 2943/1147/2545
f 2944/1148/2546 2934/1138/2538 2933/1137/2537
f 2933/1137/2537 2943/1147/2545 2944/1148/2546
f 2934/1138/2538 2944/1148/2546 2937/1141/2541
f 2943/1147/2545 2945/1149/545 2944/1148/2546
f 2946/1150/581 2940/1144/2542 2947/1151/2547
f 2947/1151/2547 2948/1152/2548 2946/1150/581
f 2948/1152/2548 2949/1153/2549 2946/1150/581
f 2925/1129/2529 2947/1151/2547 2940/1144/2542
f 2947/1151/2547 2925/1129/2529 2950/1154/570
f 2951/1155/2550 2947/1151/2547 2950/1154/570
f 2950/1154/570 2952/1156/573 2951/1155/2550
f 2952/1156/573 2953/1157/577 2951/1155/2550
f 2950/1154/570 2925/1129/2529 2915/1119/2521
f 2915/1119/2521 2954/1158/565 2950/1154/570
f 2955/1159/2551 2950/1154/570 2954/1158/565
f 2954/1158/565 2956/1160/567 2955/1159/2551
f 2956/1160/567 2957/1161/571 2955/1159/2551
f 2915/1119/2521 2912/1115/2517 2954/1158/565
f 2958/1162/2552 2954/1158/565 2912/1115/2517
f 2912/1115/2517 2959/1163/2553 2958/1162/2552
f 2960/1164/2554 2954/1158/565 2958/1162/2552
f 2961/1165/2510 2958/1162/2552 2959/1163/2553
f 2961/1165/2510 2959/1163/2553 2962/1166/2509
f 2961/1165/2510 2962/1166/2509 2963/1167/2516
f 562/374/530 563/375/531 582/394/548
f 582/394/548 585/397/551 562/374/530
f 2964/908/2555 2966/909/1496 2965/1168/1287
f 2965/1168/1287 2967/1169/1288 2964/908/2555
f 2964/908/2555 2968/910/2556 2966/909/1496
f 2896/1100/2504 2969/1170/2557 2892/1096/2500
f 2892/1096/2500 2969/1170/2557 2894/1097/2501
f 2970/1096/2558 2972/1099/2559 2971/1098/2560
f 2971/1098/2560 2973/1097/2561 2970/1096/2558
f 2972/1099/2559 2970/1096/2558 2974/1100/2562
f 2974/1100/2562 2975/1101/2563 2972/1099/2559
f 2972/1099/2559 2975/1101/2563 1541/405/1421
f 1540/404/1420 1541/405/1421 2975/1101/2563
f 2975/1101/2563 2976/1102/1121 1540/404/1420
f 2977/1103/2564 2976/1102/1121 2975/1101/2563
f 2978/1104/2565 2976/1102/1121 2977/1103/2564
f 2977/1103/2564 2979/1105/2566 2978/1104/2565
f 2976/1102/1121 2978/1104/2565 2980/1106/2567
f 2980/1106/2567 2981/1107/2568 2976/1102/1121
f 2982/1108/2569 2976/1102/1121 2981/1107/2568
f 2981/1107/2568 2983/1109/2570 2982/1108/2569
f 2984/412/2571 2982/1108/2569 2983/1109/2570
f 1538/402/1418 2982/1108/2569 2984/412/2571
f 1538/402/1418 2976/1102/1121 2982/1108/2569
f 1538/402/1418 1540/404/1420 2976/1102/1121
f 1537/401/1417 1538/402/1418 2984/412/2571
f 2984/412/2571 2985/413/2572 1537/401/1417
f 2985/413/2572 2984/412/2571 2986/414/2573
f 2986/414/2573 2987/415/2574 2985/413/2572
f 2985/413/2572 2987/415/2574 2988/416/2575
f 2988/416/2575 2989/417/2576 2985/413/2572
f 1537/401/1417 2985/413/2572 2989/417/2576
f 2987/415/2574 2986/414/2573 2990/418/2577
f 2988/416/2575 2987/415/2574 2990/418/2577
f 1537/401/1417 2989/417/2576 2991/419/1298
f 2991/419/1298 2989/417/2576 2992/420/2578
f 2992/420/2578 2993/421/2579 2991/419/1298
f 2991/419/1298 2993/421/2579 2994/422/2580
f 2994/422/2580 2995/423/2581 2991/419/1298
f 2996/424/2582 2993/421/2579 2992/420/2578
f 2994/422/2580 2993/421/2579 2996/424/2582
f 2991/419/1298 2995/423/2581 1548/398/1427
f 1548/398/1427 2995/423/2581 2997/425/2583
f 2998/426/2584 2997/425/2583 2995/423/2581
f 2999/427/2585 2997/425/2583 2998/426/2584
f 1548/398/1427 2997/425/2583 2999/427/2585
f 2998/426/2584 3000/428/2586 2999/427/2585
f 2995/423/2581 3001/429/2587 2998/426/2584
f 3000/428/2586 2998/426/2584 3002/430/2588
f 2998/426/2584 3001/429/2587 3002/430/2588
f 1549/396/1428 1548/398/1427 2999/427/2585
f 2999/427/2585 3003/431/2589 1549/396/1428
f 3004/432/2590 1549/396/1428 3003/431/2589
f 3004/432/2590 3003/431/2589 3005/433/2591
f 1551/395/1430 3004/432/2590 3005/433/2591
f 1551/395/1430 1549/396/1428 3004/432/2590
f 1548/398/1427 1536/399/1416 2991/419/1298
f 1536/399/1416 1537/401/1417 2991/419/1298
f 3006/1114/2592 3008/1118/2593 3007/1117/2561
f 3006/1114/2592 3007/1117/2561 3009/1116/2594
f 3006/1114/2592 3009/1116/2594 3010/1115/2563
f 3011/1119/2595 3010/1115/2563 3009/1116/2594
f 3009/1116/2594 3012/1120/2596 3011/1119/2595
f 3013/1121/2597 3012/1120/2596 3009/1116/2594
f 3009/1116/2594 3014/1122/1442 3013/1121/2597
f 3013/1121/2597 3014/1122/1442 3015/1123/1438
f 3015/1123/1438 3016/1124/2598 3013/1121/2597
f 3014/1122/1442 3009/1116/2594 3017/1125/2599
f 3018/1126/2600 3011/1119/2595 3012/1120/2596
f 3012/1120/2596 3019/1127/2601 3018/1126/2600
f 3013/1121/2597 3016/1124/2598 3019/1127/2601
f 3012/1120/2596 3013/1121/2597 3019/1127/2601
f 3011/1119/2595 3018/1126/2600 3020/1128/2602
f 3020/1128/2602 3021/1129/2603 3011/1119/2595
f 3015/1123/1438 3014/1122/1442 3022/1130/1441
f 3023/1131/1436 3019/1127/2601 3016/1124/2598
f 3023/1131/1436 3016/1124/2598 3015/1123/1438
f 3023/1131/1436 3024/1132/2604 3019/1127/2601
f 3021/1129/2603 3020/1128/2602 3025/1133/2605
f 3025/1133/2605 3026/1134/2606 3021/1129/2603
f 3027/1135/2607 3026/1134/2606 3025/1133/2605
f 3025/1133/2605 3028/1136/2608 3027/1135/2607
f 3029/1137/2609 3027/1135/2607 3028/1136/2608
f 3030/1138/2610 3029/1137/2609 3028/1136/2608
f 3028/1136/2608 3031/1139/2611 3030/1138/2610
f 3018/1126/2600 3019/1127/2601 3032/1140/2612
f 3020/1128/2602 3018/1126/2600 3032/1140/2612
f 3028/1136/2608 3025/1133/2605 3032/1140/2612
f 3024/1132/2604 3031/1139/2611 3032/1140/2612
f 3019/1127/2601 3024/1132/2604 3032/1140/2612
f 3025/1133/2605 3020/1128/2602 3032/1140/2612
f 3031/1139/2611 3028/1136/2608 3032/1140/2612
f 3031/1139/2611 3033/1141/2613 3030/1138/2610
f 3033/1141/2613 3024/1132/2604 3023/1131/1436
f 3024/1132/2604 3033/1141/2613 3031/1139/2611
f 3026/1134/2606 3027/1135/2607 3034/1142/1430
f 3034/1142/1430 3035/1143/2589 3026/1134/2606
f 3036/1144/2585 3026/1134/2606 3035/1143/2589
f 3021/1129/2603 3026/1134/2606 3036/1144/2585
f 3035/1143/2589 3034/1142/1430 3037/1145/2614
f 3027/1135/2607 3029/1137/2609 3038/1146/960
f 3038/1146/960 3034/1142/1430 3027/1135/2607
f 3029/1137/2609 3039/1147/2615 3038/1146/960
f 3040/1148/2616 3039/1147/2615 3029/1137/2609
f 3029/1137/2609 3030/1138/2610 3040/1148/2616
f 3030/1138/2610 3033/1141/2613 3040/1148/2616
f 3039/1147/2615 3040/1148/2616 3041/1149/1445
f 3042/1151/2617 3036/1144/2585 3043/1150/2586
f 3043/1150/2586 3044/1152/2618 3042/1151/2617
f 3044/1152/2618 3043/1150/2586 3045/1153/2588
f 3036/1144/2585 3042/1151/2617 3021/1129/2603
f 3042/1151/2617 3046/1154/2576 3021/1129/2603
f 3046/1154/2576 3042/1151/2617 3047/1155/2580
f 3047/1155/2580 3048/1156/2578 3046/1154/2576
f 3048/1156/2578 3047/1155/2580 3049/1157/2582
f 3011/1119/2595 3021/1129/2603 3046/1154/2576
f 3046/1154/2576 3050/1158/2619 3011/1119/2595
f 3050/1158/2619 3046/1154/2576 3051/1159/2575
f 3051/1159/2575 3052/1160/2573 3050/1158/2619
f 3052/1160/2573 3051/1159/2575 3053/1161/2577
f 3011/1119/2595 3050/1158/2619 3010/1115/2563
f 3010/1115/2563 3050/1158/2619 3054/1162/2620
f 3054/1162/2620 3055/1163/2621 3010/1115/2563
f 3056/1164/2622 3054/1162/2620 3050/1158/2619
f 3057/1165/2623 3055/1163/2621 3054/1162/2620
f 3057/1165/2623 3058/1166/2624 3055/1163/2621
f 3057/1165/2623 3059/1167/2625 3058/1166/2624
f 3060/1110/2626 3062/1112/1442 3061/1111/2627
f 3060/1110/2626 3061/1111/2627 2971/1098/2560
f 3060/1110/2626 2971/1098/2560 1544/408/1423
f 1542/406/1422 1544/408/1423 2971/1098/2560
f 2971/1098/2560 2972/1099/2559 1542/406/1422
f 1541/405/1421 1542/406/1422 2972/1099/2559
f 1544/408/1423 1545/409/1424 3060/1110/2626
f 3062/1112/1442 3060/1110/2626 1545/409/1424
f 1545/409/1424 1547/411/1426 3062/1112/1442
f 1546/410/1425 1543/407/1338 1531/373/1412
f 1531/373/1412 1530/372/1411 1546/410/1425
f 2980/1106/2567 2978/1104/2565 3063/1113/2628
f 2978/1104/2565 2979/1105/2566 3063/1113/2628
f 2974/1100/2562 2970/1096/2558 3064/1170/2593
f 2970/1096/2558 2973/1097/2561 3064/1170/2593
f 3065/1171/2629 3067/1172/2630 3066/1173/2631
f 3066/1173/2631 3068/1174/2632 3065/1171/2629
f 3069/1175/2633 3068/1174/2632 3066/1173/2631
f 3069/1175/2633 3066/1173/2631 3070/1176/2634
f 3071/1177/2635 3067/1172/2630 3065/1171/2629
f 3065/1171/2629 3072/1178/2636 3071/1177/2635
f 3073/1179/2637 3068/1174/2632 3069/1175/2633
f 3073/1179/2637 3069/1175/2633 3074/1180/2638
f 3074/1180/2638 3069/1175/2633 3070/1176/2634
f 3073/1179/2637 3074/1180/2638 3075/1181/2639
f 3075/1181/2639 3076/1182/2640 3073/1179/2637
f 3068/1174/2632 3073/1179/2637 3077/1183/2641
f 3077/1183/2641 3078/1184/2642 3068/1174/2632
f 3079/1185/2643 3078/1184/2642 3077/1183/2641
f 3077/1183/2641 3080/1186/2644 3079/1185/2643
f 3081/1187/2645 3079/1185/2643 3080/1186/2644
f 3080/1186/2644 3082/1188/2646 3081/1187/2645
f 3070/1176/2634 3083/1189/2647 3074/1180/2638
f 3083/1189/2647 3070/1176/2634 3084/1190/2648
f 3084/1190/2648 3085/1191/2649 3083/1189/2647
f 3085/1191/2649 3084/1190/2648 3086/1192/2650
f 3086/1192/2650 3087/1193/2651 3085/1191/2649
f 3088/1194/2652 3090/1195/2653 3089/1196/870
f 3088/1194/2652 3089/1196/870 3091/1197/2654
f 3090/1195/2653 3092/1198/2655 3089/1196/870
f 3093/1199/2645 3092/1198/2655 3090/1195/2653
f 3090/1195/2653 3094/1200/2643 3093/1199/2645
f 3095/1201/2656 3088/1194/2652 3091/1197/2654
f 3088/1194/2652 3095/1201/2656 3096/1202/2657
f 3097/1203/2658 3096/1202/2657 3095/1201/2656
f 3097/1203/2658 3095/1201/2656 3098/1204/2659
f 3099/1205/2660 3098/1204/2659 3095/1201/2656
f 3091/1197/2654 3100/1206/2661 3095/1201/2656
f 3095/1201/2656 3100/1206/2661 3099/1205/2660
f 3100/1206/2661 3091/1197/2654 3101/1207/2662
f 3091/1197/2654 3089/1196/870 3101/1207/2662
f 3102/1208/1185 3100/1206/2661 3101/1207/2662
f 3102/1208/1185 3101/1207/2662 3103/1209/2637
f 3103/1209/2637 3101/1207/2662 3104/1210/2663
f 3104/1210/2663 3101/1207/2662 3089/1196/870
f 3105/1211/2640 3102/1208/1185 3103/1209/2637
f 3106/1212/2664 3092/1198/2655 3093/1199/2645
f 3093/1199/2645 3107/1213/2665 3106/1212/2664
f 3106/1212/2664 3107/1213/2665 3108/1214/2666
f 3108/1214/2666 3109/1215/2667 3106/1212/2664
f 3104/1210/2663 3106/1212/2664 3109/1215/2667
f 3104/1210/2663 3109/1215/2667 3103/1209/2637
f 3097/1203/2658 3110/1216/187 3096/1202/2657
f 3096/1202/2657 3110/1216/187 3111/1217/2668
f 3112/1218/2669 3111/1217/2668 3110/1216/187
f 3110/1216/187 3113/1219/2635 3112/1218/2669
f 3111/1217/2668 3112/1218/2669 3114/1220/2670
f 3115/1221/2629 3111/1217/2668 3114/1220/2670
f 3114/1220/2670 3116/1222/2671 3115/1221/2629
f 3116/1222/2671 3114/1220/2670 3112/1218/2669
f 3112/1218/2669 3113/1219/2635 3116/1222/2671
f 3111/1217/2668 3115/1221/2629 3088/1194/2652
f 3106/1212/2664 3104/1210/2663 3089/1196/870
f 3089/1196/870 3092/1198/2655 3106/1212/2664
f 3088/1194/2652 3096/1202/2657 3111/1217/2668
f 3098/1204/2659 3118/1223/2672 3117/1224/2673
f 3098/1204/2659 3119/1225/2638 3118/1223/2672
f 3119/1225/2638 3120/1226/2674 3118/1223/2672
f 3120/1226/2674 3121/1227/2675 3118/1223/2672
f 3118/1223/2672 3121/1227/2675 3117/1224/2673
f 3120/1226/2674 3122/1228/2649 3121/1227/2675
f 3123/1229/2676 3121/1227/2675 3122/1228/2649
f 3122/1228/2649 3124/1230/2677 3123/1229/2676
f 3125/1231/2678 3121/1227/2675 3123/1229/2676
f 3126/1232/2648 3121/1227/2675 3125/1231/2678
f 3117/1224/2673 3121/1227/2675 3126/1232/2648
f 3125/1231/2678 3127/1233/2650 3126/1232/2648
f 3127/1233/2650 3125/1231/2678 3123/1229/2676
f 3123/1229/2676 3124/1230/2677 3127/1233/2650
f 3117/1224/2673 3097/1203/2658 3098/1204/2659
f 3128/1171/2679 3130/1174/2680 3129/1173/2681
f 3129/1173/2681 3131/1172/2682 3128/1171/2679
f 3132/1175/2683 3129/1173/2681 3130/1174/2680
f 3132/1175/2683 3133/1176/2684 3129/1173/2681
f 3128/1171/2679 3131/1172/2682 3134/1177/2685
f 3134/1177/2685 3135/1178/2686 3128/1171/2679
f 3136/1179/2687 3132/1175/2683 3130/1174/2680
f 3136/1179/2687 3137/1180/2688 3132/1175/2683
f 3133/1176/2684 3132/1175/2683 3137/1180/2688
f 3138/1181/2689 3137/1180/2688 3136/1179/2687
f 3136/1179/2687 3139/1182/2690 3138/1181/2689
f 3140/1183/2691 3136/1179/2687 3130/1174/2680
f 3130/1174/2680 3141/1184/2692 3140/1183/2691
f 3140/1183/2691 3141/1184/2692 3142/1185/2693
f 3142/1185/2693 3143/1186/2694 3140/1183/2691
f 3143/1186/2694 3142/1185/2693 3144/1187/2695
f 3144/1187/2695 3145/1188/2696 3143/1186/2694
f 3137/1180/2688 3146/1189/2697 3133/1176/2684
f 3147/1190/2698 3133/1176/2684 3146/1189/2697
f 3146/1189/2697 3148/1191/2699 3147/1190/2698
f 3149/1192/2700 3147/1190/2698 3148/1191/2699
f 3148/1191/2699 3150/1193/2701 3149/1192/2700
f 3151/1194/2702 3153/1196/2703 3152/1195/2692
f 3151/1194/2702 3154/1197/2704 3153/1196/2703
f 3152/1195/2692 3153/1196/2703 3155/1198/195
f 3152/1195/2692 3155/1198/195 3156/1199/2705
f 3156/1199/2705 3157/1200/2693 3152/1195/2692
f 3158/1201/2706 3154/1197/2704 3151/1194/2702
f 3151/1194/2702 3159/1202/1582 3158/1201/2706
f 3160/1203/2707 3158/1201/2706 3159/1202/1582
f 3160/1203/2707 3161/1204/2708 3158/1201/2706
f 3162/1205/2709 3158/1201/2706 3161/1204/2708
f 3154/1197/2704 3158/1201/2706 3163/1206/2710
f 3158/1201/2706 3162/1205/2709 3163/1206/2710
f 3163/1206/2710 3164/1207/2711 3154/1197/2704
f 3154/1197/2704 3164/1207/2711 3153/1196/2703
f 3165/1208/1865 3164/1207/2711 3163/1206/2710
f 3165/1208/1865 3166/1209/2687 3164/1207/2711
f 3166/1209/2687 3167/1210/2712 3164/1207/2711
f 3167/1210/2712 3153/1196/2703 3164/1207/2711
f 3168/1211/2690 3166/1209/2687 3165/1208/1865
f 3156/1199/2705 3155/1198/195 3169/1212/2713
f 3169/1212/2713 3170/1213/2696 3156/1199/2705
f 3171/1214/2714 3170/1213/2696 3169/1212/2713
f 3169/1212/2713 3172/1215/2715 3171/1214/2714
f 3167/1210/2712 3172/1215/2715 3169/1212/2713
f 3167/1210/2712 3166/1209/2687 3172/1215/2715
f 3160/1203/2707 3159/1202/1582 3173/1216/2716
f 3159/1202/1582 3174/1217/2717 3173/1216/2716
f 3173/1216/2716 3174/1217/2717 3175/1218/2718
f 3175/1218/2718 3176/1219/2719 3173/1216/2716
f 3174/1217/2717 3177/1220/2720 3175/1218/2718
f 3177/1220/2720 3174/1217/2717 3178/1221/2679
f 3178/1221/2679 3179/1222/2721 3177/1220/2720
f 3179/1222/2721 3176/1219/2719 3175/1218/2718
f 3175/1218/2718 3177/1220/2720 3179/1222/2721
f 3174/1217/2717 3151/1194/2702 3178/1221/2679
f 3153/1196/2703 3167/1210/2712 3169/1212/2713
f 3169/1212/2713 3155/1198/195 3153/1196/2703
f 3151/1194/2702 3174/1217/2717 3159/1202/1582
f 3161/1204/2708 3181/1224/2722 3180/1223/2723
f 3161/1204/2708 3180/1223/2723 3182/1225/2724
f 3182/1225/2724 3180/1223/2723 3183/1226/2697
f 3183/1226/2697 3180/1223/2723 3184/1227/2725
f 3180/1223/2723 3181/1224/2722 3184/1227/2725
f 3183/1226/2697 3184/1227/2725 3185/1228/2726
f 3185/1228/2726 3184/1227/2725 3186/1229/2727
f 3186/1229/2727 3187/1230/2701 3185/1228/2726
f 3188/1231/2728 3186/1229/2727 3184/1227/2725
f 3188/1231/2728 3184/1227/2725 3189/1232/2698
f 3181/1224/2722 3189/1232/2698 3184/1227/2725
f 3189/1232/2698 3190/1233/2700 3188/1231/2728
f 3190/1233/2700 3187/1230/2701 3186/1229/2727
f 3186/1229/2727 3188/1231/2728 3190/1233/2700
f 3181/1224/2722 3161/1204/2708 3160/1203/2707
f 3191/1234/2729 3193/1235/2730 3192/1236/2731
f 3192/1236/2731 3194/1237/2732 3191/1234/2729
f 3195/1238/2733 3194/1237/2732 3192/1236/2731
f 3196/1239/2734 3191/1234/2729 3194/1237/2732
f 3197/1240/2735 3191/1234/2729 3196/1239/2734
f 3198/1241/2736 3191/1234/2729 3197/1240/2735
f 3191/1234/2729 3198/1241/2736 3193/1235/2730
f 3194/1237/2732 3199/1242/2737 3196/1239/2734
f 3194/1237/2732 3200/1243/2738 3199/1242/2737
f 3194/1237/2732 3201/1244/2739 3200/1243/2738
f 3194/1237/2732 3195/1238/2733 3201/1244/2739
f 3192/1236/2731 3193/1235/2730 3202/1245/2740
f 3202/1245/2740 3203/1246/2741 3192/1236/2731
f 3195/1238/2733 3192/1236/2731 3203/1246/2741
f 3200/1243/2738 3201/1244/2739 3204/1247/2742
f 3204/1247/2742 3205/1248/2017 3200/1243/2738
f 3199/1242/2737 3200/1243/2738 3205/1248/2017
f 3196/1239/2734 3199/1242/2737 3206/1249/2743
f 3205/1248/2017 3206/1249/2743 3199/1242/2737
f 3206/1249/2743 3207/1250/2744 3196/1239/2734
f 3197/1240/2735 3196/1239/2734 3207/1250/2744
f 3203/1246/2741 3208/1251/2745 3195/1238/2733
f 3208/1251/2745 3204/1247/2742 3201/1244/2739
f 3201/1244/2739 3195/1238/2733 3208/1251/2745
f 3209/1252/503 3202/1245/2740 3193/1235/2730
f 3193/1235/2730 3198/1241/2736 3209/1252/503
f 3207/1250/2744 3210/1253/2746 3197/1240/2735
f 3210/1253/2746 3209/1252/503 3198/1241/2736
f 3198/1241/2736 3197/1240/2735 3210/1253/2746
f 3211/1234/2747 3213/1237/2748 3212/1236/2749
f 3212/1236/2749 3214/1235/2750 3211/1234/2747
f 3215/1238/2751 3212/1236/2749 3213/1237/2748
f 3213/1237/2748 3211/1234/2747 3216/1239/2752
f 3217/1240/2753 3216/1239/2752 3211/1234/2747
f 3218/1241/2754 3217/1240/2753 3211/1234/2747
f 3211/1234/2747 3214/1235/2750 3218/1241/2754
f 3216/1239/2752 3219/1242/2755 3213/1237/2748
f 3213/1237/2748 3219/1242/2755 3220/1243/2756
f 3213/1237/2748 3220/1243/2756 3221/1244/2757
f 3213/1237/2748 3221/1244/2757 3215/1238/2751
f 3222/1245/2758 3214/1235/2750 3212/1236/2749
f 3212/1236/2749 3223/1246/2759 3222/1245/2758
f 3223/1246/2759 3212/1236/2749 3215/1238/2751
f 3224/1247/2760 3221/1244/2757 3220/1243/2756
f 3220/1243/2756 3225/1248/2040 3224/1247/2760
f 3225/1248/2040 3220/1243/2756 3219/1242/2755
f 3226/1249/2761 3219/1242/2755 3216/1239/2752
f 3219/1242/2755 3226/1249/2761 3225/1248/2040
f 3216/1239/2752 3227/1250/2762 3226/1249/2761
f 3227/1250/2762 3216/1239/2752 3217/1240/2753
f 3215/1238/2751 3228/1251/2763 3223/1246/2759
f 3228/1251/2763 3215/1238/2751 3221/1244/2757
f 3221/1244/2757 3224/1247/2760 3228/1251/2763
f 3229/1252/1385 3218/1241/2754 3214/1235/2750
f 3214/1235/2750 3222/1245/2758 3229/1252/1385
f 3217/1240/2753 3230/1253/2764 3227/1250/2762
f 3230/1253/2764 3217/1240/2753 3218/1241/2754
f 3218/1241/2754 3229/1252/1385 3230/1253/2764
f 3231/967/2765 3233/689/2766 3232/688/2767
f 3232/688/2767 3233/689/2766 3234/1254/2768
f 3234/1254/2768 3235/686/2769 3232/688/2767
f 3235/686/2769 3234/1254/2768 3236/968/2770
f 3236/968/2770 3237/109/2771 3235/686/2769
f 548/343/516 529/342/499 532/345/502
f 532/345/502 544/357/513 548/343/516
